criterion_id,risk_threshold,void_threshold,contact_threshold,is_baseline_rule,current_density_mA_cm2,stress_case,stress_label,stress_index,baseline_threshold_status,baseline_highest_unstable_pressure_MPa,baseline_lowest_stable_pressure_MPa,baseline_threshold_midpoint_MPa,variant_threshold_status,variant_highest_unstable_pressure_MPa,variant_lowest_stable_pressure_MPa,variant_bracket_width_MPa,variant_threshold_midpoint_MPa,midpoint_shift_vs_baseline_MPa,mixed_pressure_MPa,tested_pressures_MPa,pressure_hierarchy_preserved_for_current
rule_001,0.58,0.48,0.5,False,2.0,opening_biased,Opening-biased,-1.0,threshold_found,3.0,3.25,3.125,threshold_found,2.5,3.0,0.5,2.75,-0.375,,0.2;0.3;0.4;0.5;0.7;1;1.2;1.4;1.6;2;2.5;3;3.25,True
rule_001,0.58,0.48,0.5,False,2.0,neutral,Neutral,0.0,threshold_found,0.7,0.85,0.7749999999999999,threshold_found,0.85,1.0,0.15000000000000002,0.925,0.15000000000000013,,0.2;0.3;0.4;0.5;0.7;0.85;1,True
rule_001,0.58,0.48,0.5,False,2.0,filling_biased,Filling-biased,1.0,stable_at_lowest_tested,,0.2,,stable_at_lowest_tested,,0.2,,,,,0.2,True
rule_001,0.58,0.48,0.5,False,4.0,opening_biased,Opening-biased,-1.0,threshold_found,3.5,3.75,3.625,threshold_found,3.0,3.25,0.25,3.125,-0.5,,0.2;0.3;0.4;0.5;0.7;1;1.2;1.4;1.6;2;2.5;3;3.25;3.5;3.75,True
rule_001,0.58,0.48,0.5,False,4.0,neutral,Neutral,0.0,threshold_found,1.4,1.6,1.5,threshold_found,1.4,1.6,0.20000000000000018,1.5,0.0,,0.2;0.3;0.4;0.5;0.7;1;1.2;1.4;1.6,True
rule_001,0.58,0.48,0.5,False,4.0,filling_biased,Filling-biased,1.0,threshold_found,0.3,0.4,0.35,threshold_found,0.3,0.4,0.10000000000000003,0.35,0.0,,0.2;0.3;0.4,True
rule_001,0.58,0.48,0.5,False,6.0,opening_biased,Opening-biased,-1.0,threshold_found,3.75,4.0,3.875,threshold_found,3.5,3.75,0.25,3.625,-0.25,,0.2;0.3;0.4;0.5;0.7;1;1.2;1.4;1.6;2;2.5;3;3.25;3.5;3.75;4,False
rule_001,0.58,0.48,0.5,False,6.0,neutral,Neutral,0.0,threshold_found,2.0,2.25,2.125,threshold_found,2.0,2.25,0.25,2.125,0.0,,0.2;0.3;0.4;0.5;0.7;1;1.2;1.4;1.6;2;2.25;2.5,False
rule_001,0.58,0.48,0.5,False,6.0,filling_biased,Filling-biased,1.0,threshold_found,0.3,0.4,0.35,censored_above_highest_tested,0.4,,,,,,0.2;0.3;0.4,False
rule_002,0.58,0.48,0.55,False,2.0,opening_biased,Opening-biased,-1.0,threshold_found,3.0,3.25,3.125,threshold_found,3.0,3.25,0.25,3.125,0.0,,0.2;0.3;0.4;0.5;0.7;1;1.2;1.4;1.6;2;2.5;3;3.25,False
rule_002,0.58,0.48,0.55,False,2.0,neutral,Neutral,0.0,threshold_found,0.7,0.85,0.7749999999999999,censored_above_highest_tested,1.0,,,,,,0.2;0.3;0.4;0.5;0.7;0.85;1,False
rule_002,0.58,0.48,0.55,False,2.0,filling_biased,Filling-biased,1.0,stable_at_lowest_tested,,0.2,,stable_at_lowest_tested,,0.2,,,,,0.2,False
rule_002,0.58,0.48,0.55,False,4.0,opening_biased,Opening-biased,-1.0,threshold_found,3.5,3.75,3.625,threshold_found,3.5,3.75,0.25,3.625,0.0,,0.2;0.3;0.4;0.5;0.7;1;1.2;1.4;1.6;2;2.5;3;3.25;3.5;3.75,False
rule_002,0.58,0.48,0.55,False,4.0,neutral,Neutral,0.0,threshold_found,1.4,1.6,1.5,censored_above_highest_tested,1.6,,,,,,0.2;0.3;0.4;0.5;0.7;1;1.2;1.4;1.6,False
rule_002,0.58,0.48,0.55,False,4.0,filling_biased,Filling-biased,1.0,threshold_found,0.3,0.4,0.35,threshold_found,0.3,0.4,0.10000000000000003,0.35,0.0,,0.2;0.3;0.4,False
rule_002,0.58,0.48,0.55,False,6.0,opening_biased,Opening-biased,-1.0,threshold_found,3.75,4.0,3.875,censored_above_highest_tested,4.0,,,,,,0.2;0.3;0.4;0.5;0.7;1;1.2;1.4;1.6;2;2.5;3;3.25;3.5;3.75;4,False
rule_002,0.58,0.48,0.55,False,6.0,neutral,Neutral,0.0,threshold_found,2.0,2.25,2.125,threshold_found,2.0,2.25,0.25,2.125,0.0,,0.2;0.3;0.4;0.5;0.7;1;1.2;1.4;1.6;2;2.25;2.5,False
rule_002,0.58,0.48,0.55,False,6.0,filling_biased,Filling-biased,1.0,threshold_found,0.3,0.4,0.35,censored_above_highest_tested,0.4,,,,,,0.2;0.3;0.4,False
rule_003,0.58,0.48,0.6,False,2.0,opening_biased,Opening-biased,-1.0,threshold_found,3.0,3.25,3.125,censored_above_highest_tested,3.25,,,,,,0.2;0.3;0.4;0.5;0.7;1;1.2;1.4;1.6;2;2.5;3;3.25,False
rule_003,0.58,0.48,0.6,False,2.0,neutral,Neutral,0.0,threshold_found,0.7,0.85,0.7749999999999999,censored_above_highest_tested,1.0,,,,,,0.2;0.3;0.4;0.5;0.7;0.85;1,False
rule_003,0.58,0.48,0.6,False,2.0,filling_biased,Filling-biased,1.0,stable_at_lowest_tested,,0.2,,stable_at_lowest_tested,,0.2,,,,,0.2,False
rule_003,0.58,0.48,0.6,False,4.0,opening_biased,Opening-biased,-1.0,threshold_found,3.5,3.75,3.625,censored_above_highest_tested,3.75,,,,,,0.2;0.3;0.4;0.5;0.7;1;1.2;1.4;1.6;2;2.5;3;3.25;3.5;3.75,False
rule_003,0.58,0.48,0.6,False,4.0,neutral,Neutral,0.0,threshold_found,1.4,1.6,1.5,censored_above_highest_tested,1.6,,,,,,0.2;0.3;0.4;0.5;0.7;1;1.2;1.4;1.6,False
rule_003,0.58,0.48,0.6,False,4.0,filling_biased,Filling-biased,1.0,threshold_found,0.3,0.4,0.35,threshold_found,0.3,0.4,0.10000000000000003,0.35,0.0,,0.2;0.3;0.4,False
rule_003,0.58,0.48,0.6,False,6.0,opening_biased,Opening-biased,-1.0,threshold_found,3.75,4.0,3.875,censored_above_highest_tested,4.0,,,,,,0.2;0.3;0.4;0.5;0.7;1;1.2;1.4;1.6;2;2.5;3;3.25;3.5;3.75;4,False
rule_003,0.58,0.48,0.6,False,6.0,neutral,Neutral,0.0,threshold_found,2.0,2.25,2.125,threshold_found,2.25,2.5,0.25,2.375,0.25,,0.2;0.3;0.4;0.5;0.7;1;1.2;1.4;1.6;2;2.25;2.5,False
rule_003,0.58,0.48,0.6,False,6.0,filling_biased,Filling-biased,1.0,threshold_found,0.3,0.4,0.35,censored_above_highest_tested,0.4,,,,,,0.2;0.3;0.4,False
rule_004,0.58,0.5,0.5,False,2.0,opening_biased,Opening-biased,-1.0,threshold_found,3.0,3.25,3.125,threshold_found,2.5,3.0,0.5,2.75,-0.375,,0.2;0.3;0.4;0.5;0.7;1;1.2;1.4;1.6;2;2.5;3;3.25,True
rule_004,0.58,0.5,0.5,False,2.0,neutral,Neutral,0.0,threshold_found,0.7,0.85,0.7749999999999999,threshold_found,0.85,1.0,0.15000000000000002,0.925,0.15000000000000013,,0.2;0.3;0.4;0.5;0.7;0.85;1,True
rule_004,0.58,0.5,0.5,False,2.0,filling_biased,Filling-biased,1.0,stable_at_lowest_tested,,0.2,,stable_at_lowest_tested,,0.2,,,,,0.2,True
rule_004,0.58,0.5,0.5,False,4.0,opening_biased,Opening-biased,-1.0,threshold_found,3.5,3.75,3.625,threshold_found,3.0,3.25,0.25,3.125,-0.5,,0.2;0.3;0.4;0.5;0.7;1;1.2;1.4;1.6;2;2.5;3;3.25;3.5;3.75,True
rule_004,0.58,0.5,0.5,False,4.0,neutral,Neutral,0.0,threshold_found,1.4,1.6,1.5,threshold_found,1.4,1.6,0.20000000000000018,1.5,0.0,,0.2;0.3;0.4;0.5;0.7;1;1.2;1.4;1.6,True
rule_004,0.58,0.5,0.5,False,4.0,filling_biased,Filling-biased,1.0,threshold_found,0.3,0.4,0.35,threshold_found,0.3,0.4,0.10000000000000003,0.35,0.0,,0.2;0.3;0.4,True
rule_004,0.58,0.5,0.5,False,6.0,opening_biased,Opening-biased,-1.0,threshold_found,3.75,4.0,3.875,threshold_found,3.5,3.75,0.25,3.625,-0.25,,0.2;0.3;0.4;0.5;0.7;1;1.2;1.4;1.6;2;2.5;3;3.25;3.5;3.75;4,True
rule_004,0.58,0.5,0.5,False,6.0,neutral,Neutral,0.0,threshold_found,2.0,2.25,2.125,threshold_found,2.0,2.25,0.25,2.125,0.0,,0.2;0.3;0.4;0.5;0.7;1;1.2;1.4;1.6;2;2.25;2.5,True
rule_004,0.58,0.5,0.5,False,6.0,filling_biased,Filling-biased,1.0,threshold_found,0.3,0.4,0.35,threshold_found,0.3,0.4,0.10000000000000003,0.35,0.0,,0.2;0.3;0.4,True
rule_005,0.58,0.5,0.55,False,2.0,opening_biased,Opening-biased,-1.0,threshold_found,3.0,3.25,3.125,threshold_found,3.0,3.25,0.25,3.125,0.0,,0.2;0.3;0.4;0.5;0.7;1;1.2;1.4;1.6;2;2.5;3;3.25,False
rule_005,0.58,0.5,0.55,False,2.0,neutral,Neutral,0.0,threshold_found,0.7,0.85,0.7749999999999999,censored_above_highest_tested,1.0,,,,,,0.2;0.3;0.4;0.5;0.7;0.85;1,False
rule_005,0.58,0.5,0.55,False,2.0,filling_biased,Filling-biased,1.0,stable_at_lowest_tested,,0.2,,stable_at_lowest_tested,,0.2,,,,,0.2,False
rule_005,0.58,0.5,0.55,False,4.0,opening_biased,Opening-biased,-1.0,threshold_found,3.5,3.75,3.625,threshold_found,3.5,3.75,0.25,3.625,0.0,,0.2;0.3;0.4;0.5;0.7;1;1.2;1.4;1.6;2;2.5;3;3.25;3.5;3.75,False
rule_005,0.58,0.5,0.55,False,4.0,neutral,Neutral,0.0,threshold_found,1.4,1.6,1.5,censored_above_highest_tested,1.6,,,,,,0.2;0.3;0.4;0.5;0.7;1;1.2;1.4;1.6,False
rule_005,0.58,0.5,0.55,False,4.0,filling_biased,Filling-biased,1.0,threshold_found,0.3,0.4,0.35,threshold_found,0.3,0.4,0.10000000000000003,0.35,0.0,,0.2;0.3;0.4,False
rule_005,0.58,0.5,0.55,False,6.0,opening_biased,Opening-biased,-1.0,threshold_found,3.75,4.0,3.875,censored_above_highest_tested,4.0,,,,,,0.2;0.3;0.4;0.5;0.7;1;1.2;1.4;1.6;2;2.5;3;3.25;3.5;3.75;4,False
rule_005,0.58,0.5,0.55,False,6.0,neutral,Neutral,0.0,threshold_found,2.0,2.25,2.125,threshold_found,2.0,2.25,0.25,2.125,0.0,,0.2;0.3;0.4;0.5;0.7;1;1.2;1.4;1.6;2;2.25;2.5,False
rule_005,0.58,0.5,0.55,False,6.0,filling_biased,Filling-biased,1.0,threshold_found,0.3,0.4,0.35,censored_above_highest_tested,0.4,,,,,,0.2;0.3;0.4,False
rule_006,0.58,0.5,0.6,False,2.0,opening_biased,Opening-biased,-1.0,threshold_found,3.0,3.25,3.125,censored_above_highest_tested,3.25,,,,,,0.2;0.3;0.4;0.5;0.7;1;1.2;1.4;1.6;2;2.5;3;3.25,False
rule_006,0.58,0.5,0.6,False,2.0,neutral,Neutral,0.0,threshold_found,0.7,0.85,0.7749999999999999,censored_above_highest_tested,1.0,,,,,,0.2;0.3;0.4;0.5;0.7;0.85;1,False
rule_006,0.58,0.5,0.6,False,2.0,filling_biased,Filling-biased,1.0,stable_at_lowest_tested,,0.2,,stable_at_lowest_tested,,0.2,,,,,0.2,False
rule_006,0.58,0.5,0.6,False,4.0,opening_biased,Opening-biased,-1.0,threshold_found,3.5,3.75,3.625,censored_above_highest_tested,3.75,,,,,,0.2;0.3;0.4;0.5;0.7;1;1.2;1.4;1.6;2;2.5;3;3.25;3.5;3.75,False
rule_006,0.58,0.5,0.6,False,4.0,neutral,Neutral,0.0,threshold_found,1.4,1.6,1.5,censored_above_highest_tested,1.6,,,,,,0.2;0.3;0.4;0.5;0.7;1;1.2;1.4;1.6,False
rule_006,0.58,0.5,0.6,False,4.0,filling_biased,Filling-biased,1.0,threshold_found,0.3,0.4,0.35,threshold_found,0.3,0.4,0.10000000000000003,0.35,0.0,,0.2;0.3;0.4,False
rule_006,0.58,0.5,0.6,False,6.0,opening_biased,Opening-biased,-1.0,threshold_found,3.75,4.0,3.875,censored_above_highest_tested,4.0,,,,,,0.2;0.3;0.4;0.5;0.7;1;1.2;1.4;1.6;2;2.5;3;3.25;3.5;3.75;4,False
rule_006,0.58,0.5,0.6,False,6.0,neutral,Neutral,0.0,threshold_found,2.0,2.25,2.125,threshold_found,2.25,2.5,0.25,2.375,0.25,,0.2;0.3;0.4;0.5;0.7;1;1.2;1.4;1.6;2;2.25;2.5,False
rule_006,0.58,0.5,0.6,False,6.0,filling_biased,Filling-biased,1.0,threshold_found,0.3,0.4,0.35,censored_above_highest_tested,0.4,,,,,,0.2;0.3;0.4,False
rule_007,0.58,0.52,0.5,False,2.0,opening_biased,Opening-biased,-1.0,threshold_found,3.0,3.25,3.125,threshold_found,2.5,3.0,0.5,2.75,-0.375,,0.2;0.3;0.4;0.5;0.7;1;1.2;1.4;1.6;2;2.5;3;3.25,True
rule_007,0.58,0.52,0.5,False,2.0,neutral,Neutral,0.0,threshold_found,0.7,0.85,0.7749999999999999,threshold_found,0.85,1.0,0.15000000000000002,0.925,0.15000000000000013,,0.2;0.3;0.4;0.5;0.7;0.85;1,True
rule_007,0.58,0.52,0.5,False,2.0,filling_biased,Filling-biased,1.0,stable_at_lowest_tested,,0.2,,stable_at_lowest_tested,,0.2,,,,,0.2,True
rule_007,0.58,0.52,0.5,False,4.0,opening_biased,Opening-biased,-1.0,threshold_found,3.5,3.75,3.625,threshold_found,3.0,3.25,0.25,3.125,-0.5,,0.2;0.3;0.4;0.5;0.7;1;1.2;1.4;1.6;2;2.5;3;3.25;3.5;3.75,True
rule_007,0.58,0.52,0.5,False,4.0,neutral,Neutral,0.0,threshold_found,1.4,1.6,1.5,threshold_found,1.4,1.6,0.20000000000000018,1.5,0.0,,0.2;0.3;0.4;0.5;0.7;1;1.2;1.4;1.6,True
rule_007,0.58,0.52,0.5,False,4.0,filling_biased,Filling-biased,1.0,threshold_found,0.3,0.4,0.35,threshold_found,0.3,0.4,0.10000000000000003,0.35,0.0,,0.2;0.3;0.4,True
rule_007,0.58,0.52,0.5,False,6.0,opening_biased,Opening-biased,-1.0,threshold_found,3.75,4.0,3.875,threshold_found,3.5,3.75,0.25,3.625,-0.25,,0.2;0.3;0.4;0.5;0.7;1;1.2;1.4;1.6;2;2.5;3;3.25;3.5;3.75;4,True
rule_007,0.58,0.52,0.5,False,6.0,neutral,Neutral,0.0,threshold_found,2.0,2.25,2.125,threshold_found,2.0,2.25,0.25,2.125,0.0,,0.2;0.3;0.4;0.5;0.7;1;1.2;1.4;1.6;2;2.25;2.5,True
rule_007,0.58,0.52,0.5,False,6.0,filling_biased,Filling-biased,1.0,threshold_found,0.3,0.4,0.35,threshold_found,0.3,0.4,0.10000000000000003,0.35,0.0,,0.2;0.3;0.4,True
rule_008,0.58,0.52,0.55,False,2.0,opening_biased,Opening-biased,-1.0,threshold_found,3.0,3.25,3.125,threshold_found,3.0,3.25,0.25,3.125,0.0,,0.2;0.3;0.4;0.5;0.7;1;1.2;1.4;1.6;2;2.5;3;3.25,False
rule_008,0.58,0.52,0.55,False,2.0,neutral,Neutral,0.0,threshold_found,0.7,0.85,0.7749999999999999,censored_above_highest_tested,1.0,,,,,,0.2;0.3;0.4;0.5;0.7;0.85;1,False
rule_008,0.58,0.52,0.55,False,2.0,filling_biased,Filling-biased,1.0,stable_at_lowest_tested,,0.2,,stable_at_lowest_tested,,0.2,,,,,0.2,False
rule_008,0.58,0.52,0.55,False,4.0,opening_biased,Opening-biased,-1.0,threshold_found,3.5,3.75,3.625,threshold_found,3.5,3.75,0.25,3.625,0.0,,0.2;0.3;0.4;0.5;0.7;1;1.2;1.4;1.6;2;2.5;3;3.25;3.5;3.75,False
rule_008,0.58,0.52,0.55,False,4.0,neutral,Neutral,0.0,threshold_found,1.4,1.6,1.5,censored_above_highest_tested,1.6,,,,,,0.2;0.3;0.4;0.5;0.7;1;1.2;1.4;1.6,False
rule_008,0.58,0.52,0.55,False,4.0,filling_biased,Filling-biased,1.0,threshold_found,0.3,0.4,0.35,threshold_found,0.3,0.4,0.10000000000000003,0.35,0.0,,0.2;0.3;0.4,False
rule_008,0.58,0.52,0.55,False,6.0,opening_biased,Opening-biased,-1.0,threshold_found,3.75,4.0,3.875,censored_above_highest_tested,4.0,,,,,,0.2;0.3;0.4;0.5;0.7;1;1.2;1.4;1.6;2;2.5;3;3.25;3.5;3.75;4,False
rule_008,0.58,0.52,0.55,False,6.0,neutral,Neutral,0.0,threshold_found,2.0,2.25,2.125,threshold_found,2.0,2.25,0.25,2.125,0.0,,0.2;0.3;0.4;0.5;0.7;1;1.2;1.4;1.6;2;2.25;2.5,False
rule_008,0.58,0.52,0.55,False,6.0,filling_biased,Filling-biased,1.0,threshold_found,0.3,0.4,0.35,censored_above_highest_tested,0.4,,,,,,0.2;0.3;0.4,False
rule_009,0.58,0.52,0.6,False,2.0,opening_biased,Opening-biased,-1.0,threshold_found,3.0,3.25,3.125,censored_above_highest_tested,3.25,,,,,,0.2;0.3;0.4;0.5;0.7;1;1.2;1.4;1.6;2;2.5;3;3.25,False
rule_009,0.58,0.52,0.6,False,2.0,neutral,Neutral,0.0,threshold_found,0.7,0.85,0.7749999999999999,censored_above_highest_tested,1.0,,,,,,0.2;0.3;0.4;0.5;0.7;0.85;1,False
rule_009,0.58,0.52,0.6,False,2.0,filling_biased,Filling-biased,1.0,stable_at_lowest_tested,,0.2,,stable_at_lowest_tested,,0.2,,,,,0.2,False
rule_009,0.58,0.52,0.6,False,4.0,opening_biased,Opening-biased,-1.0,threshold_found,3.5,3.75,3.625,censored_above_highest_tested,3.75,,,,,,0.2;0.3;0.4;0.5;0.7;1;1.2;1.4;1.6;2;2.5;3;3.25;3.5;3.75,False
rule_009,0.58,0.52,0.6,False,4.0,neutral,Neutral,0.0,threshold_found,1.4,1.6,1.5,censored_above_highest_tested,1.6,,,,,,0.2;0.3;0.4;0.5;0.7;1;1.2;1.4;1.6,False
rule_009,0.58,0.52,0.6,False,4.0,filling_biased,Filling-biased,1.0,threshold_found,0.3,0.4,0.35,threshold_found,0.3,0.4,0.10000000000000003,0.35,0.0,,0.2;0.3;0.4,False
rule_009,0.58,0.52,0.6,False,6.0,opening_biased,Opening-biased,-1.0,threshold_found,3.75,4.0,3.875,censored_above_highest_tested,4.0,,,,,,0.2;0.3;0.4;0.5;0.7;1;1.2;1.4;1.6;2;2.5;3;3.25;3.5;3.75;4,False
rule_009,0.58,0.52,0.6,False,6.0,neutral,Neutral,0.0,threshold_found,2.0,2.25,2.125,threshold_found,2.25,2.5,0.25,2.375,0.25,,0.2;0.3;0.4;0.5;0.7;1;1.2;1.4;1.6;2;2.25;2.5,False
rule_009,0.58,0.52,0.6,False,6.0,filling_biased,Filling-biased,1.0,threshold_found,0.3,0.4,0.35,censored_above_highest_tested,0.4,,,,,,0.2;0.3;0.4,False
rule_010,0.58,0.54,0.5,False,2.0,opening_biased,Opening-biased,-1.0,threshold_found,3.0,3.25,3.125,threshold_found,2.5,3.0,0.5,2.75,-0.375,,0.2;0.3;0.4;0.5;0.7;1;1.2;1.4;1.6;2;2.5;3;3.25,True
rule_010,0.58,0.54,0.5,False,2.0,neutral,Neutral,0.0,threshold_found,0.7,0.85,0.7749999999999999,threshold_found,0.85,1.0,0.15000000000000002,0.925,0.15000000000000013,,0.2;0.3;0.4;0.5;0.7;0.85;1,True
rule_010,0.58,0.54,0.5,False,2.0,filling_biased,Filling-biased,1.0,stable_at_lowest_tested,,0.2,,stable_at_lowest_tested,,0.2,,,,,0.2,True
rule_010,0.58,0.54,0.5,False,4.0,opening_biased,Opening-biased,-1.0,threshold_found,3.5,3.75,3.625,threshold_found,3.0,3.25,0.25,3.125,-0.5,,0.2;0.3;0.4;0.5;0.7;1;1.2;1.4;1.6;2;2.5;3;3.25;3.5;3.75,True
rule_010,0.58,0.54,0.5,False,4.0,neutral,Neutral,0.0,threshold_found,1.4,1.6,1.5,threshold_found,1.4,1.6,0.20000000000000018,1.5,0.0,,0.2;0.3;0.4;0.5;0.7;1;1.2;1.4;1.6,True
rule_010,0.58,0.54,0.5,False,4.0,filling_biased,Filling-biased,1.0,threshold_found,0.3,0.4,0.35,threshold_found,0.3,0.4,0.10000000000000003,0.35,0.0,,0.2;0.3;0.4,True
rule_010,0.58,0.54,0.5,False,6.0,opening_biased,Opening-biased,-1.0,threshold_found,3.75,4.0,3.875,threshold_found,3.5,3.75,0.25,3.625,-0.25,,0.2;0.3;0.4;0.5;0.7;1;1.2;1.4;1.6;2;2.5;3;3.25;3.5;3.75;4,True
rule_010,0.58,0.54,0.5,False,6.0,neutral,Neutral,0.0,threshold_found,2.0,2.25,2.125,threshold_found,2.0,2.25,0.25,2.125,0.0,,0.2;0.3;0.4;0.5;0.7;1;1.2;1.4;1.6;2;2.25;2.5,True
rule_010,0.58,0.54,0.5,False,6.0,filling_biased,Filling-biased,1.0,threshold_found,0.3,0.4,0.35,threshold_found,0.3,0.4,0.10000000000000003,0.35,0.0,,0.2;0.3;0.4,True
rule_011,0.58,0.54,0.55,False,2.0,opening_biased,Opening-biased,-1.0,threshold_found,3.0,3.25,3.125,threshold_found,3.0,3.25,0.25,3.125,0.0,,0.2;0.3;0.4;0.5;0.7;1;1.2;1.4;1.6;2;2.5;3;3.25,False
rule_011,0.58,0.54,0.55,False,2.0,neutral,Neutral,0.0,threshold_found,0.7,0.85,0.7749999999999999,censored_above_highest_tested,1.0,,,,,,0.2;0.3;0.4;0.5;0.7;0.85;1,False
rule_011,0.58,0.54,0.55,False,2.0,filling_biased,Filling-biased,1.0,stable_at_lowest_tested,,0.2,,stable_at_lowest_tested,,0.2,,,,,0.2,False
rule_011,0.58,0.54,0.55,False,4.0,opening_biased,Opening-biased,-1.0,threshold_found,3.5,3.75,3.625,threshold_found,3.5,3.75,0.25,3.625,0.0,,0.2;0.3;0.4;0.5;0.7;1;1.2;1.4;1.6;2;2.5;3;3.25;3.5;3.75,False
rule_011,0.58,0.54,0.55,False,4.0,neutral,Neutral,0.0,threshold_found,1.4,1.6,1.5,censored_above_highest_tested,1.6,,,,,,0.2;0.3;0.4;0.5;0.7;1;1.2;1.4;1.6,False
rule_011,0.58,0.54,0.55,False,4.0,filling_biased,Filling-biased,1.0,threshold_found,0.3,0.4,0.35,threshold_found,0.3,0.4,0.10000000000000003,0.35,0.0,,0.2;0.3;0.4,False
rule_011,0.58,0.54,0.55,False,6.0,opening_biased,Opening-biased,-1.0,threshold_found,3.75,4.0,3.875,censored_above_highest_tested,4.0,,,,,,0.2;0.3;0.4;0.5;0.7;1;1.2;1.4;1.6;2;2.5;3;3.25;3.5;3.75;4,False
rule_011,0.58,0.54,0.55,False,6.0,neutral,Neutral,0.0,threshold_found,2.0,2.25,2.125,threshold_found,2.0,2.25,0.25,2.125,0.0,,0.2;0.3;0.4;0.5;0.7;1;1.2;1.4;1.6;2;2.25;2.5,False
rule_011,0.58,0.54,0.55,False,6.0,filling_biased,Filling-biased,1.0,threshold_found,0.3,0.4,0.35,censored_above_highest_tested,0.4,,,,,,0.2;0.3;0.4,False
rule_012,0.58,0.54,0.6,False,2.0,opening_biased,Opening-biased,-1.0,threshold_found,3.0,3.25,3.125,censored_above_highest_tested,3.25,,,,,,0.2;0.3;0.4;0.5;0.7;1;1.2;1.4;1.6;2;2.5;3;3.25,False
rule_012,0.58,0.54,0.6,False,2.0,neutral,Neutral,0.0,threshold_found,0.7,0.85,0.7749999999999999,censored_above_highest_tested,1.0,,,,,,0.2;0.3;0.4;0.5;0.7;0.85;1,False
rule_012,0.58,0.54,0.6,False,2.0,filling_biased,Filling-biased,1.0,stable_at_lowest_tested,,0.2,,stable_at_lowest_tested,,0.2,,,,,0.2,False
rule_012,0.58,0.54,0.6,False,4.0,opening_biased,Opening-biased,-1.0,threshold_found,3.5,3.75,3.625,censored_above_highest_tested,3.75,,,,,,0.2;0.3;0.4;0.5;0.7;1;1.2;1.4;1.6;2;2.5;3;3.25;3.5;3.75,False
rule_012,0.58,0.54,0.6,False,4.0,neutral,Neutral,0.0,threshold_found,1.4,1.6,1.5,censored_above_highest_tested,1.6,,,,,,0.2;0.3;0.4;0.5;0.7;1;1.2;1.4;1.6,False
rule_012,0.58,0.54,0.6,False,4.0,filling_biased,Filling-biased,1.0,threshold_found,0.3,0.4,0.35,threshold_found,0.3,0.4,0.10000000000000003,0.35,0.0,,0.2;0.3;0.4,False
rule_012,0.58,0.54,0.6,False,6.0,opening_biased,Opening-biased,-1.0,threshold_found,3.75,4.0,3.875,censored_above_highest_tested,4.0,,,,,,0.2;0.3;0.4;0.5;0.7;1;1.2;1.4;1.6;2;2.5;3;3.25;3.5;3.75;4,False
rule_012,0.58,0.54,0.6,False,6.0,neutral,Neutral,0.0,threshold_found,2.0,2.25,2.125,threshold_found,2.25,2.5,0.25,2.375,0.25,,0.2;0.3;0.4;0.5;0.7;1;1.2;1.4;1.6;2;2.25;2.5,False
rule_012,0.58,0.54,0.6,False,6.0,filling_biased,Filling-biased,1.0,threshold_found,0.3,0.4,0.35,censored_above_highest_tested,0.4,,,,,,0.2;0.3;0.4,False
rule_013,0.58,0.56,0.5,False,2.0,opening_biased,Opening-biased,-1.0,threshold_found,3.0,3.25,3.125,threshold_found,2.5,3.0,0.5,2.75,-0.375,,0.2;0.3;0.4;0.5;0.7;1;1.2;1.4;1.6;2;2.5;3;3.25,True
rule_013,0.58,0.56,0.5,False,2.0,neutral,Neutral,0.0,threshold_found,0.7,0.85,0.7749999999999999,threshold_found,0.85,1.0,0.15000000000000002,0.925,0.15000000000000013,,0.2;0.3;0.4;0.5;0.7;0.85;1,True
rule_013,0.58,0.56,0.5,False,2.0,filling_biased,Filling-biased,1.0,stable_at_lowest_tested,,0.2,,stable_at_lowest_tested,,0.2,,,,,0.2,True
rule_013,0.58,0.56,0.5,False,4.0,opening_biased,Opening-biased,-1.0,threshold_found,3.5,3.75,3.625,threshold_found,3.0,3.25,0.25,3.125,-0.5,,0.2;0.3;0.4;0.5;0.7;1;1.2;1.4;1.6;2;2.5;3;3.25;3.5;3.75,True
rule_013,0.58,0.56,0.5,False,4.0,neutral,Neutral,0.0,threshold_found,1.4,1.6,1.5,threshold_found,1.4,1.6,0.20000000000000018,1.5,0.0,,0.2;0.3;0.4;0.5;0.7;1;1.2;1.4;1.6,True
rule_013,0.58,0.56,0.5,False,4.0,filling_biased,Filling-biased,1.0,threshold_found,0.3,0.4,0.35,threshold_found,0.3,0.4,0.10000000000000003,0.35,0.0,,0.2;0.3;0.4,True
rule_013,0.58,0.56,0.5,False,6.0,opening_biased,Opening-biased,-1.0,threshold_found,3.75,4.0,3.875,threshold_found,3.5,3.75,0.25,3.625,-0.25,,0.2;0.3;0.4;0.5;0.7;1;1.2;1.4;1.6;2;2.5;3;3.25;3.5;3.75;4,True
rule_013,0.58,0.56,0.5,False,6.0,neutral,Neutral,0.0,threshold_found,2.0,2.25,2.125,threshold_found,2.0,2.25,0.25,2.125,0.0,,0.2;0.3;0.4;0.5;0.7;1;1.2;1.4;1.6;2;2.25;2.5,True
rule_013,0.58,0.56,0.5,False,6.0,filling_biased,Filling-biased,1.0,threshold_found,0.3,0.4,0.35,threshold_found,0.3,0.4,0.10000000000000003,0.35,0.0,,0.2;0.3;0.4,True
rule_014,0.58,0.56,0.55,False,2.0,opening_biased,Opening-biased,-1.0,threshold_found,3.0,3.25,3.125,threshold_found,3.0,3.25,0.25,3.125,0.0,,0.2;0.3;0.4;0.5;0.7;1;1.2;1.4;1.6;2;2.5;3;3.25,False
rule_014,0.58,0.56,0.55,False,2.0,neutral,Neutral,0.0,threshold_found,0.7,0.85,0.7749999999999999,censored_above_highest_tested,1.0,,,,,,0.2;0.3;0.4;0.5;0.7;0.85;1,False
rule_014,0.58,0.56,0.55,False,2.0,filling_biased,Filling-biased,1.0,stable_at_lowest_tested,,0.2,,stable_at_lowest_tested,,0.2,,,,,0.2,False
rule_014,0.58,0.56,0.55,False,4.0,opening_biased,Opening-biased,-1.0,threshold_found,3.5,3.75,3.625,threshold_found,3.5,3.75,0.25,3.625,0.0,,0.2;0.3;0.4;0.5;0.7;1;1.2;1.4;1.6;2;2.5;3;3.25;3.5;3.75,False
rule_014,0.58,0.56,0.55,False,4.0,neutral,Neutral,0.0,threshold_found,1.4,1.6,1.5,censored_above_highest_tested,1.6,,,,,,0.2;0.3;0.4;0.5;0.7;1;1.2;1.4;1.6,False
rule_014,0.58,0.56,0.55,False,4.0,filling_biased,Filling-biased,1.0,threshold_found,0.3,0.4,0.35,threshold_found,0.3,0.4,0.10000000000000003,0.35,0.0,,0.2;0.3;0.4,False
rule_014,0.58,0.56,0.55,False,6.0,opening_biased,Opening-biased,-1.0,threshold_found,3.75,4.0,3.875,censored_above_highest_tested,4.0,,,,,,0.2;0.3;0.4;0.5;0.7;1;1.2;1.4;1.6;2;2.5;3;3.25;3.5;3.75;4,False
rule_014,0.58,0.56,0.55,False,6.0,neutral,Neutral,0.0,threshold_found,2.0,2.25,2.125,threshold_found,2.0,2.25,0.25,2.125,0.0,,0.2;0.3;0.4;0.5;0.7;1;1.2;1.4;1.6;2;2.25;2.5,False
rule_014,0.58,0.56,0.55,False,6.0,filling_biased,Filling-biased,1.0,threshold_found,0.3,0.4,0.35,censored_above_highest_tested,0.4,,,,,,0.2;0.3;0.4,False
rule_015,0.58,0.56,0.6,False,2.0,opening_biased,Opening-biased,-1.0,threshold_found,3.0,3.25,3.125,censored_above_highest_tested,3.25,,,,,,0.2;0.3;0.4;0.5;0.7;1;1.2;1.4;1.6;2;2.5;3;3.25,False
rule_015,0.58,0.56,0.6,False,2.0,neutral,Neutral,0.0,threshold_found,0.7,0.85,0.7749999999999999,censored_above_highest_tested,1.0,,,,,,0.2;0.3;0.4;0.5;0.7;0.85;1,False
rule_015,0.58,0.56,0.6,False,2.0,filling_biased,Filling-biased,1.0,stable_at_lowest_tested,,0.2,,stable_at_lowest_tested,,0.2,,,,,0.2,False
rule_015,0.58,0.56,0.6,False,4.0,opening_biased,Opening-biased,-1.0,threshold_found,3.5,3.75,3.625,censored_above_highest_tested,3.75,,,,,,0.2;0.3;0.4;0.5;0.7;1;1.2;1.4;1.6;2;2.5;3;3.25;3.5;3.75,False
rule_015,0.58,0.56,0.6,False,4.0,neutral,Neutral,0.0,threshold_found,1.4,1.6,1.5,censored_above_highest_tested,1.6,,,,,,0.2;0.3;0.4;0.5;0.7;1;1.2;1.4;1.6,False
rule_015,0.58,0.56,0.6,False,4.0,filling_biased,Filling-biased,1.0,threshold_found,0.3,0.4,0.35,threshold_found,0.3,0.4,0.10000000000000003,0.35,0.0,,0.2;0.3;0.4,False
rule_015,0.58,0.56,0.6,False,6.0,opening_biased,Opening-biased,-1.0,threshold_found,3.75,4.0,3.875,censored_above_highest_tested,4.0,,,,,,0.2;0.3;0.4;0.5;0.7;1;1.2;1.4;1.6;2;2.5;3;3.25;3.5;3.75;4,False
rule_015,0.58,0.56,0.6,False,6.0,neutral,Neutral,0.0,threshold_found,2.0,2.25,2.125,threshold_found,2.25,2.5,0.25,2.375,0.25,,0.2;0.3;0.4;0.5;0.7;1;1.2;1.4;1.6;2;2.25;2.5,False
rule_015,0.58,0.56,0.6,False,6.0,filling_biased,Filling-biased,1.0,threshold_found,0.3,0.4,0.35,censored_above_highest_tested,0.4,,,,,,0.2;0.3;0.4,False
rule_016,0.6,0.48,0.5,False,2.0,opening_biased,Opening-biased,-1.0,threshold_found,3.0,3.25,3.125,threshold_found,2.5,3.0,0.5,2.75,-0.375,,0.2;0.3;0.4;0.5;0.7;1;1.2;1.4;1.6;2;2.5;3;3.25,True
rule_016,0.6,0.48,0.5,False,2.0,neutral,Neutral,0.0,threshold_found,0.7,0.85,0.7749999999999999,threshold_found,0.85,1.0,0.15000000000000002,0.925,0.15000000000000013,,0.2;0.3;0.4;0.5;0.7;0.85;1,True
rule_016,0.6,0.48,0.5,False,2.0,filling_biased,Filling-biased,1.0,stable_at_lowest_tested,,0.2,,stable_at_lowest_tested,,0.2,,,,,0.2,True
rule_016,0.6,0.48,0.5,False,4.0,opening_biased,Opening-biased,-1.0,threshold_found,3.5,3.75,3.625,threshold_found,3.0,3.25,0.25,3.125,-0.5,,0.2;0.3;0.4;0.5;0.7;1;1.2;1.4;1.6;2;2.5;3;3.25;3.5;3.75,True
rule_016,0.6,0.48,0.5,False,4.0,neutral,Neutral,0.0,threshold_found,1.4,1.6,1.5,threshold_found,1.4,1.6,0.20000000000000018,1.5,0.0,,0.2;0.3;0.4;0.5;0.7;1;1.2;1.4;1.6,True
rule_016,0.6,0.48,0.5,False,4.0,filling_biased,Filling-biased,1.0,threshold_found,0.3,0.4,0.35,threshold_found,0.3,0.4,0.10000000000000003,0.35,0.0,,0.2;0.3;0.4,True
rule_016,0.6,0.48,0.5,False,6.0,opening_biased,Opening-biased,-1.0,threshold_found,3.75,4.0,3.875,threshold_found,3.5,3.75,0.25,3.625,-0.25,,0.2;0.3;0.4;0.5;0.7;1;1.2;1.4;1.6;2;2.5;3;3.25;3.5;3.75;4,False
rule_016,0.6,0.48,0.5,False,6.0,neutral,Neutral,0.0,threshold_found,2.0,2.25,2.125,threshold_found,2.0,2.25,0.25,2.125,0.0,,0.2;0.3;0.4;0.5;0.7;1;1.2;1.4;1.6;2;2.25;2.5,False
rule_016,0.6,0.48,0.5,False,6.0,filling_biased,Filling-biased,1.0,threshold_found,0.3,0.4,0.35,censored_above_highest_tested,0.4,,,,,,0.2;0.3;0.4,False
rule_017,0.6,0.48,0.55,False,2.0,opening_biased,Opening-biased,-1.0,threshold_found,3.0,3.25,3.125,threshold_found,3.0,3.25,0.25,3.125,0.0,,0.2;0.3;0.4;0.5;0.7;1;1.2;1.4;1.6;2;2.5;3;3.25,True
rule_017,0.6,0.48,0.55,False,2.0,neutral,Neutral,0.0,threshold_found,0.7,0.85,0.7749999999999999,threshold_found,0.85,1.0,0.15000000000000002,0.925,0.15000000000000013,,0.2;0.3;0.4;0.5;0.7;0.85;1,True
rule_017,0.6,0.48,0.55,False,2.0,filling_biased,Filling-biased,1.0,stable_at_lowest_tested,,0.2,,stable_at_lowest_tested,,0.2,,,,,0.2,True
rule_017,0.6,0.48,0.55,False,4.0,opening_biased,Opening-biased,-1.0,threshold_found,3.5,3.75,3.625,threshold_found,3.5,3.75,0.25,3.625,0.0,,0.2;0.3;0.4;0.5;0.7;1;1.2;1.4;1.6;2;2.5;3;3.25;3.5;3.75,True
rule_017,0.6,0.48,0.55,False,4.0,neutral,Neutral,0.0,threshold_found,1.4,1.6,1.5,threshold_found,1.4,1.6,0.20000000000000018,1.5,0.0,,0.2;0.3;0.4;0.5;0.7;1;1.2;1.4;1.6,True
rule_017,0.6,0.48,0.55,False,4.0,filling_biased,Filling-biased,1.0,threshold_found,0.3,0.4,0.35,threshold_found,0.3,0.4,0.10000000000000003,0.35,0.0,,0.2;0.3;0.4,True
rule_017,0.6,0.48,0.55,False,6.0,opening_biased,Opening-biased,-1.0,threshold_found,3.75,4.0,3.875,censored_above_highest_tested,4.0,,,,,,0.2;0.3;0.4;0.5;0.7;1;1.2;1.4;1.6;2;2.5;3;3.25;3.5;3.75;4,False
rule_017,0.6,0.48,0.55,False,6.0,neutral,Neutral,0.0,threshold_found,2.0,2.25,2.125,threshold_found,2.0,2.25,0.25,2.125,0.0,,0.2;0.3;0.4;0.5;0.7;1;1.2;1.4;1.6;2;2.25;2.5,False
rule_017,0.6,0.48,0.55,False,6.0,filling_biased,Filling-biased,1.0,threshold_found,0.3,0.4,0.35,censored_above_highest_tested,0.4,,,,,,0.2;0.3;0.4,False
rule_018,0.6,0.48,0.6,False,2.0,opening_biased,Opening-biased,-1.0,threshold_found,3.0,3.25,3.125,censored_above_highest_tested,3.25,,,,,,0.2;0.3;0.4;0.5;0.7;1;1.2;1.4;1.6;2;2.5;3;3.25,False
rule_018,0.6,0.48,0.6,False,2.0,neutral,Neutral,0.0,threshold_found,0.7,0.85,0.7749999999999999,threshold_found,0.85,1.0,0.15000000000000002,0.925,0.15000000000000013,,0.2;0.3;0.4;0.5;0.7;0.85;1,False
rule_018,0.6,0.48,0.6,False,2.0,filling_biased,Filling-biased,1.0,stable_at_lowest_tested,,0.2,,stable_at_lowest_tested,,0.2,,,,,0.2,False
rule_018,0.6,0.48,0.6,False,4.0,opening_biased,Opening-biased,-1.0,threshold_found,3.5,3.75,3.625,threshold_found,3.5,3.75,0.25,3.625,0.0,,0.2;0.3;0.4;0.5;0.7;1;1.2;1.4;1.6;2;2.5;3;3.25;3.5;3.75,True
rule_018,0.6,0.48,0.6,False,4.0,neutral,Neutral,0.0,threshold_found,1.4,1.6,1.5,threshold_found,1.4,1.6,0.20000000000000018,1.5,0.0,,0.2;0.3;0.4;0.5;0.7;1;1.2;1.4;1.6,True
rule_018,0.6,0.48,0.6,False,4.0,filling_biased,Filling-biased,1.0,threshold_found,0.3,0.4,0.35,threshold_found,0.3,0.4,0.10000000000000003,0.35,0.0,,0.2;0.3;0.4,True
rule_018,0.6,0.48,0.6,False,6.0,opening_biased,Opening-biased,-1.0,threshold_found,3.75,4.0,3.875,censored_above_highest_tested,4.0,,,,,,0.2;0.3;0.4;0.5;0.7;1;1.2;1.4;1.6;2;2.5;3;3.25;3.5;3.75;4,False
rule_018,0.6,0.48,0.6,False,6.0,neutral,Neutral,0.0,threshold_found,2.0,2.25,2.125,threshold_found,2.25,2.5,0.25,2.375,0.25,,0.2;0.3;0.4;0.5;0.7;1;1.2;1.4;1.6;2;2.25;2.5,False
rule_018,0.6,0.48,0.6,False,6.0,filling_biased,Filling-biased,1.0,threshold_found,0.3,0.4,0.35,censored_above_highest_tested,0.4,,,,,,0.2;0.3;0.4,False
rule_019,0.6,0.5,0.5,False,2.0,opening_biased,Opening-biased,-1.0,threshold_found,3.0,3.25,3.125,threshold_found,2.5,3.0,0.5,2.75,-0.375,,0.2;0.3;0.4;0.5;0.7;1;1.2;1.4;1.6;2;2.5;3;3.25,True
rule_019,0.6,0.5,0.5,False,2.0,neutral,Neutral,0.0,threshold_found,0.7,0.85,0.7749999999999999,threshold_found,0.85,1.0,0.15000000000000002,0.925,0.15000000000000013,,0.2;0.3;0.4;0.5;0.7;0.85;1,True
rule_019,0.6,0.5,0.5,False,2.0,filling_biased,Filling-biased,1.0,stable_at_lowest_tested,,0.2,,stable_at_lowest_tested,,0.2,,,,,0.2,True
rule_019,0.6,0.5,0.5,False,4.0,opening_biased,Opening-biased,-1.0,threshold_found,3.5,3.75,3.625,threshold_found,3.0,3.25,0.25,3.125,-0.5,,0.2;0.3;0.4;0.5;0.7;1;1.2;1.4;1.6;2;2.5;3;3.25;3.5;3.75,True
rule_019,0.6,0.5,0.5,False,4.0,neutral,Neutral,0.0,threshold_found,1.4,1.6,1.5,threshold_found,1.4,1.6,0.20000000000000018,1.5,0.0,,0.2;0.3;0.4;0.5;0.7;1;1.2;1.4;1.6,True
rule_019,0.6,0.5,0.5,False,4.0,filling_biased,Filling-biased,1.0,threshold_found,0.3,0.4,0.35,threshold_found,0.3,0.4,0.10000000000000003,0.35,0.0,,0.2;0.3;0.4,True
rule_019,0.6,0.5,0.5,False,6.0,opening_biased,Opening-biased,-1.0,threshold_found,3.75,4.0,3.875,threshold_found,3.5,3.75,0.25,3.625,-0.25,,0.2;0.3;0.4;0.5;0.7;1;1.2;1.4;1.6;2;2.5;3;3.25;3.5;3.75;4,True
rule_019,0.6,0.5,0.5,False,6.0,neutral,Neutral,0.0,threshold_found,2.0,2.25,2.125,threshold_found,2.0,2.25,0.25,2.125,0.0,,0.2;0.3;0.4;0.5;0.7;1;1.2;1.4;1.6;2;2.25;2.5,True
rule_019,0.6,0.5,0.5,False,6.0,filling_biased,Filling-biased,1.0,threshold_found,0.3,0.4,0.35,threshold_found,0.3,0.4,0.10000000000000003,0.35,0.0,,0.2;0.3;0.4,True
rule_020,0.6,0.5,0.55,False,2.0,opening_biased,Opening-biased,-1.0,threshold_found,3.0,3.25,3.125,threshold_found,3.0,3.25,0.25,3.125,0.0,,0.2;0.3;0.4;0.5;0.7;1;1.2;1.4;1.6;2;2.5;3;3.25,True
rule_020,0.6,0.5,0.55,False,2.0,neutral,Neutral,0.0,threshold_found,0.7,0.85,0.7749999999999999,threshold_found,0.85,1.0,0.15000000000000002,0.925,0.15000000000000013,,0.2;0.3;0.4;0.5;0.7;0.85;1,True
rule_020,0.6,0.5,0.55,False,2.0,filling_biased,Filling-biased,1.0,stable_at_lowest_tested,,0.2,,stable_at_lowest_tested,,0.2,,,,,0.2,True
rule_020,0.6,0.5,0.55,False,4.0,opening_biased,Opening-biased,-1.0,threshold_found,3.5,3.75,3.625,threshold_found,3.5,3.75,0.25,3.625,0.0,,0.2;0.3;0.4;0.5;0.7;1;1.2;1.4;1.6;2;2.5;3;3.25;3.5;3.75,True
rule_020,0.6,0.5,0.55,False,4.0,neutral,Neutral,0.0,threshold_found,1.4,1.6,1.5,threshold_found,1.4,1.6,0.20000000000000018,1.5,0.0,,0.2;0.3;0.4;0.5;0.7;1;1.2;1.4;1.6,True
rule_020,0.6,0.5,0.55,False,4.0,filling_biased,Filling-biased,1.0,threshold_found,0.3,0.4,0.35,threshold_found,0.3,0.4,0.10000000000000003,0.35,0.0,,0.2;0.3;0.4,True
rule_020,0.6,0.5,0.55,False,6.0,opening_biased,Opening-biased,-1.0,threshold_found,3.75,4.0,3.875,censored_above_highest_tested,4.0,,,,,,0.2;0.3;0.4;0.5;0.7;1;1.2;1.4;1.6;2;2.5;3;3.25;3.5;3.75;4,False
rule_020,0.6,0.5,0.55,False,6.0,neutral,Neutral,0.0,threshold_found,2.0,2.25,2.125,threshold_found,2.0,2.25,0.25,2.125,0.0,,0.2;0.3;0.4;0.5;0.7;1;1.2;1.4;1.6;2;2.25;2.5,False
rule_020,0.6,0.5,0.55,False,6.0,filling_biased,Filling-biased,1.0,threshold_found,0.3,0.4,0.35,censored_above_highest_tested,0.4,,,,,,0.2;0.3;0.4,False
rule_021,0.6,0.5,0.6,False,2.0,opening_biased,Opening-biased,-1.0,threshold_found,3.0,3.25,3.125,censored_above_highest_tested,3.25,,,,,,0.2;0.3;0.4;0.5;0.7;1;1.2;1.4;1.6;2;2.5;3;3.25,False
rule_021,0.6,0.5,0.6,False,2.0,neutral,Neutral,0.0,threshold_found,0.7,0.85,0.7749999999999999,threshold_found,0.85,1.0,0.15000000000000002,0.925,0.15000000000000013,,0.2;0.3;0.4;0.5;0.7;0.85;1,False
rule_021,0.6,0.5,0.6,False,2.0,filling_biased,Filling-biased,1.0,stable_at_lowest_tested,,0.2,,stable_at_lowest_tested,,0.2,,,,,0.2,False
rule_021,0.6,0.5,0.6,False,4.0,opening_biased,Opening-biased,-1.0,threshold_found,3.5,3.75,3.625,threshold_found,3.5,3.75,0.25,3.625,0.0,,0.2;0.3;0.4;0.5;0.7;1;1.2;1.4;1.6;2;2.5;3;3.25;3.5;3.75,True
rule_021,0.6,0.5,0.6,False,4.0,neutral,Neutral,0.0,threshold_found,1.4,1.6,1.5,threshold_found,1.4,1.6,0.20000000000000018,1.5,0.0,,0.2;0.3;0.4;0.5;0.7;1;1.2;1.4;1.6,True
rule_021,0.6,0.5,0.6,False,4.0,filling_biased,Filling-biased,1.0,threshold_found,0.3,0.4,0.35,threshold_found,0.3,0.4,0.10000000000000003,0.35,0.0,,0.2;0.3;0.4,True
rule_021,0.6,0.5,0.6,False,6.0,opening_biased,Opening-biased,-1.0,threshold_found,3.75,4.0,3.875,censored_above_highest_tested,4.0,,,,,,0.2;0.3;0.4;0.5;0.7;1;1.2;1.4;1.6;2;2.5;3;3.25;3.5;3.75;4,False
rule_021,0.6,0.5,0.6,False,6.0,neutral,Neutral,0.0,threshold_found,2.0,2.25,2.125,threshold_found,2.25,2.5,0.25,2.375,0.25,,0.2;0.3;0.4;0.5;0.7;1;1.2;1.4;1.6;2;2.25;2.5,False
rule_021,0.6,0.5,0.6,False,6.0,filling_biased,Filling-biased,1.0,threshold_found,0.3,0.4,0.35,censored_above_highest_tested,0.4,,,,,,0.2;0.3;0.4,False
rule_022,0.6,0.52,0.5,False,2.0,opening_biased,Opening-biased,-1.0,threshold_found,3.0,3.25,3.125,threshold_found,2.5,3.0,0.5,2.75,-0.375,,0.2;0.3;0.4;0.5;0.7;1;1.2;1.4;1.6;2;2.5;3;3.25,True
rule_022,0.6,0.52,0.5,False,2.0,neutral,Neutral,0.0,threshold_found,0.7,0.85,0.7749999999999999,threshold_found,0.85,1.0,0.15000000000000002,0.925,0.15000000000000013,,0.2;0.3;0.4;0.5;0.7;0.85;1,True
rule_022,0.6,0.52,0.5,False,2.0,filling_biased,Filling-biased,1.0,stable_at_lowest_tested,,0.2,,stable_at_lowest_tested,,0.2,,,,,0.2,True
rule_022,0.6,0.52,0.5,False,4.0,opening_biased,Opening-biased,-1.0,threshold_found,3.5,3.75,3.625,threshold_found,3.0,3.25,0.25,3.125,-0.5,,0.2;0.3;0.4;0.5;0.7;1;1.2;1.4;1.6;2;2.5;3;3.25;3.5;3.75,True
rule_022,0.6,0.52,0.5,False,4.0,neutral,Neutral,0.0,threshold_found,1.4,1.6,1.5,threshold_found,1.4,1.6,0.20000000000000018,1.5,0.0,,0.2;0.3;0.4;0.5;0.7;1;1.2;1.4;1.6,True
rule_022,0.6,0.52,0.5,False,4.0,filling_biased,Filling-biased,1.0,threshold_found,0.3,0.4,0.35,threshold_found,0.3,0.4,0.10000000000000003,0.35,0.0,,0.2;0.3;0.4,True
rule_022,0.6,0.52,0.5,False,6.0,opening_biased,Opening-biased,-1.0,threshold_found,3.75,4.0,3.875,threshold_found,3.5,3.75,0.25,3.625,-0.25,,0.2;0.3;0.4;0.5;0.7;1;1.2;1.4;1.6;2;2.5;3;3.25;3.5;3.75;4,True
rule_022,0.6,0.52,0.5,False,6.0,neutral,Neutral,0.0,threshold_found,2.0,2.25,2.125,threshold_found,2.0,2.25,0.25,2.125,0.0,,0.2;0.3;0.4;0.5;0.7;1;1.2;1.4;1.6;2;2.25;2.5,True
rule_022,0.6,0.52,0.5,False,6.0,filling_biased,Filling-biased,1.0,threshold_found,0.3,0.4,0.35,threshold_found,0.3,0.4,0.10000000000000003,0.35,0.0,,0.2;0.3;0.4,True
rule_023,0.6,0.52,0.55,False,2.0,opening_biased,Opening-biased,-1.0,threshold_found,3.0,3.25,3.125,threshold_found,3.0,3.25,0.25,3.125,0.0,,0.2;0.3;0.4;0.5;0.7;1;1.2;1.4;1.6;2;2.5;3;3.25,True
rule_023,0.6,0.52,0.55,False,2.0,neutral,Neutral,0.0,threshold_found,0.7,0.85,0.7749999999999999,threshold_found,0.85,1.0,0.15000000000000002,0.925,0.15000000000000013,,0.2;0.3;0.4;0.5;0.7;0.85;1,True
rule_023,0.6,0.52,0.55,False,2.0,filling_biased,Filling-biased,1.0,stable_at_lowest_tested,,0.2,,stable_at_lowest_tested,,0.2,,,,,0.2,True
rule_023,0.6,0.52,0.55,False,4.0,opening_biased,Opening-biased,-1.0,threshold_found,3.5,3.75,3.625,threshold_found,3.5,3.75,0.25,3.625,0.0,,0.2;0.3;0.4;0.5;0.7;1;1.2;1.4;1.6;2;2.5;3;3.25;3.5;3.75,True
rule_023,0.6,0.52,0.55,False,4.0,neutral,Neutral,0.0,threshold_found,1.4,1.6,1.5,threshold_found,1.4,1.6,0.20000000000000018,1.5,0.0,,0.2;0.3;0.4;0.5;0.7;1;1.2;1.4;1.6,True
rule_023,0.6,0.52,0.55,False,4.0,filling_biased,Filling-biased,1.0,threshold_found,0.3,0.4,0.35,threshold_found,0.3,0.4,0.10000000000000003,0.35,0.0,,0.2;0.3;0.4,True
rule_023,0.6,0.52,0.55,False,6.0,opening_biased,Opening-biased,-1.0,threshold_found,3.75,4.0,3.875,censored_above_highest_tested,4.0,,,,,,0.2;0.3;0.4;0.5;0.7;1;1.2;1.4;1.6;2;2.5;3;3.25;3.5;3.75;4,False
rule_023,0.6,0.52,0.55,False,6.0,neutral,Neutral,0.0,threshold_found,2.0,2.25,2.125,threshold_found,2.0,2.25,0.25,2.125,0.0,,0.2;0.3;0.4;0.5;0.7;1;1.2;1.4;1.6;2;2.25;2.5,False
rule_023,0.6,0.52,0.55,False,6.0,filling_biased,Filling-biased,1.0,threshold_found,0.3,0.4,0.35,censored_above_highest_tested,0.4,,,,,,0.2;0.3;0.4,False
rule_024,0.6,0.52,0.6,False,2.0,opening_biased,Opening-biased,-1.0,threshold_found,3.0,3.25,3.125,censored_above_highest_tested,3.25,,,,,,0.2;0.3;0.4;0.5;0.7;1;1.2;1.4;1.6;2;2.5;3;3.25,False
rule_024,0.6,0.52,0.6,False,2.0,neutral,Neutral,0.0,threshold_found,0.7,0.85,0.7749999999999999,threshold_found,0.85,1.0,0.15000000000000002,0.925,0.15000000000000013,,0.2;0.3;0.4;0.5;0.7;0.85;1,False
rule_024,0.6,0.52,0.6,False,2.0,filling_biased,Filling-biased,1.0,stable_at_lowest_tested,,0.2,,stable_at_lowest_tested,,0.2,,,,,0.2,False
rule_024,0.6,0.52,0.6,False,4.0,opening_biased,Opening-biased,-1.0,threshold_found,3.5,3.75,3.625,threshold_found,3.5,3.75,0.25,3.625,0.0,,0.2;0.3;0.4;0.5;0.7;1;1.2;1.4;1.6;2;2.5;3;3.25;3.5;3.75,True
rule_024,0.6,0.52,0.6,False,4.0,neutral,Neutral,0.0,threshold_found,1.4,1.6,1.5,threshold_found,1.4,1.6,0.20000000000000018,1.5,0.0,,0.2;0.3;0.4;0.5;0.7;1;1.2;1.4;1.6,True
rule_024,0.6,0.52,0.6,False,4.0,filling_biased,Filling-biased,1.0,threshold_found,0.3,0.4,0.35,threshold_found,0.3,0.4,0.10000000000000003,0.35,0.0,,0.2;0.3;0.4,True
rule_024,0.6,0.52,0.6,False,6.0,opening_biased,Opening-biased,-1.0,threshold_found,3.75,4.0,3.875,censored_above_highest_tested,4.0,,,,,,0.2;0.3;0.4;0.5;0.7;1;1.2;1.4;1.6;2;2.5;3;3.25;3.5;3.75;4,False
rule_024,0.6,0.52,0.6,False,6.0,neutral,Neutral,0.0,threshold_found,2.0,2.25,2.125,threshold_found,2.25,2.5,0.25,2.375,0.25,,0.2;0.3;0.4;0.5;0.7;1;1.2;1.4;1.6;2;2.25;2.5,False
rule_024,0.6,0.52,0.6,False,6.0,filling_biased,Filling-biased,1.0,threshold_found,0.3,0.4,0.35,censored_above_highest_tested,0.4,,,,,,0.2;0.3;0.4,False
rule_025,0.6,0.54,0.5,False,2.0,opening_biased,Opening-biased,-1.0,threshold_found,3.0,3.25,3.125,threshold_found,2.5,3.0,0.5,2.75,-0.375,,0.2;0.3;0.4;0.5;0.7;1;1.2;1.4;1.6;2;2.5;3;3.25,True
rule_025,0.6,0.54,0.5,False,2.0,neutral,Neutral,0.0,threshold_found,0.7,0.85,0.7749999999999999,threshold_found,0.85,1.0,0.15000000000000002,0.925,0.15000000000000013,,0.2;0.3;0.4;0.5;0.7;0.85;1,True
rule_025,0.6,0.54,0.5,False,2.0,filling_biased,Filling-biased,1.0,stable_at_lowest_tested,,0.2,,stable_at_lowest_tested,,0.2,,,,,0.2,True
rule_025,0.6,0.54,0.5,False,4.0,opening_biased,Opening-biased,-1.0,threshold_found,3.5,3.75,3.625,threshold_found,3.0,3.25,0.25,3.125,-0.5,,0.2;0.3;0.4;0.5;0.7;1;1.2;1.4;1.6;2;2.5;3;3.25;3.5;3.75,True
rule_025,0.6,0.54,0.5,False,4.0,neutral,Neutral,0.0,threshold_found,1.4,1.6,1.5,threshold_found,1.4,1.6,0.20000000000000018,1.5,0.0,,0.2;0.3;0.4;0.5;0.7;1;1.2;1.4;1.6,True
rule_025,0.6,0.54,0.5,False,4.0,filling_biased,Filling-biased,1.0,threshold_found,0.3,0.4,0.35,threshold_found,0.3,0.4,0.10000000000000003,0.35,0.0,,0.2;0.3;0.4,True
rule_025,0.6,0.54,0.5,False,6.0,opening_biased,Opening-biased,-1.0,threshold_found,3.75,4.0,3.875,threshold_found,3.5,3.75,0.25,3.625,-0.25,,0.2;0.3;0.4;0.5;0.7;1;1.2;1.4;1.6;2;2.5;3;3.25;3.5;3.75;4,True
rule_025,0.6,0.54,0.5,False,6.0,neutral,Neutral,0.0,threshold_found,2.0,2.25,2.125,threshold_found,2.0,2.25,0.25,2.125,0.0,,0.2;0.3;0.4;0.5;0.7;1;1.2;1.4;1.6;2;2.25;2.5,True
rule_025,0.6,0.54,0.5,False,6.0,filling_biased,Filling-biased,1.0,threshold_found,0.3,0.4,0.35,threshold_found,0.3,0.4,0.10000000000000003,0.35,0.0,,0.2;0.3;0.4,True
rule_026,0.6,0.54,0.55,False,2.0,opening_biased,Opening-biased,-1.0,threshold_found,3.0,3.25,3.125,threshold_found,3.0,3.25,0.25,3.125,0.0,,0.2;0.3;0.4;0.5;0.7;1;1.2;1.4;1.6;2;2.5;3;3.25,True
rule_026,0.6,0.54,0.55,False,2.0,neutral,Neutral,0.0,threshold_found,0.7,0.85,0.7749999999999999,threshold_found,0.85,1.0,0.15000000000000002,0.925,0.15000000000000013,,0.2;0.3;0.4;0.5;0.7;0.85;1,True
rule_026,0.6,0.54,0.55,False,2.0,filling_biased,Filling-biased,1.0,stable_at_lowest_tested,,0.2,,stable_at_lowest_tested,,0.2,,,,,0.2,True
rule_026,0.6,0.54,0.55,False,4.0,opening_biased,Opening-biased,-1.0,threshold_found,3.5,3.75,3.625,threshold_found,3.5,3.75,0.25,3.625,0.0,,0.2;0.3;0.4;0.5;0.7;1;1.2;1.4;1.6;2;2.5;3;3.25;3.5;3.75,True
rule_026,0.6,0.54,0.55,False,4.0,neutral,Neutral,0.0,threshold_found,1.4,1.6,1.5,threshold_found,1.4,1.6,0.20000000000000018,1.5,0.0,,0.2;0.3;0.4;0.5;0.7;1;1.2;1.4;1.6,True
rule_026,0.6,0.54,0.55,False,4.0,filling_biased,Filling-biased,1.0,threshold_found,0.3,0.4,0.35,threshold_found,0.3,0.4,0.10000000000000003,0.35,0.0,,0.2;0.3;0.4,True
rule_026,0.6,0.54,0.55,False,6.0,opening_biased,Opening-biased,-1.0,threshold_found,3.75,4.0,3.875,censored_above_highest_tested,4.0,,,,,,0.2;0.3;0.4;0.5;0.7;1;1.2;1.4;1.6;2;2.5;3;3.25;3.5;3.75;4,False
rule_026,0.6,0.54,0.55,False,6.0,neutral,Neutral,0.0,threshold_found,2.0,2.25,2.125,threshold_found,2.0,2.25,0.25,2.125,0.0,,0.2;0.3;0.4;0.5;0.7;1;1.2;1.4;1.6;2;2.25;2.5,False
rule_026,0.6,0.54,0.55,False,6.0,filling_biased,Filling-biased,1.0,threshold_found,0.3,0.4,0.35,censored_above_highest_tested,0.4,,,,,,0.2;0.3;0.4,False
rule_027,0.6,0.54,0.6,False,2.0,opening_biased,Opening-biased,-1.0,threshold_found,3.0,3.25,3.125,censored_above_highest_tested,3.25,,,,,,0.2;0.3;0.4;0.5;0.7;1;1.2;1.4;1.6;2;2.5;3;3.25,False
rule_027,0.6,0.54,0.6,False,2.0,neutral,Neutral,0.0,threshold_found,0.7,0.85,0.7749999999999999,threshold_found,0.85,1.0,0.15000000000000002,0.925,0.15000000000000013,,0.2;0.3;0.4;0.5;0.7;0.85;1,False
rule_027,0.6,0.54,0.6,False,2.0,filling_biased,Filling-biased,1.0,stable_at_lowest_tested,,0.2,,stable_at_lowest_tested,,0.2,,,,,0.2,False
rule_027,0.6,0.54,0.6,False,4.0,opening_biased,Opening-biased,-1.0,threshold_found,3.5,3.75,3.625,threshold_found,3.5,3.75,0.25,3.625,0.0,,0.2;0.3;0.4;0.5;0.7;1;1.2;1.4;1.6;2;2.5;3;3.25;3.5;3.75,True
rule_027,0.6,0.54,0.6,False,4.0,neutral,Neutral,0.0,threshold_found,1.4,1.6,1.5,threshold_found,1.4,1.6,0.20000000000000018,1.5,0.0,,0.2;0.3;0.4;0.5;0.7;1;1.2;1.4;1.6,True
rule_027,0.6,0.54,0.6,False,4.0,filling_biased,Filling-biased,1.0,threshold_found,0.3,0.4,0.35,threshold_found,0.3,0.4,0.10000000000000003,0.35,0.0,,0.2;0.3;0.4,True
rule_027,0.6,0.54,0.6,False,6.0,opening_biased,Opening-biased,-1.0,threshold_found,3.75,4.0,3.875,censored_above_highest_tested,4.0,,,,,,0.2;0.3;0.4;0.5;0.7;1;1.2;1.4;1.6;2;2.5;3;3.25;3.5;3.75;4,False
rule_027,0.6,0.54,0.6,False,6.0,neutral,Neutral,0.0,threshold_found,2.0,2.25,2.125,threshold_found,2.25,2.5,0.25,2.375,0.25,,0.2;0.3;0.4;0.5;0.7;1;1.2;1.4;1.6;2;2.25;2.5,False
rule_027,0.6,0.54,0.6,False,6.0,filling_biased,Filling-biased,1.0,threshold_found,0.3,0.4,0.35,censored_above_highest_tested,0.4,,,,,,0.2;0.3;0.4,False
rule_028,0.6,0.56,0.5,False,2.0,opening_biased,Opening-biased,-1.0,threshold_found,3.0,3.25,3.125,threshold_found,2.5,3.0,0.5,2.75,-0.375,,0.2;0.3;0.4;0.5;0.7;1;1.2;1.4;1.6;2;2.5;3;3.25,True
rule_028,0.6,0.56,0.5,False,2.0,neutral,Neutral,0.0,threshold_found,0.7,0.85,0.7749999999999999,threshold_found,0.85,1.0,0.15000000000000002,0.925,0.15000000000000013,,0.2;0.3;0.4;0.5;0.7;0.85;1,True
rule_028,0.6,0.56,0.5,False,2.0,filling_biased,Filling-biased,1.0,stable_at_lowest_tested,,0.2,,stable_at_lowest_tested,,0.2,,,,,0.2,True
rule_028,0.6,0.56,0.5,False,4.0,opening_biased,Opening-biased,-1.0,threshold_found,3.5,3.75,3.625,threshold_found,3.0,3.25,0.25,3.125,-0.5,,0.2;0.3;0.4;0.5;0.7;1;1.2;1.4;1.6;2;2.5;3;3.25;3.5;3.75,True
rule_028,0.6,0.56,0.5,False,4.0,neutral,Neutral,0.0,threshold_found,1.4,1.6,1.5,threshold_found,1.4,1.6,0.20000000000000018,1.5,0.0,,0.2;0.3;0.4;0.5;0.7;1;1.2;1.4;1.6,True
rule_028,0.6,0.56,0.5,False,4.0,filling_biased,Filling-biased,1.0,threshold_found,0.3,0.4,0.35,threshold_found,0.3,0.4,0.10000000000000003,0.35,0.0,,0.2;0.3;0.4,True
rule_028,0.6,0.56,0.5,False,6.0,opening_biased,Opening-biased,-1.0,threshold_found,3.75,4.0,3.875,threshold_found,3.5,3.75,0.25,3.625,-0.25,,0.2;0.3;0.4;0.5;0.7;1;1.2;1.4;1.6;2;2.5;3;3.25;3.5;3.75;4,True
rule_028,0.6,0.56,0.5,False,6.0,neutral,Neutral,0.0,threshold_found,2.0,2.25,2.125,threshold_found,2.0,2.25,0.25,2.125,0.0,,0.2;0.3;0.4;0.5;0.7;1;1.2;1.4;1.6;2;2.25;2.5,True
rule_028,0.6,0.56,0.5,False,6.0,filling_biased,Filling-biased,1.0,threshold_found,0.3,0.4,0.35,threshold_found,0.3,0.4,0.10000000000000003,0.35,0.0,,0.2;0.3;0.4,True
rule_029,0.6,0.56,0.55,False,2.0,opening_biased,Opening-biased,-1.0,threshold_found,3.0,3.25,3.125,threshold_found,3.0,3.25,0.25,3.125,0.0,,0.2;0.3;0.4;0.5;0.7;1;1.2;1.4;1.6;2;2.5;3;3.25,True
rule_029,0.6,0.56,0.55,False,2.0,neutral,Neutral,0.0,threshold_found,0.7,0.85,0.7749999999999999,threshold_found,0.85,1.0,0.15000000000000002,0.925,0.15000000000000013,,0.2;0.3;0.4;0.5;0.7;0.85;1,True
rule_029,0.6,0.56,0.55,False,2.0,filling_biased,Filling-biased,1.0,stable_at_lowest_tested,,0.2,,stable_at_lowest_tested,,0.2,,,,,0.2,True
rule_029,0.6,0.56,0.55,False,4.0,opening_biased,Opening-biased,-1.0,threshold_found,3.5,3.75,3.625,threshold_found,3.5,3.75,0.25,3.625,0.0,,0.2;0.3;0.4;0.5;0.7;1;1.2;1.4;1.6;2;2.5;3;3.25;3.5;3.75,True
rule_029,0.6,0.56,0.55,False,4.0,neutral,Neutral,0.0,threshold_found,1.4,1.6,1.5,threshold_found,1.4,1.6,0.20000000000000018,1.5,0.0,,0.2;0.3;0.4;0.5;0.7;1;1.2;1.4;1.6,True
rule_029,0.6,0.56,0.55,False,4.0,filling_biased,Filling-biased,1.0,threshold_found,0.3,0.4,0.35,threshold_found,0.3,0.4,0.10000000000000003,0.35,0.0,,0.2;0.3;0.4,True
rule_029,0.6,0.56,0.55,False,6.0,opening_biased,Opening-biased,-1.0,threshold_found,3.75,4.0,3.875,censored_above_highest_tested,4.0,,,,,,0.2;0.3;0.4;0.5;0.7;1;1.2;1.4;1.6;2;2.5;3;3.25;3.5;3.75;4,False
rule_029,0.6,0.56,0.55,False,6.0,neutral,Neutral,0.0,threshold_found,2.0,2.25,2.125,threshold_found,2.0,2.25,0.25,2.125,0.0,,0.2;0.3;0.4;0.5;0.7;1;1.2;1.4;1.6;2;2.25;2.5,False
rule_029,0.6,0.56,0.55,False,6.0,filling_biased,Filling-biased,1.0,threshold_found,0.3,0.4,0.35,censored_above_highest_tested,0.4,,,,,,0.2;0.3;0.4,False
rule_030,0.6,0.56,0.6,False,2.0,opening_biased,Opening-biased,-1.0,threshold_found,3.0,3.25,3.125,censored_above_highest_tested,3.25,,,,,,0.2;0.3;0.4;0.5;0.7;1;1.2;1.4;1.6;2;2.5;3;3.25,False
rule_030,0.6,0.56,0.6,False,2.0,neutral,Neutral,0.0,threshold_found,0.7,0.85,0.7749999999999999,threshold_found,0.85,1.0,0.15000000000000002,0.925,0.15000000000000013,,0.2;0.3;0.4;0.5;0.7;0.85;1,False
rule_030,0.6,0.56,0.6,False,2.0,filling_biased,Filling-biased,1.0,stable_at_lowest_tested,,0.2,,stable_at_lowest_tested,,0.2,,,,,0.2,False
rule_030,0.6,0.56,0.6,False,4.0,opening_biased,Opening-biased,-1.0,threshold_found,3.5,3.75,3.625,threshold_found,3.5,3.75,0.25,3.625,0.0,,0.2;0.3;0.4;0.5;0.7;1;1.2;1.4;1.6;2;2.5;3;3.25;3.5;3.75,True
rule_030,0.6,0.56,0.6,False,4.0,neutral,Neutral,0.0,threshold_found,1.4,1.6,1.5,threshold_found,1.4,1.6,0.20000000000000018,1.5,0.0,,0.2;0.3;0.4;0.5;0.7;1;1.2;1.4;1.6,True
rule_030,0.6,0.56,0.6,False,4.0,filling_biased,Filling-biased,1.0,threshold_found,0.3,0.4,0.35,threshold_found,0.3,0.4,0.10000000000000003,0.35,0.0,,0.2;0.3;0.4,True
rule_030,0.6,0.56,0.6,False,6.0,opening_biased,Opening-biased,-1.0,threshold_found,3.75,4.0,3.875,censored_above_highest_tested,4.0,,,,,,0.2;0.3;0.4;0.5;0.7;1;1.2;1.4;1.6;2;2.5;3;3.25;3.5;3.75;4,False
rule_030,0.6,0.56,0.6,False,6.0,neutral,Neutral,0.0,threshold_found,2.0,2.25,2.125,threshold_found,2.25,2.5,0.25,2.375,0.25,,0.2;0.3;0.4;0.5;0.7;1;1.2;1.4;1.6;2;2.25;2.5,False
rule_030,0.6,0.56,0.6,False,6.0,filling_biased,Filling-biased,1.0,threshold_found,0.3,0.4,0.35,censored_above_highest_tested,0.4,,,,,,0.2;0.3;0.4,False
rule_031,0.62,0.48,0.5,False,2.0,opening_biased,Opening-biased,-1.0,threshold_found,3.0,3.25,3.125,threshold_found,2.5,3.0,0.5,2.75,-0.375,,0.2;0.3;0.4;0.5;0.7;1;1.2;1.4;1.6;2;2.5;3;3.25,True
rule_031,0.62,0.48,0.5,False,2.0,neutral,Neutral,0.0,threshold_found,0.7,0.85,0.7749999999999999,threshold_found,0.7,0.85,0.15000000000000002,0.7749999999999999,0.0,,0.2;0.3;0.4;0.5;0.7;0.85;1,True
rule_031,0.62,0.48,0.5,False,2.0,filling_biased,Filling-biased,1.0,stable_at_lowest_tested,,0.2,,stable_at_lowest_tested,,0.2,,,,,0.2,True
rule_031,0.62,0.48,0.5,False,4.0,opening_biased,Opening-biased,-1.0,threshold_found,3.5,3.75,3.625,threshold_found,3.0,3.25,0.25,3.125,-0.5,,0.2;0.3;0.4;0.5;0.7;1;1.2;1.4;1.6;2;2.5;3;3.25;3.5;3.75,True
rule_031,0.62,0.48,0.5,False,4.0,neutral,Neutral,0.0,threshold_found,1.4,1.6,1.5,threshold_found,1.4,1.6,0.20000000000000018,1.5,0.0,,0.2;0.3;0.4;0.5;0.7;1;1.2;1.4;1.6,True
rule_031,0.62,0.48,0.5,False,4.0,filling_biased,Filling-biased,1.0,threshold_found,0.3,0.4,0.35,threshold_found,0.3,0.4,0.10000000000000003,0.35,0.0,,0.2;0.3;0.4,True
rule_031,0.62,0.48,0.5,False,6.0,opening_biased,Opening-biased,-1.0,threshold_found,3.75,4.0,3.875,threshold_found,3.5,3.75,0.25,3.625,-0.25,,0.2;0.3;0.4;0.5;0.7;1;1.2;1.4;1.6;2;2.5;3;3.25;3.5;3.75;4,False
rule_031,0.62,0.48,0.5,False,6.0,neutral,Neutral,0.0,threshold_found,2.0,2.25,2.125,threshold_found,2.0,2.25,0.25,2.125,0.0,,0.2;0.3;0.4;0.5;0.7;1;1.2;1.4;1.6;2;2.25;2.5,False
rule_031,0.62,0.48,0.5,False,6.0,filling_biased,Filling-biased,1.0,threshold_found,0.3,0.4,0.35,censored_above_highest_tested,0.4,,,,,,0.2;0.3;0.4,False
rule_032,0.62,0.48,0.55,False,2.0,opening_biased,Opening-biased,-1.0,threshold_found,3.0,3.25,3.125,threshold_found,3.0,3.25,0.25,3.125,0.0,,0.2;0.3;0.4;0.5;0.7;1;1.2;1.4;1.6;2;2.5;3;3.25,True
rule_032,0.62,0.48,0.55,False,2.0,neutral,Neutral,0.0,threshold_found,0.7,0.85,0.7749999999999999,threshold_found,0.7,0.85,0.15000000000000002,0.7749999999999999,0.0,,0.2;0.3;0.4;0.5;0.7;0.85;1,True
rule_032,0.62,0.48,0.55,False,2.0,filling_biased,Filling-biased,1.0,stable_at_lowest_tested,,0.2,,stable_at_lowest_tested,,0.2,,,,,0.2,True
rule_032,0.62,0.48,0.55,False,4.0,opening_biased,Opening-biased,-1.0,threshold_found,3.5,3.75,3.625,threshold_found,3.5,3.75,0.25,3.625,0.0,,0.2;0.3;0.4;0.5;0.7;1;1.2;1.4;1.6;2;2.5;3;3.25;3.5;3.75,True
rule_032,0.62,0.48,0.55,False,4.0,neutral,Neutral,0.0,threshold_found,1.4,1.6,1.5,threshold_found,1.4,1.6,0.20000000000000018,1.5,0.0,,0.2;0.3;0.4;0.5;0.7;1;1.2;1.4;1.6,True
rule_032,0.62,0.48,0.55,False,4.0,filling_biased,Filling-biased,1.0,threshold_found,0.3,0.4,0.35,threshold_found,0.3,0.4,0.10000000000000003,0.35,0.0,,0.2;0.3;0.4,True
rule_032,0.62,0.48,0.55,False,6.0,opening_biased,Opening-biased,-1.0,threshold_found,3.75,4.0,3.875,threshold_found,3.75,4.0,0.25,3.875,0.0,,0.2;0.3;0.4;0.5;0.7;1;1.2;1.4;1.6;2;2.5;3;3.25;3.5;3.75;4,False
rule_032,0.62,0.48,0.55,False,6.0,neutral,Neutral,0.0,threshold_found,2.0,2.25,2.125,threshold_found,2.0,2.25,0.25,2.125,0.0,,0.2;0.3;0.4;0.5;0.7;1;1.2;1.4;1.6;2;2.25;2.5,False
rule_032,0.62,0.48,0.55,False,6.0,filling_biased,Filling-biased,1.0,threshold_found,0.3,0.4,0.35,censored_above_highest_tested,0.4,,,,,,0.2;0.3;0.4,False
rule_033,0.62,0.48,0.6,False,2.0,opening_biased,Opening-biased,-1.0,threshold_found,3.0,3.25,3.125,threshold_found,3.0,3.25,0.25,3.125,0.0,,0.2;0.3;0.4;0.5;0.7;1;1.2;1.4;1.6;2;2.5;3;3.25,True
rule_033,0.62,0.48,0.6,False,2.0,neutral,Neutral,0.0,threshold_found,0.7,0.85,0.7749999999999999,threshold_found,0.7,0.85,0.15000000000000002,0.7749999999999999,0.0,,0.2;0.3;0.4;0.5;0.7;0.85;1,True
rule_033,0.62,0.48,0.6,False,2.0,filling_biased,Filling-biased,1.0,stable_at_lowest_tested,,0.2,,stable_at_lowest_tested,,0.2,,,,,0.2,True
rule_033,0.62,0.48,0.6,False,4.0,opening_biased,Opening-biased,-1.0,threshold_found,3.5,3.75,3.625,threshold_found,3.5,3.75,0.25,3.625,0.0,,0.2;0.3;0.4;0.5;0.7;1;1.2;1.4;1.6;2;2.5;3;3.25;3.5;3.75,True
rule_033,0.62,0.48,0.6,False,4.0,neutral,Neutral,0.0,threshold_found,1.4,1.6,1.5,threshold_found,1.4,1.6,0.20000000000000018,1.5,0.0,,0.2;0.3;0.4;0.5;0.7;1;1.2;1.4;1.6,True
rule_033,0.62,0.48,0.6,False,4.0,filling_biased,Filling-biased,1.0,threshold_found,0.3,0.4,0.35,threshold_found,0.3,0.4,0.10000000000000003,0.35,0.0,,0.2;0.3;0.4,True
rule_033,0.62,0.48,0.6,False,6.0,opening_biased,Opening-biased,-1.0,threshold_found,3.75,4.0,3.875,threshold_found,3.75,4.0,0.25,3.875,0.0,,0.2;0.3;0.4;0.5;0.7;1;1.2;1.4;1.6;2;2.5;3;3.25;3.5;3.75;4,False
rule_033,0.62,0.48,0.6,False,6.0,neutral,Neutral,0.0,threshold_found,2.0,2.25,2.125,threshold_found,2.0,2.25,0.25,2.125,0.0,,0.2;0.3;0.4;0.5;0.7;1;1.2;1.4;1.6;2;2.25;2.5,False
rule_033,0.62,0.48,0.6,False,6.0,filling_biased,Filling-biased,1.0,threshold_found,0.3,0.4,0.35,censored_above_highest_tested,0.4,,,,,,0.2;0.3;0.4,False
rule_034,0.62,0.5,0.5,False,2.0,opening_biased,Opening-biased,-1.0,threshold_found,3.0,3.25,3.125,threshold_found,2.5,3.0,0.5,2.75,-0.375,,0.2;0.3;0.4;0.5;0.7;1;1.2;1.4;1.6;2;2.5;3;3.25,True
rule_034,0.62,0.5,0.5,False,2.0,neutral,Neutral,0.0,threshold_found,0.7,0.85,0.7749999999999999,threshold_found,0.7,0.85,0.15000000000000002,0.7749999999999999,0.0,,0.2;0.3;0.4;0.5;0.7;0.85;1,True
rule_034,0.62,0.5,0.5,False,2.0,filling_biased,Filling-biased,1.0,stable_at_lowest_tested,,0.2,,stable_at_lowest_tested,,0.2,,,,,0.2,True
rule_034,0.62,0.5,0.5,False,4.0,opening_biased,Opening-biased,-1.0,threshold_found,3.5,3.75,3.625,threshold_found,3.0,3.25,0.25,3.125,-0.5,,0.2;0.3;0.4;0.5;0.7;1;1.2;1.4;1.6;2;2.5;3;3.25;3.5;3.75,True
rule_034,0.62,0.5,0.5,False,4.0,neutral,Neutral,0.0,threshold_found,1.4,1.6,1.5,threshold_found,1.4,1.6,0.20000000000000018,1.5,0.0,,0.2;0.3;0.4;0.5;0.7;1;1.2;1.4;1.6,True
rule_034,0.62,0.5,0.5,False,4.0,filling_biased,Filling-biased,1.0,threshold_found,0.3,0.4,0.35,threshold_found,0.3,0.4,0.10000000000000003,0.35,0.0,,0.2;0.3;0.4,True
rule_034,0.62,0.5,0.5,False,6.0,opening_biased,Opening-biased,-1.0,threshold_found,3.75,4.0,3.875,threshold_found,3.5,3.75,0.25,3.625,-0.25,,0.2;0.3;0.4;0.5;0.7;1;1.2;1.4;1.6;2;2.5;3;3.25;3.5;3.75;4,True
rule_034,0.62,0.5,0.5,False,6.0,neutral,Neutral,0.0,threshold_found,2.0,2.25,2.125,threshold_found,2.0,2.25,0.25,2.125,0.0,,0.2;0.3;0.4;0.5;0.7;1;1.2;1.4;1.6;2;2.25;2.5,True
rule_034,0.62,0.5,0.5,False,6.0,filling_biased,Filling-biased,1.0,threshold_found,0.3,0.4,0.35,threshold_found,0.3,0.4,0.10000000000000003,0.35,0.0,,0.2;0.3;0.4,True
rule_035,0.62,0.5,0.55,False,2.0,opening_biased,Opening-biased,-1.0,threshold_found,3.0,3.25,3.125,threshold_found,3.0,3.25,0.25,3.125,0.0,,0.2;0.3;0.4;0.5;0.7;1;1.2;1.4;1.6;2;2.5;3;3.25,True
rule_035,0.62,0.5,0.55,False,2.0,neutral,Neutral,0.0,threshold_found,0.7,0.85,0.7749999999999999,threshold_found,0.7,0.85,0.15000000000000002,0.7749999999999999,0.0,,0.2;0.3;0.4;0.5;0.7;0.85;1,True
rule_035,0.62,0.5,0.55,False,2.0,filling_biased,Filling-biased,1.0,stable_at_lowest_tested,,0.2,,stable_at_lowest_tested,,0.2,,,,,0.2,True
rule_035,0.62,0.5,0.55,False,4.0,opening_biased,Opening-biased,-1.0,threshold_found,3.5,3.75,3.625,threshold_found,3.5,3.75,0.25,3.625,0.0,,0.2;0.3;0.4;0.5;0.7;1;1.2;1.4;1.6;2;2.5;3;3.25;3.5;3.75,True
rule_035,0.62,0.5,0.55,False,4.0,neutral,Neutral,0.0,threshold_found,1.4,1.6,1.5,threshold_found,1.4,1.6,0.20000000000000018,1.5,0.0,,0.2;0.3;0.4;0.5;0.7;1;1.2;1.4;1.6,True
rule_035,0.62,0.5,0.55,False,4.0,filling_biased,Filling-biased,1.0,threshold_found,0.3,0.4,0.35,threshold_found,0.3,0.4,0.10000000000000003,0.35,0.0,,0.2;0.3;0.4,True
rule_035,0.62,0.5,0.55,False,6.0,opening_biased,Opening-biased,-1.0,threshold_found,3.75,4.0,3.875,threshold_found,3.75,4.0,0.25,3.875,0.0,,0.2;0.3;0.4;0.5;0.7;1;1.2;1.4;1.6;2;2.5;3;3.25;3.5;3.75;4,True
rule_035,0.62,0.5,0.55,False,6.0,neutral,Neutral,0.0,threshold_found,2.0,2.25,2.125,threshold_found,2.0,2.25,0.25,2.125,0.0,,0.2;0.3;0.4;0.5;0.7;1;1.2;1.4;1.6;2;2.25;2.5,True
rule_035,0.62,0.5,0.55,False,6.0,filling_biased,Filling-biased,1.0,threshold_found,0.3,0.4,0.35,threshold_found,0.3,0.4,0.10000000000000003,0.35,0.0,,0.2;0.3;0.4,True
rule_036,0.62,0.5,0.6,False,2.0,opening_biased,Opening-biased,-1.0,threshold_found,3.0,3.25,3.125,threshold_found,3.0,3.25,0.25,3.125,0.0,,0.2;0.3;0.4;0.5;0.7;1;1.2;1.4;1.6;2;2.5;3;3.25,True
rule_036,0.62,0.5,0.6,False,2.0,neutral,Neutral,0.0,threshold_found,0.7,0.85,0.7749999999999999,threshold_found,0.7,0.85,0.15000000000000002,0.7749999999999999,0.0,,0.2;0.3;0.4;0.5;0.7;0.85;1,True
rule_036,0.62,0.5,0.6,False,2.0,filling_biased,Filling-biased,1.0,stable_at_lowest_tested,,0.2,,stable_at_lowest_tested,,0.2,,,,,0.2,True
rule_036,0.62,0.5,0.6,False,4.0,opening_biased,Opening-biased,-1.0,threshold_found,3.5,3.75,3.625,threshold_found,3.5,3.75,0.25,3.625,0.0,,0.2;0.3;0.4;0.5;0.7;1;1.2;1.4;1.6;2;2.5;3;3.25;3.5;3.75,True
rule_036,0.62,0.5,0.6,False,4.0,neutral,Neutral,0.0,threshold_found,1.4,1.6,1.5,threshold_found,1.4,1.6,0.20000000000000018,1.5,0.0,,0.2;0.3;0.4;0.5;0.7;1;1.2;1.4;1.6,True
rule_036,0.62,0.5,0.6,False,4.0,filling_biased,Filling-biased,1.0,threshold_found,0.3,0.4,0.35,threshold_found,0.3,0.4,0.10000000000000003,0.35,0.0,,0.2;0.3;0.4,True
rule_036,0.62,0.5,0.6,False,6.0,opening_biased,Opening-biased,-1.0,threshold_found,3.75,4.0,3.875,threshold_found,3.75,4.0,0.25,3.875,0.0,,0.2;0.3;0.4;0.5;0.7;1;1.2;1.4;1.6;2;2.5;3;3.25;3.5;3.75;4,False
rule_036,0.62,0.5,0.6,False,6.0,neutral,Neutral,0.0,threshold_found,2.0,2.25,2.125,threshold_found,2.0,2.25,0.25,2.125,0.0,,0.2;0.3;0.4;0.5;0.7;1;1.2;1.4;1.6;2;2.25;2.5,False
rule_036,0.62,0.5,0.6,False,6.0,filling_biased,Filling-biased,1.0,threshold_found,0.3,0.4,0.35,censored_above_highest_tested,0.4,,,,,,0.2;0.3;0.4,False
rule_037,0.62,0.52,0.5,False,2.0,opening_biased,Opening-biased,-1.0,threshold_found,3.0,3.25,3.125,threshold_found,2.5,3.0,0.5,2.75,-0.375,,0.2;0.3;0.4;0.5;0.7;1;1.2;1.4;1.6;2;2.5;3;3.25,True
rule_037,0.62,0.52,0.5,False,2.0,neutral,Neutral,0.0,threshold_found,0.7,0.85,0.7749999999999999,threshold_found,0.7,0.85,0.15000000000000002,0.7749999999999999,0.0,,0.2;0.3;0.4;0.5;0.7;0.85;1,True
rule_037,0.62,0.52,0.5,False,2.0,filling_biased,Filling-biased,1.0,stable_at_lowest_tested,,0.2,,stable_at_lowest_tested,,0.2,,,,,0.2,True
rule_037,0.62,0.52,0.5,False,4.0,opening_biased,Opening-biased,-1.0,threshold_found,3.5,3.75,3.625,threshold_found,3.0,3.25,0.25,3.125,-0.5,,0.2;0.3;0.4;0.5;0.7;1;1.2;1.4;1.6;2;2.5;3;3.25;3.5;3.75,True
rule_037,0.62,0.52,0.5,False,4.0,neutral,Neutral,0.0,threshold_found,1.4,1.6,1.5,threshold_found,1.4,1.6,0.20000000000000018,1.5,0.0,,0.2;0.3;0.4;0.5;0.7;1;1.2;1.4;1.6,True
rule_037,0.62,0.52,0.5,False,4.0,filling_biased,Filling-biased,1.0,threshold_found,0.3,0.4,0.35,threshold_found,0.3,0.4,0.10000000000000003,0.35,0.0,,0.2;0.3;0.4,True
rule_037,0.62,0.52,0.5,False,6.0,opening_biased,Opening-biased,-1.0,threshold_found,3.75,4.0,3.875,threshold_found,3.5,3.75,0.25,3.625,-0.25,,0.2;0.3;0.4;0.5;0.7;1;1.2;1.4;1.6;2;2.5;3;3.25;3.5;3.75;4,True
rule_037,0.62,0.52,0.5,False,6.0,neutral,Neutral,0.0,threshold_found,2.0,2.25,2.125,threshold_found,2.0,2.25,0.25,2.125,0.0,,0.2;0.3;0.4;0.5;0.7;1;1.2;1.4;1.6;2;2.25;2.5,True
rule_037,0.62,0.52,0.5,False,6.0,filling_biased,Filling-biased,1.0,threshold_found,0.3,0.4,0.35,threshold_found,0.3,0.4,0.10000000000000003,0.35,0.0,,0.2;0.3;0.4,True
rule_038,0.62,0.52,0.55,True,2.0,opening_biased,Opening-biased,-1.0,threshold_found,3.0,3.25,3.125,threshold_found,3.0,3.25,0.25,3.125,0.0,,0.2;0.3;0.4;0.5;0.7;1;1.2;1.4;1.6;2;2.5;3;3.25,True
rule_038,0.62,0.52,0.55,True,2.0,neutral,Neutral,0.0,threshold_found,0.7,0.85,0.7749999999999999,threshold_found,0.7,0.85,0.15000000000000002,0.7749999999999999,0.0,,0.2;0.3;0.4;0.5;0.7;0.85;1,True
rule_038,0.62,0.52,0.55,True,2.0,filling_biased,Filling-biased,1.0,stable_at_lowest_tested,,0.2,,stable_at_lowest_tested,,0.2,,,,,0.2,True
rule_038,0.62,0.52,0.55,True,4.0,opening_biased,Opening-biased,-1.0,threshold_found,3.5,3.75,3.625,threshold_found,3.5,3.75,0.25,3.625,0.0,,0.2;0.3;0.4;0.5;0.7;1;1.2;1.4;1.6;2;2.5;3;3.25;3.5;3.75,True
rule_038,0.62,0.52,0.55,True,4.0,neutral,Neutral,0.0,threshold_found,1.4,1.6,1.5,threshold_found,1.4,1.6,0.20000000000000018,1.5,0.0,,0.2;0.3;0.4;0.5;0.7;1;1.2;1.4;1.6,True
rule_038,0.62,0.52,0.55,True,4.0,filling_biased,Filling-biased,1.0,threshold_found,0.3,0.4,0.35,threshold_found,0.3,0.4,0.10000000000000003,0.35,0.0,,0.2;0.3;0.4,True
rule_038,0.62,0.52,0.55,True,6.0,opening_biased,Opening-biased,-1.0,threshold_found,3.75,4.0,3.875,threshold_found,3.75,4.0,0.25,3.875,0.0,,0.2;0.3;0.4;0.5;0.7;1;1.2;1.4;1.6;2;2.5;3;3.25;3.5;3.75;4,True
rule_038,0.62,0.52,0.55,True,6.0,neutral,Neutral,0.0,threshold_found,2.0,2.25,2.125,threshold_found,2.0,2.25,0.25,2.125,0.0,,0.2;0.3;0.4;0.5;0.7;1;1.2;1.4;1.6;2;2.25;2.5,True
rule_038,0.62,0.52,0.55,True,6.0,filling_biased,Filling-biased,1.0,threshold_found,0.3,0.4,0.35,threshold_found,0.3,0.4,0.10000000000000003,0.35,0.0,,0.2;0.3;0.4,True
rule_039,0.62,0.52,0.6,False,2.0,opening_biased,Opening-biased,-1.0,threshold_found,3.0,3.25,3.125,threshold_found,3.0,3.25,0.25,3.125,0.0,,0.2;0.3;0.4;0.5;0.7;1;1.2;1.4;1.6;2;2.5;3;3.25,True
rule_039,0.62,0.52,0.6,False,2.0,neutral,Neutral,0.0,threshold_found,0.7,0.85,0.7749999999999999,threshold_found,0.7,0.85,0.15000000000000002,0.7749999999999999,0.0,,0.2;0.3;0.4;0.5;0.7;0.85;1,True
rule_039,0.62,0.52,0.6,False,2.0,filling_biased,Filling-biased,1.0,stable_at_lowest_tested,,0.2,,stable_at_lowest_tested,,0.2,,,,,0.2,True
rule_039,0.62,0.52,0.6,False,4.0,opening_biased,Opening-biased,-1.0,threshold_found,3.5,3.75,3.625,threshold_found,3.5,3.75,0.25,3.625,0.0,,0.2;0.3;0.4;0.5;0.7;1;1.2;1.4;1.6;2;2.5;3;3.25;3.5;3.75,True
rule_039,0.62,0.52,0.6,False,4.0,neutral,Neutral,0.0,threshold_found,1.4,1.6,1.5,threshold_found,1.4,1.6,0.20000000000000018,1.5,0.0,,0.2;0.3;0.4;0.5;0.7;1;1.2;1.4;1.6,True
rule_039,0.62,0.52,0.6,False,4.0,filling_biased,Filling-biased,1.0,threshold_found,0.3,0.4,0.35,threshold_found,0.3,0.4,0.10000000000000003,0.35,0.0,,0.2;0.3;0.4,True
rule_039,0.62,0.52,0.6,False,6.0,opening_biased,Opening-biased,-1.0,threshold_found,3.75,4.0,3.875,threshold_found,3.75,4.0,0.25,3.875,0.0,,0.2;0.3;0.4;0.5;0.7;1;1.2;1.4;1.6;2;2.5;3;3.25;3.5;3.75;4,False
rule_039,0.62,0.52,0.6,False,6.0,neutral,Neutral,0.0,threshold_found,2.0,2.25,2.125,threshold_found,2.0,2.25,0.25,2.125,0.0,,0.2;0.3;0.4;0.5;0.7;1;1.2;1.4;1.6;2;2.25;2.5,False
rule_039,0.62,0.52,0.6,False,6.0,filling_biased,Filling-biased,1.0,threshold_found,0.3,0.4,0.35,censored_above_highest_tested,0.4,,,,,,0.2;0.3;0.4,False
rule_040,0.62,0.54,0.5,False,2.0,opening_biased,Opening-biased,-1.0,threshold_found,3.0,3.25,3.125,threshold_found,2.5,3.0,0.5,2.75,-0.375,,0.2;0.3;0.4;0.5;0.7;1;1.2;1.4;1.6;2;2.5;3;3.25,True
rule_040,0.62,0.54,0.5,False,2.0,neutral,Neutral,0.0,threshold_found,0.7,0.85,0.7749999999999999,threshold_found,0.7,0.85,0.15000000000000002,0.7749999999999999,0.0,,0.2;0.3;0.4;0.5;0.7;0.85;1,True
rule_040,0.62,0.54,0.5,False,2.0,filling_biased,Filling-biased,1.0,stable_at_lowest_tested,,0.2,,stable_at_lowest_tested,,0.2,,,,,0.2,True
rule_040,0.62,0.54,0.5,False,4.0,opening_biased,Opening-biased,-1.0,threshold_found,3.5,3.75,3.625,threshold_found,3.0,3.25,0.25,3.125,-0.5,,0.2;0.3;0.4;0.5;0.7;1;1.2;1.4;1.6;2;2.5;3;3.25;3.5;3.75,True
rule_040,0.62,0.54,0.5,False,4.0,neutral,Neutral,0.0,threshold_found,1.4,1.6,1.5,threshold_found,1.4,1.6,0.20000000000000018,1.5,0.0,,0.2;0.3;0.4;0.5;0.7;1;1.2;1.4;1.6,True
rule_040,0.62,0.54,0.5,False,4.0,filling_biased,Filling-biased,1.0,threshold_found,0.3,0.4,0.35,threshold_found,0.3,0.4,0.10000000000000003,0.35,0.0,,0.2;0.3;0.4,True
rule_040,0.62,0.54,0.5,False,6.0,opening_biased,Opening-biased,-1.0,threshold_found,3.75,4.0,3.875,threshold_found,3.5,3.75,0.25,3.625,-0.25,,0.2;0.3;0.4;0.5;0.7;1;1.2;1.4;1.6;2;2.5;3;3.25;3.5;3.75;4,True
rule_040,0.62,0.54,0.5,False,6.0,neutral,Neutral,0.0,threshold_found,2.0,2.25,2.125,threshold_found,2.0,2.25,0.25,2.125,0.0,,0.2;0.3;0.4;0.5;0.7;1;1.2;1.4;1.6;2;2.25;2.5,True
rule_040,0.62,0.54,0.5,False,6.0,filling_biased,Filling-biased,1.0,threshold_found,0.3,0.4,0.35,threshold_found,0.3,0.4,0.10000000000000003,0.35,0.0,,0.2;0.3;0.4,True
rule_041,0.62,0.54,0.55,False,2.0,opening_biased,Opening-biased,-1.0,threshold_found,3.0,3.25,3.125,threshold_found,3.0,3.25,0.25,3.125,0.0,,0.2;0.3;0.4;0.5;0.7;1;1.2;1.4;1.6;2;2.5;3;3.25,True
rule_041,0.62,0.54,0.55,False,2.0,neutral,Neutral,0.0,threshold_found,0.7,0.85,0.7749999999999999,threshold_found,0.7,0.85,0.15000000000000002,0.7749999999999999,0.0,,0.2;0.3;0.4;0.5;0.7;0.85;1,True
rule_041,0.62,0.54,0.55,False,2.0,filling_biased,Filling-biased,1.0,stable_at_lowest_tested,,0.2,,stable_at_lowest_tested,,0.2,,,,,0.2,True
rule_041,0.62,0.54,0.55,False,4.0,opening_biased,Opening-biased,-1.0,threshold_found,3.5,3.75,3.625,threshold_found,3.5,3.75,0.25,3.625,0.0,,0.2;0.3;0.4;0.5;0.7;1;1.2;1.4;1.6;2;2.5;3;3.25;3.5;3.75,True
rule_041,0.62,0.54,0.55,False,4.0,neutral,Neutral,0.0,threshold_found,1.4,1.6,1.5,threshold_found,1.4,1.6,0.20000000000000018,1.5,0.0,,0.2;0.3;0.4;0.5;0.7;1;1.2;1.4;1.6,True
rule_041,0.62,0.54,0.55,False,4.0,filling_biased,Filling-biased,1.0,threshold_found,0.3,0.4,0.35,threshold_found,0.3,0.4,0.10000000000000003,0.35,0.0,,0.2;0.3;0.4,True
rule_041,0.62,0.54,0.55,False,6.0,opening_biased,Opening-biased,-1.0,threshold_found,3.75,4.0,3.875,threshold_found,3.75,4.0,0.25,3.875,0.0,,0.2;0.3;0.4;0.5;0.7;1;1.2;1.4;1.6;2;2.5;3;3.25;3.5;3.75;4,True
rule_041,0.62,0.54,0.55,False,6.0,neutral,Neutral,0.0,threshold_found,2.0,2.25,2.125,threshold_found,2.0,2.25,0.25,2.125,0.0,,0.2;0.3;0.4;0.5;0.7;1;1.2;1.4;1.6;2;2.25;2.5,True
rule_041,0.62,0.54,0.55,False,6.0,filling_biased,Filling-biased,1.0,threshold_found,0.3,0.4,0.35,threshold_found,0.3,0.4,0.10000000000000003,0.35,0.0,,0.2;0.3;0.4,True
rule_042,0.62,0.54,0.6,False,2.0,opening_biased,Opening-biased,-1.0,threshold_found,3.0,3.25,3.125,threshold_found,3.0,3.25,0.25,3.125,0.0,,0.2;0.3;0.4;0.5;0.7;1;1.2;1.4;1.6;2;2.5;3;3.25,True
rule_042,0.62,0.54,0.6,False,2.0,neutral,Neutral,0.0,threshold_found,0.7,0.85,0.7749999999999999,threshold_found,0.7,0.85,0.15000000000000002,0.7749999999999999,0.0,,0.2;0.3;0.4;0.5;0.7;0.85;1,True
rule_042,0.62,0.54,0.6,False,2.0,filling_biased,Filling-biased,1.0,stable_at_lowest_tested,,0.2,,stable_at_lowest_tested,,0.2,,,,,0.2,True
rule_042,0.62,0.54,0.6,False,4.0,opening_biased,Opening-biased,-1.0,threshold_found,3.5,3.75,3.625,threshold_found,3.5,3.75,0.25,3.625,0.0,,0.2;0.3;0.4;0.5;0.7;1;1.2;1.4;1.6;2;2.5;3;3.25;3.5;3.75,True
rule_042,0.62,0.54,0.6,False,4.0,neutral,Neutral,0.0,threshold_found,1.4,1.6,1.5,threshold_found,1.4,1.6,0.20000000000000018,1.5,0.0,,0.2;0.3;0.4;0.5;0.7;1;1.2;1.4;1.6,True
rule_042,0.62,0.54,0.6,False,4.0,filling_biased,Filling-biased,1.0,threshold_found,0.3,0.4,0.35,threshold_found,0.3,0.4,0.10000000000000003,0.35,0.0,,0.2;0.3;0.4,True
rule_042,0.62,0.54,0.6,False,6.0,opening_biased,Opening-biased,-1.0,threshold_found,3.75,4.0,3.875,threshold_found,3.75,4.0,0.25,3.875,0.0,,0.2;0.3;0.4;0.5;0.7;1;1.2;1.4;1.6;2;2.5;3;3.25;3.5;3.75;4,False
rule_042,0.62,0.54,0.6,False,6.0,neutral,Neutral,0.0,threshold_found,2.0,2.25,2.125,threshold_found,2.0,2.25,0.25,2.125,0.0,,0.2;0.3;0.4;0.5;0.7;1;1.2;1.4;1.6;2;2.25;2.5,False
rule_042,0.62,0.54,0.6,False,6.0,filling_biased,Filling-biased,1.0,threshold_found,0.3,0.4,0.35,censored_above_highest_tested,0.4,,,,,,0.2;0.3;0.4,False
rule_043,0.62,0.56,0.5,False,2.0,opening_biased,Opening-biased,-1.0,threshold_found,3.0,3.25,3.125,threshold_found,2.5,3.0,0.5,2.75,-0.375,,0.2;0.3;0.4;0.5;0.7;1;1.2;1.4;1.6;2;2.5;3;3.25,True
rule_043,0.62,0.56,0.5,False,2.0,neutral,Neutral,0.0,threshold_found,0.7,0.85,0.7749999999999999,threshold_found,0.7,0.85,0.15000000000000002,0.7749999999999999,0.0,,0.2;0.3;0.4;0.5;0.7;0.85;1,True
rule_043,0.62,0.56,0.5,False,2.0,filling_biased,Filling-biased,1.0,stable_at_lowest_tested,,0.2,,stable_at_lowest_tested,,0.2,,,,,0.2,True
rule_043,0.62,0.56,0.5,False,4.0,opening_biased,Opening-biased,-1.0,threshold_found,3.5,3.75,3.625,threshold_found,3.0,3.25,0.25,3.125,-0.5,,0.2;0.3;0.4;0.5;0.7;1;1.2;1.4;1.6;2;2.5;3;3.25;3.5;3.75,True
rule_043,0.62,0.56,0.5,False,4.0,neutral,Neutral,0.0,threshold_found,1.4,1.6,1.5,threshold_found,1.4,1.6,0.20000000000000018,1.5,0.0,,0.2;0.3;0.4;0.5;0.7;1;1.2;1.4;1.6,True
rule_043,0.62,0.56,0.5,False,4.0,filling_biased,Filling-biased,1.0,threshold_found,0.3,0.4,0.35,threshold_found,0.3,0.4,0.10000000000000003,0.35,0.0,,0.2;0.3;0.4,True
rule_043,0.62,0.56,0.5,False,6.0,opening_biased,Opening-biased,-1.0,threshold_found,3.75,4.0,3.875,threshold_found,3.5,3.75,0.25,3.625,-0.25,,0.2;0.3;0.4;0.5;0.7;1;1.2;1.4;1.6;2;2.5;3;3.25;3.5;3.75;4,True
rule_043,0.62,0.56,0.5,False,6.0,neutral,Neutral,0.0,threshold_found,2.0,2.25,2.125,threshold_found,2.0,2.25,0.25,2.125,0.0,,0.2;0.3;0.4;0.5;0.7;1;1.2;1.4;1.6;2;2.25;2.5,True
rule_043,0.62,0.56,0.5,False,6.0,filling_biased,Filling-biased,1.0,threshold_found,0.3,0.4,0.35,threshold_found,0.3,0.4,0.10000000000000003,0.35,0.0,,0.2;0.3;0.4,True
rule_044,0.62,0.56,0.55,False,2.0,opening_biased,Opening-biased,-1.0,threshold_found,3.0,3.25,3.125,threshold_found,3.0,3.25,0.25,3.125,0.0,,0.2;0.3;0.4;0.5;0.7;1;1.2;1.4;1.6;2;2.5;3;3.25,True
rule_044,0.62,0.56,0.55,False,2.0,neutral,Neutral,0.0,threshold_found,0.7,0.85,0.7749999999999999,threshold_found,0.7,0.85,0.15000000000000002,0.7749999999999999,0.0,,0.2;0.3;0.4;0.5;0.7;0.85;1,True
rule_044,0.62,0.56,0.55,False,2.0,filling_biased,Filling-biased,1.0,stable_at_lowest_tested,,0.2,,stable_at_lowest_tested,,0.2,,,,,0.2,True
rule_044,0.62,0.56,0.55,False,4.0,opening_biased,Opening-biased,-1.0,threshold_found,3.5,3.75,3.625,threshold_found,3.5,3.75,0.25,3.625,0.0,,0.2;0.3;0.4;0.5;0.7;1;1.2;1.4;1.6;2;2.5;3;3.25;3.5;3.75,True
rule_044,0.62,0.56,0.55,False,4.0,neutral,Neutral,0.0,threshold_found,1.4,1.6,1.5,threshold_found,1.4,1.6,0.20000000000000018,1.5,0.0,,0.2;0.3;0.4;0.5;0.7;1;1.2;1.4;1.6,True
rule_044,0.62,0.56,0.55,False,4.0,filling_biased,Filling-biased,1.0,threshold_found,0.3,0.4,0.35,threshold_found,0.3,0.4,0.10000000000000003,0.35,0.0,,0.2;0.3;0.4,True
rule_044,0.62,0.56,0.55,False,6.0,opening_biased,Opening-biased,-1.0,threshold_found,3.75,4.0,3.875,threshold_found,3.75,4.0,0.25,3.875,0.0,,0.2;0.3;0.4;0.5;0.7;1;1.2;1.4;1.6;2;2.5;3;3.25;3.5;3.75;4,True
rule_044,0.62,0.56,0.55,False,6.0,neutral,Neutral,0.0,threshold_found,2.0,2.25,2.125,threshold_found,2.0,2.25,0.25,2.125,0.0,,0.2;0.3;0.4;0.5;0.7;1;1.2;1.4;1.6;2;2.25;2.5,True
rule_044,0.62,0.56,0.55,False,6.0,filling_biased,Filling-biased,1.0,threshold_found,0.3,0.4,0.35,threshold_found,0.3,0.4,0.10000000000000003,0.35,0.0,,0.2;0.3;0.4,True
rule_045,0.62,0.56,0.6,False,2.0,opening_biased,Opening-biased,-1.0,threshold_found,3.0,3.25,3.125,threshold_found,3.0,3.25,0.25,3.125,0.0,,0.2;0.3;0.4;0.5;0.7;1;1.2;1.4;1.6;2;2.5;3;3.25,True
rule_045,0.62,0.56,0.6,False,2.0,neutral,Neutral,0.0,threshold_found,0.7,0.85,0.7749999999999999,threshold_found,0.7,0.85,0.15000000000000002,0.7749999999999999,0.0,,0.2;0.3;0.4;0.5;0.7;0.85;1,True
rule_045,0.62,0.56,0.6,False,2.0,filling_biased,Filling-biased,1.0,stable_at_lowest_tested,,0.2,,stable_at_lowest_tested,,0.2,,,,,0.2,True
rule_045,0.62,0.56,0.6,False,4.0,opening_biased,Opening-biased,-1.0,threshold_found,3.5,3.75,3.625,threshold_found,3.5,3.75,0.25,3.625,0.0,,0.2;0.3;0.4;0.5;0.7;1;1.2;1.4;1.6;2;2.5;3;3.25;3.5;3.75,True
rule_045,0.62,0.56,0.6,False,4.0,neutral,Neutral,0.0,threshold_found,1.4,1.6,1.5,threshold_found,1.4,1.6,0.20000000000000018,1.5,0.0,,0.2;0.3;0.4;0.5;0.7;1;1.2;1.4;1.6,True
rule_045,0.62,0.56,0.6,False,4.0,filling_biased,Filling-biased,1.0,threshold_found,0.3,0.4,0.35,threshold_found,0.3,0.4,0.10000000000000003,0.35,0.0,,0.2;0.3;0.4,True
rule_045,0.62,0.56,0.6,False,6.0,opening_biased,Opening-biased,-1.0,threshold_found,3.75,4.0,3.875,threshold_found,3.75,4.0,0.25,3.875,0.0,,0.2;0.3;0.4;0.5;0.7;1;1.2;1.4;1.6;2;2.5;3;3.25;3.5;3.75;4,False
rule_045,0.62,0.56,0.6,False,6.0,neutral,Neutral,0.0,threshold_found,2.0,2.25,2.125,threshold_found,2.0,2.25,0.25,2.125,0.0,,0.2;0.3;0.4;0.5;0.7;1;1.2;1.4;1.6;2;2.25;2.5,False
rule_045,0.62,0.56,0.6,False,6.0,filling_biased,Filling-biased,1.0,threshold_found,0.3,0.4,0.35,censored_above_highest_tested,0.4,,,,,,0.2;0.3;0.4,False
rule_046,0.64,0.48,0.5,False,2.0,opening_biased,Opening-biased,-1.0,threshold_found,3.0,3.25,3.125,threshold_found,2.5,3.0,0.5,2.75,-0.375,,0.2;0.3;0.4;0.5;0.7;1;1.2;1.4;1.6;2;2.5;3;3.25,True
rule_046,0.64,0.48,0.5,False,2.0,neutral,Neutral,0.0,threshold_found,0.7,0.85,0.7749999999999999,threshold_found,0.5,0.7,0.19999999999999996,0.6,-0.17499999999999993,,0.2;0.3;0.4;0.5;0.7;0.85;1,True
rule_046,0.64,0.48,0.5,False,2.0,filling_biased,Filling-biased,1.0,stable_at_lowest_tested,,0.2,,stable_at_lowest_tested,,0.2,,,,,0.2,True
rule_046,0.64,0.48,0.5,False,4.0,opening_biased,Opening-biased,-1.0,threshold_found,3.5,3.75,3.625,threshold_found,3.0,3.25,0.25,3.125,-0.5,,0.2;0.3;0.4;0.5;0.7;1;1.2;1.4;1.6;2;2.5;3;3.25;3.5;3.75,True
rule_046,0.64,0.48,0.5,False,4.0,neutral,Neutral,0.0,threshold_found,1.4,1.6,1.5,threshold_found,1.2,1.4,0.19999999999999996,1.2999999999999998,-0.20000000000000018,,0.2;0.3;0.4;0.5;0.7;1;1.2;1.4;1.6,True
rule_046,0.64,0.48,0.5,False,4.0,filling_biased,Filling-biased,1.0,threshold_found,0.3,0.4,0.35,threshold_found,0.3,0.4,0.10000000000000003,0.35,0.0,,0.2;0.3;0.4,True
rule_046,0.64,0.48,0.5,False,6.0,opening_biased,Opening-biased,-1.0,threshold_found,3.75,4.0,3.875,threshold_found,3.5,3.75,0.25,3.625,-0.25,,0.2;0.3;0.4;0.5;0.7;1;1.2;1.4;1.6;2;2.5;3;3.25;3.5;3.75;4,False
rule_046,0.64,0.48,0.5,False,6.0,neutral,Neutral,0.0,threshold_found,2.0,2.25,2.125,threshold_found,2.0,2.25,0.25,2.125,0.0,,0.2;0.3;0.4;0.5;0.7;1;1.2;1.4;1.6;2;2.25;2.5,False
rule_046,0.64,0.48,0.5,False,6.0,filling_biased,Filling-biased,1.0,threshold_found,0.3,0.4,0.35,censored_above_highest_tested,0.4,,,,,,0.2;0.3;0.4,False
rule_047,0.64,0.48,0.55,False,2.0,opening_biased,Opening-biased,-1.0,threshold_found,3.0,3.25,3.125,threshold_found,2.5,3.0,0.5,2.75,-0.375,,0.2;0.3;0.4;0.5;0.7;1;1.2;1.4;1.6;2;2.5;3;3.25,True
rule_047,0.64,0.48,0.55,False,2.0,neutral,Neutral,0.0,threshold_found,0.7,0.85,0.7749999999999999,threshold_found,0.5,0.7,0.19999999999999996,0.6,-0.17499999999999993,,0.2;0.3;0.4;0.5;0.7;0.85;1,True
rule_047,0.64,0.48,0.55,False,2.0,filling_biased,Filling-biased,1.0,stable_at_lowest_tested,,0.2,,stable_at_lowest_tested,,0.2,,,,,0.2,True
rule_047,0.64,0.48,0.55,False,4.0,opening_biased,Opening-biased,-1.0,threshold_found,3.5,3.75,3.625,threshold_found,3.25,3.5,0.25,3.375,-0.25,,0.2;0.3;0.4;0.5;0.7;1;1.2;1.4;1.6;2;2.5;3;3.25;3.5;3.75,True
rule_047,0.64,0.48,0.55,False,4.0,neutral,Neutral,0.0,threshold_found,1.4,1.6,1.5,threshold_found,1.2,1.4,0.19999999999999996,1.2999999999999998,-0.20000000000000018,,0.2;0.3;0.4;0.5;0.7;1;1.2;1.4;1.6,True
rule_047,0.64,0.48,0.55,False,4.0,filling_biased,Filling-biased,1.0,threshold_found,0.3,0.4,0.35,threshold_found,0.3,0.4,0.10000000000000003,0.35,0.0,,0.2;0.3;0.4,True
rule_047,0.64,0.48,0.55,False,6.0,opening_biased,Opening-biased,-1.0,threshold_found,3.75,4.0,3.875,threshold_found,3.75,4.0,0.25,3.875,0.0,,0.2;0.3;0.4;0.5;0.7;1;1.2;1.4;1.6;2;2.5;3;3.25;3.5;3.75;4,False
rule_047,0.64,0.48,0.55,False,6.0,neutral,Neutral,0.0,threshold_found,2.0,2.25,2.125,threshold_found,2.0,2.25,0.25,2.125,0.0,,0.2;0.3;0.4;0.5;0.7;1;1.2;1.4;1.6;2;2.25;2.5,False
rule_047,0.64,0.48,0.55,False,6.0,filling_biased,Filling-biased,1.0,threshold_found,0.3,0.4,0.35,censored_above_highest_tested,0.4,,,,,,0.2;0.3;0.4,False
rule_048,0.64,0.48,0.6,False,2.0,opening_biased,Opening-biased,-1.0,threshold_found,3.0,3.25,3.125,threshold_found,2.5,3.0,0.5,2.75,-0.375,,0.2;0.3;0.4;0.5;0.7;1;1.2;1.4;1.6;2;2.5;3;3.25,True
rule_048,0.64,0.48,0.6,False,2.0,neutral,Neutral,0.0,threshold_found,0.7,0.85,0.7749999999999999,threshold_found,0.5,0.7,0.19999999999999996,0.6,-0.17499999999999993,,0.2;0.3;0.4;0.5;0.7;0.85;1,True
rule_048,0.64,0.48,0.6,False,2.0,filling_biased,Filling-biased,1.0,stable_at_lowest_tested,,0.2,,stable_at_lowest_tested,,0.2,,,,,0.2,True
rule_048,0.64,0.48,0.6,False,4.0,opening_biased,Opening-biased,-1.0,threshold_found,3.5,3.75,3.625,threshold_found,3.25,3.5,0.25,3.375,-0.25,,0.2;0.3;0.4;0.5;0.7;1;1.2;1.4;1.6;2;2.5;3;3.25;3.5;3.75,True
rule_048,0.64,0.48,0.6,False,4.0,neutral,Neutral,0.0,threshold_found,1.4,1.6,1.5,threshold_found,1.2,1.4,0.19999999999999996,1.2999999999999998,-0.20000000000000018,,0.2;0.3;0.4;0.5;0.7;1;1.2;1.4;1.6,True
rule_048,0.64,0.48,0.6,False,4.0,filling_biased,Filling-biased,1.0,threshold_found,0.3,0.4,0.35,threshold_found,0.3,0.4,0.10000000000000003,0.35,0.0,,0.2;0.3;0.4,True
rule_048,0.64,0.48,0.6,False,6.0,opening_biased,Opening-biased,-1.0,threshold_found,3.75,4.0,3.875,threshold_found,3.75,4.0,0.25,3.875,0.0,,0.2;0.3;0.4;0.5;0.7;1;1.2;1.4;1.6;2;2.5;3;3.25;3.5;3.75;4,False
rule_048,0.64,0.48,0.6,False,6.0,neutral,Neutral,0.0,threshold_found,2.0,2.25,2.125,threshold_found,2.0,2.25,0.25,2.125,0.0,,0.2;0.3;0.4;0.5;0.7;1;1.2;1.4;1.6;2;2.25;2.5,False
rule_048,0.64,0.48,0.6,False,6.0,filling_biased,Filling-biased,1.0,threshold_found,0.3,0.4,0.35,censored_above_highest_tested,0.4,,,,,,0.2;0.3;0.4,False
rule_049,0.64,0.5,0.5,False,2.0,opening_biased,Opening-biased,-1.0,threshold_found,3.0,3.25,3.125,threshold_found,2.5,3.0,0.5,2.75,-0.375,,0.2;0.3;0.4;0.5;0.7;1;1.2;1.4;1.6;2;2.5;3;3.25,True
rule_049,0.64,0.5,0.5,False,2.0,neutral,Neutral,0.0,threshold_found,0.7,0.85,0.7749999999999999,threshold_found,0.5,0.7,0.19999999999999996,0.6,-0.17499999999999993,,0.2;0.3;0.4;0.5;0.7;0.85;1,True
rule_049,0.64,0.5,0.5,False,2.0,filling_biased,Filling-biased,1.0,stable_at_lowest_tested,,0.2,,stable_at_lowest_tested,,0.2,,,,,0.2,True
rule_049,0.64,0.5,0.5,False,4.0,opening_biased,Opening-biased,-1.0,threshold_found,3.5,3.75,3.625,threshold_found,3.0,3.25,0.25,3.125,-0.5,,0.2;0.3;0.4;0.5;0.7;1;1.2;1.4;1.6;2;2.5;3;3.25;3.5;3.75,True
rule_049,0.64,0.5,0.5,False,4.0,neutral,Neutral,0.0,threshold_found,1.4,1.6,1.5,threshold_found,1.2,1.4,0.19999999999999996,1.2999999999999998,-0.20000000000000018,,0.2;0.3;0.4;0.5;0.7;1;1.2;1.4;1.6,True
rule_049,0.64,0.5,0.5,False,4.0,filling_biased,Filling-biased,1.0,threshold_found,0.3,0.4,0.35,threshold_found,0.3,0.4,0.10000000000000003,0.35,0.0,,0.2;0.3;0.4,True
rule_049,0.64,0.5,0.5,False,6.0,opening_biased,Opening-biased,-1.0,threshold_found,3.75,4.0,3.875,threshold_found,3.5,3.75,0.25,3.625,-0.25,,0.2;0.3;0.4;0.5;0.7;1;1.2;1.4;1.6;2;2.5;3;3.25;3.5;3.75;4,True
rule_049,0.64,0.5,0.5,False,6.0,neutral,Neutral,0.0,threshold_found,2.0,2.25,2.125,threshold_found,2.0,2.25,0.25,2.125,0.0,,0.2;0.3;0.4;0.5;0.7;1;1.2;1.4;1.6;2;2.25;2.5,True
rule_049,0.64,0.5,0.5,False,6.0,filling_biased,Filling-biased,1.0,threshold_found,0.3,0.4,0.35,threshold_found,0.3,0.4,0.10000000000000003,0.35,0.0,,0.2;0.3;0.4,True
rule_050,0.64,0.5,0.55,False,2.0,opening_biased,Opening-biased,-1.0,threshold_found,3.0,3.25,3.125,threshold_found,2.5,3.0,0.5,2.75,-0.375,,0.2;0.3;0.4;0.5;0.7;1;1.2;1.4;1.6;2;2.5;3;3.25,True
rule_050,0.64,0.5,0.55,False,2.0,neutral,Neutral,0.0,threshold_found,0.7,0.85,0.7749999999999999,threshold_found,0.5,0.7,0.19999999999999996,0.6,-0.17499999999999993,,0.2;0.3;0.4;0.5;0.7;0.85;1,True
rule_050,0.64,0.5,0.55,False,2.0,filling_biased,Filling-biased,1.0,stable_at_lowest_tested,,0.2,,stable_at_lowest_tested,,0.2,,,,,0.2,True
rule_050,0.64,0.5,0.55,False,4.0,opening_biased,Opening-biased,-1.0,threshold_found,3.5,3.75,3.625,threshold_found,3.25,3.5,0.25,3.375,-0.25,,0.2;0.3;0.4;0.5;0.7;1;1.2;1.4;1.6;2;2.5;3;3.25;3.5;3.75,True
rule_050,0.64,0.5,0.55,False,4.0,neutral,Neutral,0.0,threshold_found,1.4,1.6,1.5,threshold_found,1.2,1.4,0.19999999999999996,1.2999999999999998,-0.20000000000000018,,0.2;0.3;0.4;0.5;0.7;1;1.2;1.4;1.6,True
rule_050,0.64,0.5,0.55,False,4.0,filling_biased,Filling-biased,1.0,threshold_found,0.3,0.4,0.35,threshold_found,0.3,0.4,0.10000000000000003,0.35,0.0,,0.2;0.3;0.4,True
rule_050,0.64,0.5,0.55,False,6.0,opening_biased,Opening-biased,-1.0,threshold_found,3.75,4.0,3.875,threshold_found,3.75,4.0,0.25,3.875,0.0,,0.2;0.3;0.4;0.5;0.7;1;1.2;1.4;1.6;2;2.5;3;3.25;3.5;3.75;4,True
rule_050,0.64,0.5,0.55,False,6.0,neutral,Neutral,0.0,threshold_found,2.0,2.25,2.125,threshold_found,2.0,2.25,0.25,2.125,0.0,,0.2;0.3;0.4;0.5;0.7;1;1.2;1.4;1.6;2;2.25;2.5,True
rule_050,0.64,0.5,0.55,False,6.0,filling_biased,Filling-biased,1.0,threshold_found,0.3,0.4,0.35,threshold_found,0.3,0.4,0.10000000000000003,0.35,0.0,,0.2;0.3;0.4,True
rule_051,0.64,0.5,0.6,False,2.0,opening_biased,Opening-biased,-1.0,threshold_found,3.0,3.25,3.125,threshold_found,2.5,3.0,0.5,2.75,-0.375,,0.2;0.3;0.4;0.5;0.7;1;1.2;1.4;1.6;2;2.5;3;3.25,True
rule_051,0.64,0.5,0.6,False,2.0,neutral,Neutral,0.0,threshold_found,0.7,0.85,0.7749999999999999,threshold_found,0.5,0.7,0.19999999999999996,0.6,-0.17499999999999993,,0.2;0.3;0.4;0.5;0.7;0.85;1,True
rule_051,0.64,0.5,0.6,False,2.0,filling_biased,Filling-biased,1.0,stable_at_lowest_tested,,0.2,,stable_at_lowest_tested,,0.2,,,,,0.2,True
rule_051,0.64,0.5,0.6,False,4.0,opening_biased,Opening-biased,-1.0,threshold_found,3.5,3.75,3.625,threshold_found,3.25,3.5,0.25,3.375,-0.25,,0.2;0.3;0.4;0.5;0.7;1;1.2;1.4;1.6;2;2.5;3;3.25;3.5;3.75,True
rule_051,0.64,0.5,0.6,False,4.0,neutral,Neutral,0.0,threshold_found,1.4,1.6,1.5,threshold_found,1.2,1.4,0.19999999999999996,1.2999999999999998,-0.20000000000000018,,0.2;0.3;0.4;0.5;0.7;1;1.2;1.4;1.6,True
rule_051,0.64,0.5,0.6,False,4.0,filling_biased,Filling-biased,1.0,threshold_found,0.3,0.4,0.35,threshold_found,0.3,0.4,0.10000000000000003,0.35,0.0,,0.2;0.3;0.4,True
rule_051,0.64,0.5,0.6,False,6.0,opening_biased,Opening-biased,-1.0,threshold_found,3.75,4.0,3.875,threshold_found,3.75,4.0,0.25,3.875,0.0,,0.2;0.3;0.4;0.5;0.7;1;1.2;1.4;1.6;2;2.5;3;3.25;3.5;3.75;4,True
rule_051,0.64,0.5,0.6,False,6.0,neutral,Neutral,0.0,threshold_found,2.0,2.25,2.125,threshold_found,2.0,2.25,0.25,2.125,0.0,,0.2;0.3;0.4;0.5;0.7;1;1.2;1.4;1.6;2;2.25;2.5,True
rule_051,0.64,0.5,0.6,False,6.0,filling_biased,Filling-biased,1.0,threshold_found,0.3,0.4,0.35,threshold_found,0.3,0.4,0.10000000000000003,0.35,0.0,,0.2;0.3;0.4,True
rule_052,0.64,0.52,0.5,False,2.0,opening_biased,Opening-biased,-1.0,threshold_found,3.0,3.25,3.125,threshold_found,2.5,3.0,0.5,2.75,-0.375,,0.2;0.3;0.4;0.5;0.7;1;1.2;1.4;1.6;2;2.5;3;3.25,True
rule_052,0.64,0.52,0.5,False,2.0,neutral,Neutral,0.0,threshold_found,0.7,0.85,0.7749999999999999,threshold_found,0.5,0.7,0.19999999999999996,0.6,-0.17499999999999993,,0.2;0.3;0.4;0.5;0.7;0.85;1,True
rule_052,0.64,0.52,0.5,False,2.0,filling_biased,Filling-biased,1.0,stable_at_lowest_tested,,0.2,,stable_at_lowest_tested,,0.2,,,,,0.2,True
rule_052,0.64,0.52,0.5,False,4.0,opening_biased,Opening-biased,-1.0,threshold_found,3.5,3.75,3.625,threshold_found,3.0,3.25,0.25,3.125,-0.5,,0.2;0.3;0.4;0.5;0.7;1;1.2;1.4;1.6;2;2.5;3;3.25;3.5;3.75,True
rule_052,0.64,0.52,0.5,False,4.0,neutral,Neutral,0.0,threshold_found,1.4,1.6,1.5,threshold_found,1.2,1.4,0.19999999999999996,1.2999999999999998,-0.20000000000000018,,0.2;0.3;0.4;0.5;0.7;1;1.2;1.4;1.6,True
rule_052,0.64,0.52,0.5,False,4.0,filling_biased,Filling-biased,1.0,threshold_found,0.3,0.4,0.35,threshold_found,0.3,0.4,0.10000000000000003,0.35,0.0,,0.2;0.3;0.4,True
rule_052,0.64,0.52,0.5,False,6.0,opening_biased,Opening-biased,-1.0,threshold_found,3.75,4.0,3.875,threshold_found,3.5,3.75,0.25,3.625,-0.25,,0.2;0.3;0.4;0.5;0.7;1;1.2;1.4;1.6;2;2.5;3;3.25;3.5;3.75;4,True
rule_052,0.64,0.52,0.5,False,6.0,neutral,Neutral,0.0,threshold_found,2.0,2.25,2.125,threshold_found,2.0,2.25,0.25,2.125,0.0,,0.2;0.3;0.4;0.5;0.7;1;1.2;1.4;1.6;2;2.25;2.5,True
rule_052,0.64,0.52,0.5,False,6.0,filling_biased,Filling-biased,1.0,threshold_found,0.3,0.4,0.35,threshold_found,0.3,0.4,0.10000000000000003,0.35,0.0,,0.2;0.3;0.4,True
rule_053,0.64,0.52,0.55,False,2.0,opening_biased,Opening-biased,-1.0,threshold_found,3.0,3.25,3.125,threshold_found,2.5,3.0,0.5,2.75,-0.375,,0.2;0.3;0.4;0.5;0.7;1;1.2;1.4;1.6;2;2.5;3;3.25,True
rule_053,0.64,0.52,0.55,False,2.0,neutral,Neutral,0.0,threshold_found,0.7,0.85,0.7749999999999999,threshold_found,0.5,0.7,0.19999999999999996,0.6,-0.17499999999999993,,0.2;0.3;0.4;0.5;0.7;0.85;1,True
rule_053,0.64,0.52,0.55,False,2.0,filling_biased,Filling-biased,1.0,stable_at_lowest_tested,,0.2,,stable_at_lowest_tested,,0.2,,,,,0.2,True
rule_053,0.64,0.52,0.55,False,4.0,opening_biased,Opening-biased,-1.0,threshold_found,3.5,3.75,3.625,threshold_found,3.25,3.5,0.25,3.375,-0.25,,0.2;0.3;0.4;0.5;0.7;1;1.2;1.4;1.6;2;2.5;3;3.25;3.5;3.75,True
rule_053,0.64,0.52,0.55,False,4.0,neutral,Neutral,0.0,threshold_found,1.4,1.6,1.5,threshold_found,1.2,1.4,0.19999999999999996,1.2999999999999998,-0.20000000000000018,,0.2;0.3;0.4;0.5;0.7;1;1.2;1.4;1.6,True
rule_053,0.64,0.52,0.55,False,4.0,filling_biased,Filling-biased,1.0,threshold_found,0.3,0.4,0.35,threshold_found,0.3,0.4,0.10000000000000003,0.35,0.0,,0.2;0.3;0.4,True
rule_053,0.64,0.52,0.55,False,6.0,opening_biased,Opening-biased,-1.0,threshold_found,3.75,4.0,3.875,threshold_found,3.75,4.0,0.25,3.875,0.0,,0.2;0.3;0.4;0.5;0.7;1;1.2;1.4;1.6;2;2.5;3;3.25;3.5;3.75;4,True
rule_053,0.64,0.52,0.55,False,6.0,neutral,Neutral,0.0,threshold_found,2.0,2.25,2.125,threshold_found,2.0,2.25,0.25,2.125,0.0,,0.2;0.3;0.4;0.5;0.7;1;1.2;1.4;1.6;2;2.25;2.5,True
rule_053,0.64,0.52,0.55,False,6.0,filling_biased,Filling-biased,1.0,threshold_found,0.3,0.4,0.35,threshold_found,0.3,0.4,0.10000000000000003,0.35,0.0,,0.2;0.3;0.4,True
rule_054,0.64,0.52,0.6,False,2.0,opening_biased,Opening-biased,-1.0,threshold_found,3.0,3.25,3.125,threshold_found,2.5,3.0,0.5,2.75,-0.375,,0.2;0.3;0.4;0.5;0.7;1;1.2;1.4;1.6;2;2.5;3;3.25,True
rule_054,0.64,0.52,0.6,False,2.0,neutral,Neutral,0.0,threshold_found,0.7,0.85,0.7749999999999999,threshold_found,0.5,0.7,0.19999999999999996,0.6,-0.17499999999999993,,0.2;0.3;0.4;0.5;0.7;0.85;1,True
rule_054,0.64,0.52,0.6,False,2.0,filling_biased,Filling-biased,1.0,stable_at_lowest_tested,,0.2,,stable_at_lowest_tested,,0.2,,,,,0.2,True
rule_054,0.64,0.52,0.6,False,4.0,opening_biased,Opening-biased,-1.0,threshold_found,3.5,3.75,3.625,threshold_found,3.25,3.5,0.25,3.375,-0.25,,0.2;0.3;0.4;0.5;0.7;1;1.2;1.4;1.6;2;2.5;3;3.25;3.5;3.75,True
rule_054,0.64,0.52,0.6,False,4.0,neutral,Neutral,0.0,threshold_found,1.4,1.6,1.5,threshold_found,1.2,1.4,0.19999999999999996,1.2999999999999998,-0.20000000000000018,,0.2;0.3;0.4;0.5;0.7;1;1.2;1.4;1.6,True
rule_054,0.64,0.52,0.6,False,4.0,filling_biased,Filling-biased,1.0,threshold_found,0.3,0.4,0.35,threshold_found,0.3,0.4,0.10000000000000003,0.35,0.0,,0.2;0.3;0.4,True
rule_054,0.64,0.52,0.6,False,6.0,opening_biased,Opening-biased,-1.0,threshold_found,3.75,4.0,3.875,threshold_found,3.75,4.0,0.25,3.875,0.0,,0.2;0.3;0.4;0.5;0.7;1;1.2;1.4;1.6;2;2.5;3;3.25;3.5;3.75;4,True
rule_054,0.64,0.52,0.6,False,6.0,neutral,Neutral,0.0,threshold_found,2.0,2.25,2.125,threshold_found,2.0,2.25,0.25,2.125,0.0,,0.2;0.3;0.4;0.5;0.7;1;1.2;1.4;1.6;2;2.25;2.5,True
rule_054,0.64,0.52,0.6,False,6.0,filling_biased,Filling-biased,1.0,threshold_found,0.3,0.4,0.35,threshold_found,0.3,0.4,0.10000000000000003,0.35,0.0,,0.2;0.3;0.4,True
rule_055,0.64,0.54,0.5,False,2.0,opening_biased,Opening-biased,-1.0,threshold_found,3.0,3.25,3.125,threshold_found,2.5,3.0,0.5,2.75,-0.375,,0.2;0.3;0.4;0.5;0.7;1;1.2;1.4;1.6;2;2.5;3;3.25,True
rule_055,0.64,0.54,0.5,False,2.0,neutral,Neutral,0.0,threshold_found,0.7,0.85,0.7749999999999999,threshold_found,0.5,0.7,0.19999999999999996,0.6,-0.17499999999999993,,0.2;0.3;0.4;0.5;0.7;0.85;1,True
rule_055,0.64,0.54,0.5,False,2.0,filling_biased,Filling-biased,1.0,stable_at_lowest_tested,,0.2,,stable_at_lowest_tested,,0.2,,,,,0.2,True
rule_055,0.64,0.54,0.5,False,4.0,opening_biased,Opening-biased,-1.0,threshold_found,3.5,3.75,3.625,threshold_found,3.0,3.25,0.25,3.125,-0.5,,0.2;0.3;0.4;0.5;0.7;1;1.2;1.4;1.6;2;2.5;3;3.25;3.5;3.75,True
rule_055,0.64,0.54,0.5,False,4.0,neutral,Neutral,0.0,threshold_found,1.4,1.6,1.5,threshold_found,1.2,1.4,0.19999999999999996,1.2999999999999998,-0.20000000000000018,,0.2;0.3;0.4;0.5;0.7;1;1.2;1.4;1.6,True
rule_055,0.64,0.54,0.5,False,4.0,filling_biased,Filling-biased,1.0,threshold_found,0.3,0.4,0.35,threshold_found,0.3,0.4,0.10000000000000003,0.35,0.0,,0.2;0.3;0.4,True
rule_055,0.64,0.54,0.5,False,6.0,opening_biased,Opening-biased,-1.0,threshold_found,3.75,4.0,3.875,threshold_found,3.5,3.75,0.25,3.625,-0.25,,0.2;0.3;0.4;0.5;0.7;1;1.2;1.4;1.6;2;2.5;3;3.25;3.5;3.75;4,True
rule_055,0.64,0.54,0.5,False,6.0,neutral,Neutral,0.0,threshold_found,2.0,2.25,2.125,threshold_found,2.0,2.25,0.25,2.125,0.0,,0.2;0.3;0.4;0.5;0.7;1;1.2;1.4;1.6;2;2.25;2.5,True
rule_055,0.64,0.54,0.5,False,6.0,filling_biased,Filling-biased,1.0,threshold_found,0.3,0.4,0.35,threshold_found,0.3,0.4,0.10000000000000003,0.35,0.0,,0.2;0.3;0.4,True
rule_056,0.64,0.54,0.55,False,2.0,opening_biased,Opening-biased,-1.0,threshold_found,3.0,3.25,3.125,threshold_found,2.5,3.0,0.5,2.75,-0.375,,0.2;0.3;0.4;0.5;0.7;1;1.2;1.4;1.6;2;2.5;3;3.25,True
rule_056,0.64,0.54,0.55,False,2.0,neutral,Neutral,0.0,threshold_found,0.7,0.85,0.7749999999999999,threshold_found,0.5,0.7,0.19999999999999996,0.6,-0.17499999999999993,,0.2;0.3;0.4;0.5;0.7;0.85;1,True
rule_056,0.64,0.54,0.55,False,2.0,filling_biased,Filling-biased,1.0,stable_at_lowest_tested,,0.2,,stable_at_lowest_tested,,0.2,,,,,0.2,True
rule_056,0.64,0.54,0.55,False,4.0,opening_biased,Opening-biased,-1.0,threshold_found,3.5,3.75,3.625,threshold_found,3.25,3.5,0.25,3.375,-0.25,,0.2;0.3;0.4;0.5;0.7;1;1.2;1.4;1.6;2;2.5;3;3.25;3.5;3.75,True
rule_056,0.64,0.54,0.55,False,4.0,neutral,Neutral,0.0,threshold_found,1.4,1.6,1.5,threshold_found,1.2,1.4,0.19999999999999996,1.2999999999999998,-0.20000000000000018,,0.2;0.3;0.4;0.5;0.7;1;1.2;1.4;1.6,True
rule_056,0.64,0.54,0.55,False,4.0,filling_biased,Filling-biased,1.0,threshold_found,0.3,0.4,0.35,threshold_found,0.3,0.4,0.10000000000000003,0.35,0.0,,0.2;0.3;0.4,True
rule_056,0.64,0.54,0.55,False,6.0,opening_biased,Opening-biased,-1.0,threshold_found,3.75,4.0,3.875,threshold_found,3.75,4.0,0.25,3.875,0.0,,0.2;0.3;0.4;0.5;0.7;1;1.2;1.4;1.6;2;2.5;3;3.25;3.5;3.75;4,True
rule_056,0.64,0.54,0.55,False,6.0,neutral,Neutral,0.0,threshold_found,2.0,2.25,2.125,threshold_found,2.0,2.25,0.25,2.125,0.0,,0.2;0.3;0.4;0.5;0.7;1;1.2;1.4;1.6;2;2.25;2.5,True
rule_056,0.64,0.54,0.55,False,6.0,filling_biased,Filling-biased,1.0,threshold_found,0.3,0.4,0.35,threshold_found,0.3,0.4,0.10000000000000003,0.35,0.0,,0.2;0.3;0.4,True
rule_057,0.64,0.54,0.6,False,2.0,opening_biased,Opening-biased,-1.0,threshold_found,3.0,3.25,3.125,threshold_found,2.5,3.0,0.5,2.75,-0.375,,0.2;0.3;0.4;0.5;0.7;1;1.2;1.4;1.6;2;2.5;3;3.25,True
rule_057,0.64,0.54,0.6,False,2.0,neutral,Neutral,0.0,threshold_found,0.7,0.85,0.7749999999999999,threshold_found,0.5,0.7,0.19999999999999996,0.6,-0.17499999999999993,,0.2;0.3;0.4;0.5;0.7;0.85;1,True
rule_057,0.64,0.54,0.6,False,2.0,filling_biased,Filling-biased,1.0,stable_at_lowest_tested,,0.2,,stable_at_lowest_tested,,0.2,,,,,0.2,True
rule_057,0.64,0.54,0.6,False,4.0,opening_biased,Opening-biased,-1.0,threshold_found,3.5,3.75,3.625,threshold_found,3.25,3.5,0.25,3.375,-0.25,,0.2;0.3;0.4;0.5;0.7;1;1.2;1.4;1.6;2;2.5;3;3.25;3.5;3.75,True
rule_057,0.64,0.54,0.6,False,4.0,neutral,Neutral,0.0,threshold_found,1.4,1.6,1.5,threshold_found,1.2,1.4,0.19999999999999996,1.2999999999999998,-0.20000000000000018,,0.2;0.3;0.4;0.5;0.7;1;1.2;1.4;1.6,True
rule_057,0.64,0.54,0.6,False,4.0,filling_biased,Filling-biased,1.0,threshold_found,0.3,0.4,0.35,threshold_found,0.3,0.4,0.10000000000000003,0.35,0.0,,0.2;0.3;0.4,True
rule_057,0.64,0.54,0.6,False,6.0,opening_biased,Opening-biased,-1.0,threshold_found,3.75,4.0,3.875,threshold_found,3.75,4.0,0.25,3.875,0.0,,0.2;0.3;0.4;0.5;0.7;1;1.2;1.4;1.6;2;2.5;3;3.25;3.5;3.75;4,True
rule_057,0.64,0.54,0.6,False,6.0,neutral,Neutral,0.0,threshold_found,2.0,2.25,2.125,threshold_found,2.0,2.25,0.25,2.125,0.0,,0.2;0.3;0.4;0.5;0.7;1;1.2;1.4;1.6;2;2.25;2.5,True
rule_057,0.64,0.54,0.6,False,6.0,filling_biased,Filling-biased,1.0,threshold_found,0.3,0.4,0.35,threshold_found,0.3,0.4,0.10000000000000003,0.35,0.0,,0.2;0.3;0.4,True
rule_058,0.64,0.56,0.5,False,2.0,opening_biased,Opening-biased,-1.0,threshold_found,3.0,3.25,3.125,threshold_found,2.5,3.0,0.5,2.75,-0.375,,0.2;0.3;0.4;0.5;0.7;1;1.2;1.4;1.6;2;2.5;3;3.25,True
rule_058,0.64,0.56,0.5,False,2.0,neutral,Neutral,0.0,threshold_found,0.7,0.85,0.7749999999999999,threshold_found,0.5,0.7,0.19999999999999996,0.6,-0.17499999999999993,,0.2;0.3;0.4;0.5;0.7;0.85;1,True
rule_058,0.64,0.56,0.5,False,2.0,filling_biased,Filling-biased,1.0,stable_at_lowest_tested,,0.2,,stable_at_lowest_tested,,0.2,,,,,0.2,True
rule_058,0.64,0.56,0.5,False,4.0,opening_biased,Opening-biased,-1.0,threshold_found,3.5,3.75,3.625,threshold_found,3.0,3.25,0.25,3.125,-0.5,,0.2;0.3;0.4;0.5;0.7;1;1.2;1.4;1.6;2;2.5;3;3.25;3.5;3.75,True
rule_058,0.64,0.56,0.5,False,4.0,neutral,Neutral,0.0,threshold_found,1.4,1.6,1.5,threshold_found,1.2,1.4,0.19999999999999996,1.2999999999999998,-0.20000000000000018,,0.2;0.3;0.4;0.5;0.7;1;1.2;1.4;1.6,True
rule_058,0.64,0.56,0.5,False,4.0,filling_biased,Filling-biased,1.0,threshold_found,0.3,0.4,0.35,threshold_found,0.3,0.4,0.10000000000000003,0.35,0.0,,0.2;0.3;0.4,True
rule_058,0.64,0.56,0.5,False,6.0,opening_biased,Opening-biased,-1.0,threshold_found,3.75,4.0,3.875,threshold_found,3.5,3.75,0.25,3.625,-0.25,,0.2;0.3;0.4;0.5;0.7;1;1.2;1.4;1.6;2;2.5;3;3.25;3.5;3.75;4,True
rule_058,0.64,0.56,0.5,False,6.0,neutral,Neutral,0.0,threshold_found,2.0,2.25,2.125,threshold_found,2.0,2.25,0.25,2.125,0.0,,0.2;0.3;0.4;0.5;0.7;1;1.2;1.4;1.6;2;2.25;2.5,True
rule_058,0.64,0.56,0.5,False,6.0,filling_biased,Filling-biased,1.0,threshold_found,0.3,0.4,0.35,threshold_found,0.3,0.4,0.10000000000000003,0.35,0.0,,0.2;0.3;0.4,True
rule_059,0.64,0.56,0.55,False,2.0,opening_biased,Opening-biased,-1.0,threshold_found,3.0,3.25,3.125,threshold_found,2.5,3.0,0.5,2.75,-0.375,,0.2;0.3;0.4;0.5;0.7;1;1.2;1.4;1.6;2;2.5;3;3.25,True
rule_059,0.64,0.56,0.55,False,2.0,neutral,Neutral,0.0,threshold_found,0.7,0.85,0.7749999999999999,threshold_found,0.5,0.7,0.19999999999999996,0.6,-0.17499999999999993,,0.2;0.3;0.4;0.5;0.7;0.85;1,True
rule_059,0.64,0.56,0.55,False,2.0,filling_biased,Filling-biased,1.0,stable_at_lowest_tested,,0.2,,stable_at_lowest_tested,,0.2,,,,,0.2,True
rule_059,0.64,0.56,0.55,False,4.0,opening_biased,Opening-biased,-1.0,threshold_found,3.5,3.75,3.625,threshold_found,3.25,3.5,0.25,3.375,-0.25,,0.2;0.3;0.4;0.5;0.7;1;1.2;1.4;1.6;2;2.5;3;3.25;3.5;3.75,True
rule_059,0.64,0.56,0.55,False,4.0,neutral,Neutral,0.0,threshold_found,1.4,1.6,1.5,threshold_found,1.2,1.4,0.19999999999999996,1.2999999999999998,-0.20000000000000018,,0.2;0.3;0.4;0.5;0.7;1;1.2;1.4;1.6,True
rule_059,0.64,0.56,0.55,False,4.0,filling_biased,Filling-biased,1.0,threshold_found,0.3,0.4,0.35,threshold_found,0.3,0.4,0.10000000000000003,0.35,0.0,,0.2;0.3;0.4,True
rule_059,0.64,0.56,0.55,False,6.0,opening_biased,Opening-biased,-1.0,threshold_found,3.75,4.0,3.875,threshold_found,3.75,4.0,0.25,3.875,0.0,,0.2;0.3;0.4;0.5;0.7;1;1.2;1.4;1.6;2;2.5;3;3.25;3.5;3.75;4,True
rule_059,0.64,0.56,0.55,False,6.0,neutral,Neutral,0.0,threshold_found,2.0,2.25,2.125,threshold_found,2.0,2.25,0.25,2.125,0.0,,0.2;0.3;0.4;0.5;0.7;1;1.2;1.4;1.6;2;2.25;2.5,True
rule_059,0.64,0.56,0.55,False,6.0,filling_biased,Filling-biased,1.0,threshold_found,0.3,0.4,0.35,threshold_found,0.3,0.4,0.10000000000000003,0.35,0.0,,0.2;0.3;0.4,True
rule_060,0.64,0.56,0.6,False,2.0,opening_biased,Opening-biased,-1.0,threshold_found,3.0,3.25,3.125,threshold_found,2.5,3.0,0.5,2.75,-0.375,,0.2;0.3;0.4;0.5;0.7;1;1.2;1.4;1.6;2;2.5;3;3.25,True
rule_060,0.64,0.56,0.6,False,2.0,neutral,Neutral,0.0,threshold_found,0.7,0.85,0.7749999999999999,threshold_found,0.5,0.7,0.19999999999999996,0.6,-0.17499999999999993,,0.2;0.3;0.4;0.5;0.7;0.85;1,True
rule_060,0.64,0.56,0.6,False,2.0,filling_biased,Filling-biased,1.0,stable_at_lowest_tested,,0.2,,stable_at_lowest_tested,,0.2,,,,,0.2,True
rule_060,0.64,0.56,0.6,False,4.0,opening_biased,Opening-biased,-1.0,threshold_found,3.5,3.75,3.625,threshold_found,3.25,3.5,0.25,3.375,-0.25,,0.2;0.3;0.4;0.5;0.7;1;1.2;1.4;1.6;2;2.5;3;3.25;3.5;3.75,True
rule_060,0.64,0.56,0.6,False,4.0,neutral,Neutral,0.0,threshold_found,1.4,1.6,1.5,threshold_found,1.2,1.4,0.19999999999999996,1.2999999999999998,-0.20000000000000018,,0.2;0.3;0.4;0.5;0.7;1;1.2;1.4;1.6,True
rule_060,0.64,0.56,0.6,False,4.0,filling_biased,Filling-biased,1.0,threshold_found,0.3,0.4,0.35,threshold_found,0.3,0.4,0.10000000000000003,0.35,0.0,,0.2;0.3;0.4,True
rule_060,0.64,0.56,0.6,False,6.0,opening_biased,Opening-biased,-1.0,threshold_found,3.75,4.0,3.875,threshold_found,3.75,4.0,0.25,3.875,0.0,,0.2;0.3;0.4;0.5;0.7;1;1.2;1.4;1.6;2;2.5;3;3.25;3.5;3.75;4,True
rule_060,0.64,0.56,0.6,False,6.0,neutral,Neutral,0.0,threshold_found,2.0,2.25,2.125,threshold_found,2.0,2.25,0.25,2.125,0.0,,0.2;0.3;0.4;0.5;0.7;1;1.2;1.4;1.6;2;2.25;2.5,True
rule_060,0.64,0.56,0.6,False,6.0,filling_biased,Filling-biased,1.0,threshold_found,0.3,0.4,0.35,threshold_found,0.3,0.4,0.10000000000000003,0.35,0.0,,0.2;0.3;0.4,True
rule_061,0.66,0.48,0.5,False,2.0,opening_biased,Opening-biased,-1.0,threshold_found,3.0,3.25,3.125,threshold_found,2.5,3.0,0.5,2.75,-0.375,,0.2;0.3;0.4;0.5;0.7;1;1.2;1.4;1.6;2;2.5;3;3.25,True
rule_061,0.66,0.48,0.5,False,2.0,neutral,Neutral,0.0,threshold_found,0.7,0.85,0.7749999999999999,threshold_found,0.5,0.7,0.19999999999999996,0.6,-0.17499999999999993,,0.2;0.3;0.4;0.5;0.7;0.85;1,True
rule_061,0.66,0.48,0.5,False,2.0,filling_biased,Filling-biased,1.0,stable_at_lowest_tested,,0.2,,stable_at_lowest_tested,,0.2,,,,,0.2,True
rule_061,0.66,0.48,0.5,False,4.0,opening_biased,Opening-biased,-1.0,threshold_found,3.5,3.75,3.625,threshold_found,3.0,3.25,0.25,3.125,-0.5,,0.2;0.3;0.4;0.5;0.7;1;1.2;1.4;1.6;2;2.5;3;3.25;3.5;3.75,True
rule_061,0.66,0.48,0.5,False,4.0,neutral,Neutral,0.0,threshold_found,1.4,1.6,1.5,threshold_found,1.2,1.4,0.19999999999999996,1.2999999999999998,-0.20000000000000018,,0.2;0.3;0.4;0.5;0.7;1;1.2;1.4;1.6,True
rule_061,0.66,0.48,0.5,False,4.0,filling_biased,Filling-biased,1.0,threshold_found,0.3,0.4,0.35,threshold_found,0.3,0.4,0.10000000000000003,0.35,0.0,,0.2;0.3;0.4,True
rule_061,0.66,0.48,0.5,False,6.0,opening_biased,Opening-biased,-1.0,threshold_found,3.75,4.0,3.875,threshold_found,3.5,3.75,0.25,3.625,-0.25,,0.2;0.3;0.4;0.5;0.7;1;1.2;1.4;1.6;2;2.5;3;3.25;3.5;3.75;4,False
rule_061,0.66,0.48,0.5,False,6.0,neutral,Neutral,0.0,threshold_found,2.0,2.25,2.125,threshold_found,1.6,2.0,0.3999999999999999,1.8,-0.32499999999999996,,0.2;0.3;0.4;0.5;0.7;1;1.2;1.4;1.6;2;2.25;2.5,False
rule_061,0.66,0.48,0.5,False,6.0,filling_biased,Filling-biased,1.0,threshold_found,0.3,0.4,0.35,censored_above_highest_tested,0.4,,,,,,0.2;0.3;0.4,False
rule_062,0.66,0.48,0.55,False,2.0,opening_biased,Opening-biased,-1.0,threshold_found,3.0,3.25,3.125,threshold_found,2.5,3.0,0.5,2.75,-0.375,,0.2;0.3;0.4;0.5;0.7;1;1.2;1.4;1.6;2;2.5;3;3.25,True
rule_062,0.66,0.48,0.55,False,2.0,neutral,Neutral,0.0,threshold_found,0.7,0.85,0.7749999999999999,threshold_found,0.5,0.7,0.19999999999999996,0.6,-0.17499999999999993,,0.2;0.3;0.4;0.5;0.7;0.85;1,True
rule_062,0.66,0.48,0.55,False,2.0,filling_biased,Filling-biased,1.0,stable_at_lowest_tested,,0.2,,stable_at_lowest_tested,,0.2,,,,,0.2,True
rule_062,0.66,0.48,0.55,False,4.0,opening_biased,Opening-biased,-1.0,threshold_found,3.5,3.75,3.625,threshold_found,3.0,3.25,0.25,3.125,-0.5,,0.2;0.3;0.4;0.5;0.7;1;1.2;1.4;1.6;2;2.5;3;3.25;3.5;3.75,True
rule_062,0.66,0.48,0.55,False,4.0,neutral,Neutral,0.0,threshold_found,1.4,1.6,1.5,threshold_found,1.2,1.4,0.19999999999999996,1.2999999999999998,-0.20000000000000018,,0.2;0.3;0.4;0.5;0.7;1;1.2;1.4;1.6,True
rule_062,0.66,0.48,0.55,False,4.0,filling_biased,Filling-biased,1.0,threshold_found,0.3,0.4,0.35,threshold_found,0.3,0.4,0.10000000000000003,0.35,0.0,,0.2;0.3;0.4,True
rule_062,0.66,0.48,0.55,False,6.0,opening_biased,Opening-biased,-1.0,threshold_found,3.75,4.0,3.875,threshold_found,3.5,3.75,0.25,3.625,-0.25,,0.2;0.3;0.4;0.5;0.7;1;1.2;1.4;1.6;2;2.5;3;3.25;3.5;3.75;4,False
rule_062,0.66,0.48,0.55,False,6.0,neutral,Neutral,0.0,threshold_found,2.0,2.25,2.125,threshold_found,2.0,2.25,0.25,2.125,0.0,,0.2;0.3;0.4;0.5;0.7;1;1.2;1.4;1.6;2;2.25;2.5,False
rule_062,0.66,0.48,0.55,False,6.0,filling_biased,Filling-biased,1.0,threshold_found,0.3,0.4,0.35,censored_above_highest_tested,0.4,,,,,,0.2;0.3;0.4,False
rule_063,0.66,0.48,0.6,False,2.0,opening_biased,Opening-biased,-1.0,threshold_found,3.0,3.25,3.125,threshold_found,2.5,3.0,0.5,2.75,-0.375,,0.2;0.3;0.4;0.5;0.7;1;1.2;1.4;1.6;2;2.5;3;3.25,True
rule_063,0.66,0.48,0.6,False,2.0,neutral,Neutral,0.0,threshold_found,0.7,0.85,0.7749999999999999,threshold_found,0.5,0.7,0.19999999999999996,0.6,-0.17499999999999993,,0.2;0.3;0.4;0.5;0.7;0.85;1,True
rule_063,0.66,0.48,0.6,False,2.0,filling_biased,Filling-biased,1.0,stable_at_lowest_tested,,0.2,,stable_at_lowest_tested,,0.2,,,,,0.2,True
rule_063,0.66,0.48,0.6,False,4.0,opening_biased,Opening-biased,-1.0,threshold_found,3.5,3.75,3.625,threshold_found,3.0,3.25,0.25,3.125,-0.5,,0.2;0.3;0.4;0.5;0.7;1;1.2;1.4;1.6;2;2.5;3;3.25;3.5;3.75,True
rule_063,0.66,0.48,0.6,False,4.0,neutral,Neutral,0.0,threshold_found,1.4,1.6,1.5,threshold_found,1.2,1.4,0.19999999999999996,1.2999999999999998,-0.20000000000000018,,0.2;0.3;0.4;0.5;0.7;1;1.2;1.4;1.6,True
rule_063,0.66,0.48,0.6,False,4.0,filling_biased,Filling-biased,1.0,threshold_found,0.3,0.4,0.35,threshold_found,0.3,0.4,0.10000000000000003,0.35,0.0,,0.2;0.3;0.4,True
rule_063,0.66,0.48,0.6,False,6.0,opening_biased,Opening-biased,-1.0,threshold_found,3.75,4.0,3.875,threshold_found,3.5,3.75,0.25,3.625,-0.25,,0.2;0.3;0.4;0.5;0.7;1;1.2;1.4;1.6;2;2.5;3;3.25;3.5;3.75;4,False
rule_063,0.66,0.48,0.6,False,6.0,neutral,Neutral,0.0,threshold_found,2.0,2.25,2.125,threshold_found,2.0,2.25,0.25,2.125,0.0,,0.2;0.3;0.4;0.5;0.7;1;1.2;1.4;1.6;2;2.25;2.5,False
rule_063,0.66,0.48,0.6,False,6.0,filling_biased,Filling-biased,1.0,threshold_found,0.3,0.4,0.35,censored_above_highest_tested,0.4,,,,,,0.2;0.3;0.4,False
rule_064,0.66,0.5,0.5,False,2.0,opening_biased,Opening-biased,-1.0,threshold_found,3.0,3.25,3.125,threshold_found,2.5,3.0,0.5,2.75,-0.375,,0.2;0.3;0.4;0.5;0.7;1;1.2;1.4;1.6;2;2.5;3;3.25,True
rule_064,0.66,0.5,0.5,False,2.0,neutral,Neutral,0.0,threshold_found,0.7,0.85,0.7749999999999999,threshold_found,0.5,0.7,0.19999999999999996,0.6,-0.17499999999999993,,0.2;0.3;0.4;0.5;0.7;0.85;1,True
rule_064,0.66,0.5,0.5,False,2.0,filling_biased,Filling-biased,1.0,stable_at_lowest_tested,,0.2,,stable_at_lowest_tested,,0.2,,,,,0.2,True
rule_064,0.66,0.5,0.5,False,4.0,opening_biased,Opening-biased,-1.0,threshold_found,3.5,3.75,3.625,threshold_found,3.0,3.25,0.25,3.125,-0.5,,0.2;0.3;0.4;0.5;0.7;1;1.2;1.4;1.6;2;2.5;3;3.25;3.5;3.75,True
rule_064,0.66,0.5,0.5,False,4.0,neutral,Neutral,0.0,threshold_found,1.4,1.6,1.5,threshold_found,1.2,1.4,0.19999999999999996,1.2999999999999998,-0.20000000000000018,,0.2;0.3;0.4;0.5;0.7;1;1.2;1.4;1.6,True
rule_064,0.66,0.5,0.5,False,4.0,filling_biased,Filling-biased,1.0,threshold_found,0.3,0.4,0.35,threshold_found,0.3,0.4,0.10000000000000003,0.35,0.0,,0.2;0.3;0.4,True
rule_064,0.66,0.5,0.5,False,6.0,opening_biased,Opening-biased,-1.0,threshold_found,3.75,4.0,3.875,threshold_found,3.5,3.75,0.25,3.625,-0.25,,0.2;0.3;0.4;0.5;0.7;1;1.2;1.4;1.6;2;2.5;3;3.25;3.5;3.75;4,True
rule_064,0.66,0.5,0.5,False,6.0,neutral,Neutral,0.0,threshold_found,2.0,2.25,2.125,threshold_found,1.6,2.0,0.3999999999999999,1.8,-0.32499999999999996,,0.2;0.3;0.4;0.5;0.7;1;1.2;1.4;1.6;2;2.25;2.5,True
rule_064,0.66,0.5,0.5,False,6.0,filling_biased,Filling-biased,1.0,threshold_found,0.3,0.4,0.35,threshold_found,0.3,0.4,0.10000000000000003,0.35,0.0,,0.2;0.3;0.4,True
rule_065,0.66,0.5,0.55,False,2.0,opening_biased,Opening-biased,-1.0,threshold_found,3.0,3.25,3.125,threshold_found,2.5,3.0,0.5,2.75,-0.375,,0.2;0.3;0.4;0.5;0.7;1;1.2;1.4;1.6;2;2.5;3;3.25,True
rule_065,0.66,0.5,0.55,False,2.0,neutral,Neutral,0.0,threshold_found,0.7,0.85,0.7749999999999999,threshold_found,0.5,0.7,0.19999999999999996,0.6,-0.17499999999999993,,0.2;0.3;0.4;0.5;0.7;0.85;1,True
rule_065,0.66,0.5,0.55,False,2.0,filling_biased,Filling-biased,1.0,stable_at_lowest_tested,,0.2,,stable_at_lowest_tested,,0.2,,,,,0.2,True
rule_065,0.66,0.5,0.55,False,4.0,opening_biased,Opening-biased,-1.0,threshold_found,3.5,3.75,3.625,threshold_found,3.0,3.25,0.25,3.125,-0.5,,0.2;0.3;0.4;0.5;0.7;1;1.2;1.4;1.6;2;2.5;3;3.25;3.5;3.75,True
rule_065,0.66,0.5,0.55,False,4.0,neutral,Neutral,0.0,threshold_found,1.4,1.6,1.5,threshold_found,1.2,1.4,0.19999999999999996,1.2999999999999998,-0.20000000000000018,,0.2;0.3;0.4;0.5;0.7;1;1.2;1.4;1.6,True
rule_065,0.66,0.5,0.55,False,4.0,filling_biased,Filling-biased,1.0,threshold_found,0.3,0.4,0.35,threshold_found,0.3,0.4,0.10000000000000003,0.35,0.0,,0.2;0.3;0.4,True
rule_065,0.66,0.5,0.55,False,6.0,opening_biased,Opening-biased,-1.0,threshold_found,3.75,4.0,3.875,threshold_found,3.5,3.75,0.25,3.625,-0.25,,0.2;0.3;0.4;0.5;0.7;1;1.2;1.4;1.6;2;2.5;3;3.25;3.5;3.75;4,True
rule_065,0.66,0.5,0.55,False,6.0,neutral,Neutral,0.0,threshold_found,2.0,2.25,2.125,threshold_found,2.0,2.25,0.25,2.125,0.0,,0.2;0.3;0.4;0.5;0.7;1;1.2;1.4;1.6;2;2.25;2.5,True
rule_065,0.66,0.5,0.55,False,6.0,filling_biased,Filling-biased,1.0,threshold_found,0.3,0.4,0.35,threshold_found,0.3,0.4,0.10000000000000003,0.35,0.0,,0.2;0.3;0.4,True
rule_066,0.66,0.5,0.6,False,2.0,opening_biased,Opening-biased,-1.0,threshold_found,3.0,3.25,3.125,threshold_found,2.5,3.0,0.5,2.75,-0.375,,0.2;0.3;0.4;0.5;0.7;1;1.2;1.4;1.6;2;2.5;3;3.25,True
rule_066,0.66,0.5,0.6,False,2.0,neutral,Neutral,0.0,threshold_found,0.7,0.85,0.7749999999999999,threshold_found,0.5,0.7,0.19999999999999996,0.6,-0.17499999999999993,,0.2;0.3;0.4;0.5;0.7;0.85;1,True
rule_066,0.66,0.5,0.6,False,2.0,filling_biased,Filling-biased,1.0,stable_at_lowest_tested,,0.2,,stable_at_lowest_tested,,0.2,,,,,0.2,True
rule_066,0.66,0.5,0.6,False,4.0,opening_biased,Opening-biased,-1.0,threshold_found,3.5,3.75,3.625,threshold_found,3.0,3.25,0.25,3.125,-0.5,,0.2;0.3;0.4;0.5;0.7;1;1.2;1.4;1.6;2;2.5;3;3.25;3.5;3.75,True
rule_066,0.66,0.5,0.6,False,4.0,neutral,Neutral,0.0,threshold_found,1.4,1.6,1.5,threshold_found,1.2,1.4,0.19999999999999996,1.2999999999999998,-0.20000000000000018,,0.2;0.3;0.4;0.5;0.7;1;1.2;1.4;1.6,True
rule_066,0.66,0.5,0.6,False,4.0,filling_biased,Filling-biased,1.0,threshold_found,0.3,0.4,0.35,threshold_found,0.3,0.4,0.10000000000000003,0.35,0.0,,0.2;0.3;0.4,True
rule_066,0.66,0.5,0.6,False,6.0,opening_biased,Opening-biased,-1.0,threshold_found,3.75,4.0,3.875,threshold_found,3.5,3.75,0.25,3.625,-0.25,,0.2;0.3;0.4;0.5;0.7;1;1.2;1.4;1.6;2;2.5;3;3.25;3.5;3.75;4,True
rule_066,0.66,0.5,0.6,False,6.0,neutral,Neutral,0.0,threshold_found,2.0,2.25,2.125,threshold_found,2.0,2.25,0.25,2.125,0.0,,0.2;0.3;0.4;0.5;0.7;1;1.2;1.4;1.6;2;2.25;2.5,True
rule_066,0.66,0.5,0.6,False,6.0,filling_biased,Filling-biased,1.0,threshold_found,0.3,0.4,0.35,threshold_found,0.3,0.4,0.10000000000000003,0.35,0.0,,0.2;0.3;0.4,True
rule_067,0.66,0.52,0.5,False,2.0,opening_biased,Opening-biased,-1.0,threshold_found,3.0,3.25,3.125,threshold_found,2.5,3.0,0.5,2.75,-0.375,,0.2;0.3;0.4;0.5;0.7;1;1.2;1.4;1.6;2;2.5;3;3.25,True
rule_067,0.66,0.52,0.5,False,2.0,neutral,Neutral,0.0,threshold_found,0.7,0.85,0.7749999999999999,threshold_found,0.5,0.7,0.19999999999999996,0.6,-0.17499999999999993,,0.2;0.3;0.4;0.5;0.7;0.85;1,True
rule_067,0.66,0.52,0.5,False,2.0,filling_biased,Filling-biased,1.0,stable_at_lowest_tested,,0.2,,stable_at_lowest_tested,,0.2,,,,,0.2,True
rule_067,0.66,0.52,0.5,False,4.0,opening_biased,Opening-biased,-1.0,threshold_found,3.5,3.75,3.625,threshold_found,3.0,3.25,0.25,3.125,-0.5,,0.2;0.3;0.4;0.5;0.7;1;1.2;1.4;1.6;2;2.5;3;3.25;3.5;3.75,True
rule_067,0.66,0.52,0.5,False,4.0,neutral,Neutral,0.0,threshold_found,1.4,1.6,1.5,threshold_found,1.2,1.4,0.19999999999999996,1.2999999999999998,-0.20000000000000018,,0.2;0.3;0.4;0.5;0.7;1;1.2;1.4;1.6,True
rule_067,0.66,0.52,0.5,False,4.0,filling_biased,Filling-biased,1.0,threshold_found,0.3,0.4,0.35,threshold_found,0.3,0.4,0.10000000000000003,0.35,0.0,,0.2;0.3;0.4,True
rule_067,0.66,0.52,0.5,False,6.0,opening_biased,Opening-biased,-1.0,threshold_found,3.75,4.0,3.875,threshold_found,3.5,3.75,0.25,3.625,-0.25,,0.2;0.3;0.4;0.5;0.7;1;1.2;1.4;1.6;2;2.5;3;3.25;3.5;3.75;4,True
rule_067,0.66,0.52,0.5,False,6.0,neutral,Neutral,0.0,threshold_found,2.0,2.25,2.125,threshold_found,1.6,2.0,0.3999999999999999,1.8,-0.32499999999999996,,0.2;0.3;0.4;0.5;0.7;1;1.2;1.4;1.6;2;2.25;2.5,True
rule_067,0.66,0.52,0.5,False,6.0,filling_biased,Filling-biased,1.0,threshold_found,0.3,0.4,0.35,threshold_found,0.3,0.4,0.10000000000000003,0.35,0.0,,0.2;0.3;0.4,True
rule_068,0.66,0.52,0.55,False,2.0,opening_biased,Opening-biased,-1.0,threshold_found,3.0,3.25,3.125,threshold_found,2.5,3.0,0.5,2.75,-0.375,,0.2;0.3;0.4;0.5;0.7;1;1.2;1.4;1.6;2;2.5;3;3.25,True
rule_068,0.66,0.52,0.55,False,2.0,neutral,Neutral,0.0,threshold_found,0.7,0.85,0.7749999999999999,threshold_found,0.5,0.7,0.19999999999999996,0.6,-0.17499999999999993,,0.2;0.3;0.4;0.5;0.7;0.85;1,True
rule_068,0.66,0.52,0.55,False,2.0,filling_biased,Filling-biased,1.0,stable_at_lowest_tested,,0.2,,stable_at_lowest_tested,,0.2,,,,,0.2,True
rule_068,0.66,0.52,0.55,False,4.0,opening_biased,Opening-biased,-1.0,threshold_found,3.5,3.75,3.625,threshold_found,3.0,3.25,0.25,3.125,-0.5,,0.2;0.3;0.4;0.5;0.7;1;1.2;1.4;1.6;2;2.5;3;3.25;3.5;3.75,True
rule_068,0.66,0.52,0.55,False,4.0,neutral,Neutral,0.0,threshold_found,1.4,1.6,1.5,threshold_found,1.2,1.4,0.19999999999999996,1.2999999999999998,-0.20000000000000018,,0.2;0.3;0.4;0.5;0.7;1;1.2;1.4;1.6,True
rule_068,0.66,0.52,0.55,False,4.0,filling_biased,Filling-biased,1.0,threshold_found,0.3,0.4,0.35,threshold_found,0.3,0.4,0.10000000000000003,0.35,0.0,,0.2;0.3;0.4,True
rule_068,0.66,0.52,0.55,False,6.0,opening_biased,Opening-biased,-1.0,threshold_found,3.75,4.0,3.875,threshold_found,3.5,3.75,0.25,3.625,-0.25,,0.2;0.3;0.4;0.5;0.7;1;1.2;1.4;1.6;2;2.5;3;3.25;3.5;3.75;4,True
rule_068,0.66,0.52,0.55,False,6.0,neutral,Neutral,0.0,threshold_found,2.0,2.25,2.125,threshold_found,2.0,2.25,0.25,2.125,0.0,,0.2;0.3;0.4;0.5;0.7;1;1.2;1.4;1.6;2;2.25;2.5,True
rule_068,0.66,0.52,0.55,False,6.0,filling_biased,Filling-biased,1.0,threshold_found,0.3,0.4,0.35,threshold_found,0.3,0.4,0.10000000000000003,0.35,0.0,,0.2;0.3;0.4,True
rule_069,0.66,0.52,0.6,False,2.0,opening_biased,Opening-biased,-1.0,threshold_found,3.0,3.25,3.125,threshold_found,2.5,3.0,0.5,2.75,-0.375,,0.2;0.3;0.4;0.5;0.7;1;1.2;1.4;1.6;2;2.5;3;3.25,True
rule_069,0.66,0.52,0.6,False,2.0,neutral,Neutral,0.0,threshold_found,0.7,0.85,0.7749999999999999,threshold_found,0.5,0.7,0.19999999999999996,0.6,-0.17499999999999993,,0.2;0.3;0.4;0.5;0.7;0.85;1,True
rule_069,0.66,0.52,0.6,False,2.0,filling_biased,Filling-biased,1.0,stable_at_lowest_tested,,0.2,,stable_at_lowest_tested,,0.2,,,,,0.2,True
rule_069,0.66,0.52,0.6,False,4.0,opening_biased,Opening-biased,-1.0,threshold_found,3.5,3.75,3.625,threshold_found,3.0,3.25,0.25,3.125,-0.5,,0.2;0.3;0.4;0.5;0.7;1;1.2;1.4;1.6;2;2.5;3;3.25;3.5;3.75,True
rule_069,0.66,0.52,0.6,False,4.0,neutral,Neutral,0.0,threshold_found,1.4,1.6,1.5,threshold_found,1.2,1.4,0.19999999999999996,1.2999999999999998,-0.20000000000000018,,0.2;0.3;0.4;0.5;0.7;1;1.2;1.4;1.6,True
rule_069,0.66,0.52,0.6,False,4.0,filling_biased,Filling-biased,1.0,threshold_found,0.3,0.4,0.35,threshold_found,0.3,0.4,0.10000000000000003,0.35,0.0,,0.2;0.3;0.4,True
rule_069,0.66,0.52,0.6,False,6.0,opening_biased,Opening-biased,-1.0,threshold_found,3.75,4.0,3.875,threshold_found,3.5,3.75,0.25,3.625,-0.25,,0.2;0.3;0.4;0.5;0.7;1;1.2;1.4;1.6;2;2.5;3;3.25;3.5;3.75;4,True
rule_069,0.66,0.52,0.6,False,6.0,neutral,Neutral,0.0,threshold_found,2.0,2.25,2.125,threshold_found,2.0,2.25,0.25,2.125,0.0,,0.2;0.3;0.4;0.5;0.7;1;1.2;1.4;1.6;2;2.25;2.5,True
rule_069,0.66,0.52,0.6,False,6.0,filling_biased,Filling-biased,1.0,threshold_found,0.3,0.4,0.35,threshold_found,0.3,0.4,0.10000000000000003,0.35,0.0,,0.2;0.3;0.4,True
rule_070,0.66,0.54,0.5,False,2.0,opening_biased,Opening-biased,-1.0,threshold_found,3.0,3.25,3.125,threshold_found,2.5,3.0,0.5,2.75,-0.375,,0.2;0.3;0.4;0.5;0.7;1;1.2;1.4;1.6;2;2.5;3;3.25,True
rule_070,0.66,0.54,0.5,False,2.0,neutral,Neutral,0.0,threshold_found,0.7,0.85,0.7749999999999999,threshold_found,0.5,0.7,0.19999999999999996,0.6,-0.17499999999999993,,0.2;0.3;0.4;0.5;0.7;0.85;1,True
rule_070,0.66,0.54,0.5,False,2.0,filling_biased,Filling-biased,1.0,stable_at_lowest_tested,,0.2,,stable_at_lowest_tested,,0.2,,,,,0.2,True
rule_070,0.66,0.54,0.5,False,4.0,opening_biased,Opening-biased,-1.0,threshold_found,3.5,3.75,3.625,threshold_found,3.0,3.25,0.25,3.125,-0.5,,0.2;0.3;0.4;0.5;0.7;1;1.2;1.4;1.6;2;2.5;3;3.25;3.5;3.75,True
rule_070,0.66,0.54,0.5,False,4.0,neutral,Neutral,0.0,threshold_found,1.4,1.6,1.5,threshold_found,1.2,1.4,0.19999999999999996,1.2999999999999998,-0.20000000000000018,,0.2;0.3;0.4;0.5;0.7;1;1.2;1.4;1.6,True
rule_070,0.66,0.54,0.5,False,4.0,filling_biased,Filling-biased,1.0,threshold_found,0.3,0.4,0.35,threshold_found,0.3,0.4,0.10000000000000003,0.35,0.0,,0.2;0.3;0.4,True
rule_070,0.66,0.54,0.5,False,6.0,opening_biased,Opening-biased,-1.0,threshold_found,3.75,4.0,3.875,threshold_found,3.5,3.75,0.25,3.625,-0.25,,0.2;0.3;0.4;0.5;0.7;1;1.2;1.4;1.6;2;2.5;3;3.25;3.5;3.75;4,True
rule_070,0.66,0.54,0.5,False,6.0,neutral,Neutral,0.0,threshold_found,2.0,2.25,2.125,threshold_found,1.6,2.0,0.3999999999999999,1.8,-0.32499999999999996,,0.2;0.3;0.4;0.5;0.7;1;1.2;1.4;1.6;2;2.25;2.5,True
rule_070,0.66,0.54,0.5,False,6.0,filling_biased,Filling-biased,1.0,threshold_found,0.3,0.4,0.35,threshold_found,0.3,0.4,0.10000000000000003,0.35,0.0,,0.2;0.3;0.4,True
rule_071,0.66,0.54,0.55,False,2.0,opening_biased,Opening-biased,-1.0,threshold_found,3.0,3.25,3.125,threshold_found,2.5,3.0,0.5,2.75,-0.375,,0.2;0.3;0.4;0.5;0.7;1;1.2;1.4;1.6;2;2.5;3;3.25,True
rule_071,0.66,0.54,0.55,False,2.0,neutral,Neutral,0.0,threshold_found,0.7,0.85,0.7749999999999999,threshold_found,0.5,0.7,0.19999999999999996,0.6,-0.17499999999999993,,0.2;0.3;0.4;0.5;0.7;0.85;1,True
rule_071,0.66,0.54,0.55,False,2.0,filling_biased,Filling-biased,1.0,stable_at_lowest_tested,,0.2,,stable_at_lowest_tested,,0.2,,,,,0.2,True
rule_071,0.66,0.54,0.55,False,4.0,opening_biased,Opening-biased,-1.0,threshold_found,3.5,3.75,3.625,threshold_found,3.0,3.25,0.25,3.125,-0.5,,0.2;0.3;0.4;0.5;0.7;1;1.2;1.4;1.6;2;2.5;3;3.25;3.5;3.75,True
rule_071,0.66,0.54,0.55,False,4.0,neutral,Neutral,0.0,threshold_found,1.4,1.6,1.5,threshold_found,1.2,1.4,0.19999999999999996,1.2999999999999998,-0.20000000000000018,,0.2;0.3;0.4;0.5;0.7;1;1.2;1.4;1.6,True
rule_071,0.66,0.54,0.55,False,4.0,filling_biased,Filling-biased,1.0,threshold_found,0.3,0.4,0.35,threshold_found,0.3,0.4,0.10000000000000003,0.35,0.0,,0.2;0.3;0.4,True
rule_071,0.66,0.54,0.55,False,6.0,opening_biased,Opening-biased,-1.0,threshold_found,3.75,4.0,3.875,threshold_found,3.5,3.75,0.25,3.625,-0.25,,0.2;0.3;0.4;0.5;0.7;1;1.2;1.4;1.6;2;2.5;3;3.25;3.5;3.75;4,True
rule_071,0.66,0.54,0.55,False,6.0,neutral,Neutral,0.0,threshold_found,2.0,2.25,2.125,threshold_found,2.0,2.25,0.25,2.125,0.0,,0.2;0.3;0.4;0.5;0.7;1;1.2;1.4;1.6;2;2.25;2.5,True
rule_071,0.66,0.54,0.55,False,6.0,filling_biased,Filling-biased,1.0,threshold_found,0.3,0.4,0.35,threshold_found,0.3,0.4,0.10000000000000003,0.35,0.0,,0.2;0.3;0.4,True
rule_072,0.66,0.54,0.6,False,2.0,opening_biased,Opening-biased,-1.0,threshold_found,3.0,3.25,3.125,threshold_found,2.5,3.0,0.5,2.75,-0.375,,0.2;0.3;0.4;0.5;0.7;1;1.2;1.4;1.6;2;2.5;3;3.25,True
rule_072,0.66,0.54,0.6,False,2.0,neutral,Neutral,0.0,threshold_found,0.7,0.85,0.7749999999999999,threshold_found,0.5,0.7,0.19999999999999996,0.6,-0.17499999999999993,,0.2;0.3;0.4;0.5;0.7;0.85;1,True
rule_072,0.66,0.54,0.6,False,2.0,filling_biased,Filling-biased,1.0,stable_at_lowest_tested,,0.2,,stable_at_lowest_tested,,0.2,,,,,0.2,True
rule_072,0.66,0.54,0.6,False,4.0,opening_biased,Opening-biased,-1.0,threshold_found,3.5,3.75,3.625,threshold_found,3.0,3.25,0.25,3.125,-0.5,,0.2;0.3;0.4;0.5;0.7;1;1.2;1.4;1.6;2;2.5;3;3.25;3.5;3.75,True
rule_072,0.66,0.54,0.6,False,4.0,neutral,Neutral,0.0,threshold_found,1.4,1.6,1.5,threshold_found,1.2,1.4,0.19999999999999996,1.2999999999999998,-0.20000000000000018,,0.2;0.3;0.4;0.5;0.7;1;1.2;1.4;1.6,True
rule_072,0.66,0.54,0.6,False,4.0,filling_biased,Filling-biased,1.0,threshold_found,0.3,0.4,0.35,threshold_found,0.3,0.4,0.10000000000000003,0.35,0.0,,0.2;0.3;0.4,True
rule_072,0.66,0.54,0.6,False,6.0,opening_biased,Opening-biased,-1.0,threshold_found,3.75,4.0,3.875,threshold_found,3.5,3.75,0.25,3.625,-0.25,,0.2;0.3;0.4;0.5;0.7;1;1.2;1.4;1.6;2;2.5;3;3.25;3.5;3.75;4,True
rule_072,0.66,0.54,0.6,False,6.0,neutral,Neutral,0.0,threshold_found,2.0,2.25,2.125,threshold_found,2.0,2.25,0.25,2.125,0.0,,0.2;0.3;0.4;0.5;0.7;1;1.2;1.4;1.6;2;2.25;2.5,True
rule_072,0.66,0.54,0.6,False,6.0,filling_biased,Filling-biased,1.0,threshold_found,0.3,0.4,0.35,threshold_found,0.3,0.4,0.10000000000000003,0.35,0.0,,0.2;0.3;0.4,True
rule_073,0.66,0.56,0.5,False,2.0,opening_biased,Opening-biased,-1.0,threshold_found,3.0,3.25,3.125,threshold_found,2.5,3.0,0.5,2.75,-0.375,,0.2;0.3;0.4;0.5;0.7;1;1.2;1.4;1.6;2;2.5;3;3.25,True
rule_073,0.66,0.56,0.5,False,2.0,neutral,Neutral,0.0,threshold_found,0.7,0.85,0.7749999999999999,threshold_found,0.5,0.7,0.19999999999999996,0.6,-0.17499999999999993,,0.2;0.3;0.4;0.5;0.7;0.85;1,True
rule_073,0.66,0.56,0.5,False,2.0,filling_biased,Filling-biased,1.0,stable_at_lowest_tested,,0.2,,stable_at_lowest_tested,,0.2,,,,,0.2,True
rule_073,0.66,0.56,0.5,False,4.0,opening_biased,Opening-biased,-1.0,threshold_found,3.5,3.75,3.625,threshold_found,3.0,3.25,0.25,3.125,-0.5,,0.2;0.3;0.4;0.5;0.7;1;1.2;1.4;1.6;2;2.5;3;3.25;3.5;3.75,True
rule_073,0.66,0.56,0.5,False,4.0,neutral,Neutral,0.0,threshold_found,1.4,1.6,1.5,threshold_found,1.2,1.4,0.19999999999999996,1.2999999999999998,-0.20000000000000018,,0.2;0.3;0.4;0.5;0.7;1;1.2;1.4;1.6,True
rule_073,0.66,0.56,0.5,False,4.0,filling_biased,Filling-biased,1.0,threshold_found,0.3,0.4,0.35,threshold_found,0.3,0.4,0.10000000000000003,0.35,0.0,,0.2;0.3;0.4,True
rule_073,0.66,0.56,0.5,False,6.0,opening_biased,Opening-biased,-1.0,threshold_found,3.75,4.0,3.875,threshold_found,3.5,3.75,0.25,3.625,-0.25,,0.2;0.3;0.4;0.5;0.7;1;1.2;1.4;1.6;2;2.5;3;3.25;3.5;3.75;4,True
rule_073,0.66,0.56,0.5,False,6.0,neutral,Neutral,0.0,threshold_found,2.0,2.25,2.125,threshold_found,1.6,2.0,0.3999999999999999,1.8,-0.32499999999999996,,0.2;0.3;0.4;0.5;0.7;1;1.2;1.4;1.6;2;2.25;2.5,True
rule_073,0.66,0.56,0.5,False,6.0,filling_biased,Filling-biased,1.0,threshold_found,0.3,0.4,0.35,threshold_found,0.3,0.4,0.10000000000000003,0.35,0.0,,0.2;0.3;0.4,True
rule_074,0.66,0.56,0.55,False,2.0,opening_biased,Opening-biased,-1.0,threshold_found,3.0,3.25,3.125,threshold_found,2.5,3.0,0.5,2.75,-0.375,,0.2;0.3;0.4;0.5;0.7;1;1.2;1.4;1.6;2;2.5;3;3.25,True
rule_074,0.66,0.56,0.55,False,2.0,neutral,Neutral,0.0,threshold_found,0.7,0.85,0.7749999999999999,threshold_found,0.5,0.7,0.19999999999999996,0.6,-0.17499999999999993,,0.2;0.3;0.4;0.5;0.7;0.85;1,True
rule_074,0.66,0.56,0.55,False,2.0,filling_biased,Filling-biased,1.0,stable_at_lowest_tested,,0.2,,stable_at_lowest_tested,,0.2,,,,,0.2,True
rule_074,0.66,0.56,0.55,False,4.0,opening_biased,Opening-biased,-1.0,threshold_found,3.5,3.75,3.625,threshold_found,3.0,3.25,0.25,3.125,-0.5,,0.2;0.3;0.4;0.5;0.7;1;1.2;1.4;1.6;2;2.5;3;3.25;3.5;3.75,True
rule_074,0.66,0.56,0.55,False,4.0,neutral,Neutral,0.0,threshold_found,1.4,1.6,1.5,threshold_found,1.2,1.4,0.19999999999999996,1.2999999999999998,-0.20000000000000018,,0.2;0.3;0.4;0.5;0.7;1;1.2;1.4;1.6,True
rule_074,0.66,0.56,0.55,False,4.0,filling_biased,Filling-biased,1.0,threshold_found,0.3,0.4,0.35,threshold_found,0.3,0.4,0.10000000000000003,0.35,0.0,,0.2;0.3;0.4,True
rule_074,0.66,0.56,0.55,False,6.0,opening_biased,Opening-biased,-1.0,threshold_found,3.75,4.0,3.875,threshold_found,3.5,3.75,0.25,3.625,-0.25,,0.2;0.3;0.4;0.5;0.7;1;1.2;1.4;1.6;2;2.5;3;3.25;3.5;3.75;4,True
rule_074,0.66,0.56,0.55,False,6.0,neutral,Neutral,0.0,threshold_found,2.0,2.25,2.125,threshold_found,2.0,2.25,0.25,2.125,0.0,,0.2;0.3;0.4;0.5;0.7;1;1.2;1.4;1.6;2;2.25;2.5,True
rule_074,0.66,0.56,0.55,False,6.0,filling_biased,Filling-biased,1.0,threshold_found,0.3,0.4,0.35,threshold_found,0.3,0.4,0.10000000000000003,0.35,0.0,,0.2;0.3;0.4,True
rule_075,0.66,0.56,0.6,False,2.0,opening_biased,Opening-biased,-1.0,threshold_found,3.0,3.25,3.125,threshold_found,2.5,3.0,0.5,2.75,-0.375,,0.2;0.3;0.4;0.5;0.7;1;1.2;1.4;1.6;2;2.5;3;3.25,True
rule_075,0.66,0.56,0.6,False,2.0,neutral,Neutral,0.0,threshold_found,0.7,0.85,0.7749999999999999,threshold_found,0.5,0.7,0.19999999999999996,0.6,-0.17499999999999993,,0.2;0.3;0.4;0.5;0.7;0.85;1,True
rule_075,0.66,0.56,0.6,False,2.0,filling_biased,Filling-biased,1.0,stable_at_lowest_tested,,0.2,,stable_at_lowest_tested,,0.2,,,,,0.2,True
rule_075,0.66,0.56,0.6,False,4.0,opening_biased,Opening-biased,-1.0,threshold_found,3.5,3.75,3.625,threshold_found,3.0,3.25,0.25,3.125,-0.5,,0.2;0.3;0.4;0.5;0.7;1;1.2;1.4;1.6;2;2.5;3;3.25;3.5;3.75,True
rule_075,0.66,0.56,0.6,False,4.0,neutral,Neutral,0.0,threshold_found,1.4,1.6,1.5,threshold_found,1.2,1.4,0.19999999999999996,1.2999999999999998,-0.20000000000000018,,0.2;0.3;0.4;0.5;0.7;1;1.2;1.4;1.6,True
rule_075,0.66,0.56,0.6,False,4.0,filling_biased,Filling-biased,1.0,threshold_found,0.3,0.4,0.35,threshold_found,0.3,0.4,0.10000000000000003,0.35,0.0,,0.2;0.3;0.4,True
rule_075,0.66,0.56,0.6,False,6.0,opening_biased,Opening-biased,-1.0,threshold_found,3.75,4.0,3.875,threshold_found,3.5,3.75,0.25,3.625,-0.25,,0.2;0.3;0.4;0.5;0.7;1;1.2;1.4;1.6;2;2.5;3;3.25;3.5;3.75;4,True
rule_075,0.66,0.56,0.6,False,6.0,neutral,Neutral,0.0,threshold_found,2.0,2.25,2.125,threshold_found,2.0,2.25,0.25,2.125,0.0,,0.2;0.3;0.4;0.5;0.7;1;1.2;1.4;1.6;2;2.25;2.5,True
rule_075,0.66,0.56,0.6,False,6.0,filling_biased,Filling-biased,1.0,threshold_found,0.3,0.4,0.35,threshold_found,0.3,0.4,0.10000000000000003,0.35,0.0,,0.2;0.3;0.4,True
