witness,extraction,cathode,rate_c,stage,historical_subset,observed_ratio,predicted_ratio,error,fit_source,stable_id,m
w000,ordinary,P-LCO,0.2,dCh1,train,1.0352079988263148,1.0438224433571843,0.00861444453086957,science_lab/papers/cathode_response/revision_20260920/robust23/fits/local_early_ordinary_start2.json,m6p6_w000,6.6
w000,ordinary,P-LCO,0.2,dCh2,train,1.0946896141019296,1.0897060688191031,-0.004983545282826407,science_lab/papers/cathode_response/revision_20260920/robust23/fits/local_early_ordinary_start2.json,m6p6_w000,6.6
w000,ordinary,P-LCO,0.5,dCh1,check,1.0111612229645737,1.0232553640080007,0.012094141043426987,science_lab/papers/cathode_response/revision_20260920/robust23/fits/local_early_ordinary_start2.json,m6p6_w000,6.6
w000,ordinary,P-LCO,0.5,dCh2,check,1.092314263673691,1.1021580144246887,0.009843750750997637,science_lab/papers/cathode_response/revision_20260920/robust23/fits/local_early_ordinary_start2.json,m6p6_w000,6.6
w000,ordinary,P-LCO,2.0,dCh1,train,1.101360751606481,1.0946756365909323,-0.006685115015548693,science_lab/papers/cathode_response/revision_20260920/robust23/fits/local_early_ordinary_start2.json,m6p6_w000,6.6
w000,ordinary,P-LCO,2.0,dCh2,train,1.1081470881349442,1.1128580651831133,0.004710977048169029,science_lab/papers/cathode_response/revision_20260920/robust23/fits/local_early_ordinary_start2.json,m6p6_w000,6.6
w000,ordinary,P-LCO,4.0,dCh1,check,1.0943594437669857,1.1005368163313898,0.006177372564404093,science_lab/papers/cathode_response/revision_20260920/robust23/fits/local_early_ordinary_start2.json,m6p6_w000,6.6
w000,ordinary,P-LCO,4.0,dCh2,check,1.1045321963996184,1.0913695051431864,-0.013162691256431991,science_lab/papers/cathode_response/revision_20260920/robust23/fits/local_early_ordinary_start2.json,m6p6_w000,6.6
w000,ordinary,N-LCO,0.2,dCh1,train,1.0021618079950132,1.0154307819365136,0.013268973941500395,science_lab/papers/cathode_response/revision_20260920/robust23/fits/local_early_ordinary_start2.json,m6p6_w000,6.6
w000,ordinary,N-LCO,0.2,dCh2,train,1.0542202875094844,1.0309463147191278,-0.02327397279035659,science_lab/papers/cathode_response/revision_20260920/robust23/fits/local_early_ordinary_start2.json,m6p6_w000,6.6
w000,ordinary,N-LCO,2.0,dCh1,train,1.025318751306497,1.0292613085674513,0.003942557260954382,science_lab/papers/cathode_response/revision_20260920/robust23/fits/local_early_ordinary_start2.json,m6p6_w000,6.6
w000,ordinary,N-LCO,2.0,dCh2,train,1.030666033295323,1.0439267095354094,0.013260676240086422,science_lab/papers/cathode_response/revision_20260920/robust23/fits/local_early_ordinary_start2.json,m6p6_w000,6.6
w000,ordinary,N-LCO,4.0,dCh1,check,1.0296564425945025,1.020952197726446,-0.008704244868056543,science_lab/papers/cathode_response/revision_20260920/robust23/fits/local_early_ordinary_start2.json,m6p6_w000,6.6
w000,ordinary,N-LCO,4.0,dCh2,check,1.0375876232087635,1.0312219312864688,-0.006365691922294747,science_lab/papers/cathode_response/revision_20260920/robust23/fits/local_early_ordinary_start2.json,m6p6_w000,6.6
w001,ordinary,P-LCO,0.2,dCh1,train,1.0352079988263148,1.04382315443696,0.008615155610645298,science_lab/papers/cathode_response/revision_20260920/robust23/fits/local_early_ordinary_start0.json,m6p6_w001,6.6
w001,ordinary,P-LCO,0.2,dCh2,train,1.0946896141019296,1.0897049407952324,-0.004984673306697163,science_lab/papers/cathode_response/revision_20260920/robust23/fits/local_early_ordinary_start0.json,m6p6_w001,6.6
w001,ordinary,P-LCO,0.5,dCh1,check,1.0111612229645737,1.0232570366567404,0.012095813692166724,science_lab/papers/cathode_response/revision_20260920/robust23/fits/local_early_ordinary_start0.json,m6p6_w001,6.6
w001,ordinary,P-LCO,0.5,dCh2,check,1.092314263673691,1.102156586391579,0.009842322717887875,science_lab/papers/cathode_response/revision_20260920/robust23/fits/local_early_ordinary_start0.json,m6p6_w001,6.6
w001,ordinary,P-LCO,2.0,dCh1,train,1.101360751606481,1.094675219694051,-0.006685531912429932,science_lab/papers/cathode_response/revision_20260920/robust23/fits/local_early_ordinary_start0.json,m6p6_w001,6.6
w001,ordinary,P-LCO,2.0,dCh2,train,1.1081470881349442,1.1128570816211305,0.004709993486186281,science_lab/papers/cathode_response/revision_20260920/robust23/fits/local_early_ordinary_start0.json,m6p6_w001,6.6
w001,ordinary,P-LCO,4.0,dCh1,check,1.0943594437669857,1.1005380679379129,0.006178624170927183,science_lab/papers/cathode_response/revision_20260920/robust23/fits/local_early_ordinary_start0.json,m6p6_w001,6.6
w001,ordinary,P-LCO,4.0,dCh2,check,1.1045321963996184,1.0913698171555557,-0.013162379244062716,science_lab/papers/cathode_response/revision_20260920/robust23/fits/local_early_ordinary_start0.json,m6p6_w001,6.6
w001,ordinary,N-LCO,0.2,dCh1,train,1.0021618079950132,1.0154304689685738,0.013268660973560609,science_lab/papers/cathode_response/revision_20260920/robust23/fits/local_early_ordinary_start0.json,m6p6_w001,6.6
w001,ordinary,N-LCO,0.2,dCh2,train,1.0542202875094844,1.0309463375670647,-0.023273949942419714,science_lab/papers/cathode_response/revision_20260920/robust23/fits/local_early_ordinary_start0.json,m6p6_w001,6.6
w001,ordinary,N-LCO,2.0,dCh1,train,1.025318751306497,1.0292608924782067,0.003942141171709768,science_lab/papers/cathode_response/revision_20260920/robust23/fits/local_early_ordinary_start0.json,m6p6_w001,6.6
w001,ordinary,N-LCO,2.0,dCh2,train,1.030666033295323,1.0439264387996399,0.013260405504316841,science_lab/papers/cathode_response/revision_20260920/robust23/fits/local_early_ordinary_start0.json,m6p6_w001,6.6
w001,ordinary,N-LCO,4.0,dCh1,check,1.0296564425945025,1.0209518369322363,-0.008704605662266163,science_lab/papers/cathode_response/revision_20260920/robust23/fits/local_early_ordinary_start0.json,m6p6_w001,6.6
w001,ordinary,N-LCO,4.0,dCh2,check,1.0375876232087635,1.0312214422493688,-0.006366180959394674,science_lab/papers/cathode_response/revision_20260920/robust23/fits/local_early_ordinary_start0.json,m6p6_w001,6.6
w002,ordinary,P-LCO,0.2,dCh1,train,1.0352079988263148,1.0438224437120063,0.008614444885691519,science_lab/papers/cathode_response/revision_20260920/uncertainty25/searches/local_early_ordinary_P4_first_min_seed0.json,m6p6_w002,6.6
w002,ordinary,P-LCO,0.2,dCh2,train,1.0946896141019296,1.0897060692904867,-0.004983544811442808,science_lab/papers/cathode_response/revision_20260920/uncertainty25/searches/local_early_ordinary_P4_first_min_seed0.json,m6p6_w002,6.6
w002,ordinary,P-LCO,0.5,dCh1,check,1.0111612229645737,1.0232553638141828,0.012094140849609136,science_lab/papers/cathode_response/revision_20260920/uncertainty25/searches/local_early_ordinary_P4_first_min_seed0.json,m6p6_w002,6.6
w002,ordinary,P-LCO,0.5,dCh2,check,1.092314263673691,1.1021580202962502,0.009843756622559097,science_lab/papers/cathode_response/revision_20260920/uncertainty25/searches/local_early_ordinary_P4_first_min_seed0.json,m6p6_w002,6.6
w002,ordinary,P-LCO,2.0,dCh1,train,1.101360751606481,1.0946756365394839,-0.006685115066997094,science_lab/papers/cathode_response/revision_20260920/uncertainty25/searches/local_early_ordinary_P4_first_min_seed0.json,m6p6_w002,6.6
w002,ordinary,P-LCO,2.0,dCh2,train,1.1081470881349442,1.1128580650854003,0.0047109769504560806,science_lab/papers/cathode_response/revision_20260920/uncertainty25/searches/local_early_ordinary_P4_first_min_seed0.json,m6p6_w002,6.6
w002,ordinary,P-LCO,4.0,dCh1,check,1.0943594437669857,1.1005368180084834,0.0061773742414976685,science_lab/papers/cathode_response/revision_20260920/uncertainty25/searches/local_early_ordinary_P4_first_min_seed0.json,m6p6_w002,6.6
w002,ordinary,P-LCO,4.0,dCh2,check,1.1045321963996184,1.0913695059254098,-0.013162690474208594,science_lab/papers/cathode_response/revision_20260920/uncertainty25/searches/local_early_ordinary_P4_first_min_seed0.json,m6p6_w002,6.6
w002,ordinary,N-LCO,0.2,dCh1,train,1.0021618079950132,1.0154307819063322,0.013268973911318982,science_lab/papers/cathode_response/revision_20260920/uncertainty25/searches/local_early_ordinary_P4_first_min_seed0.json,m6p6_w002,6.6
w002,ordinary,N-LCO,0.2,dCh2,train,1.0542202875094844,1.0309463145830449,-0.023273972926439512,science_lab/papers/cathode_response/revision_20260920/uncertainty25/searches/local_early_ordinary_P4_first_min_seed0.json,m6p6_w002,6.6
w002,ordinary,N-LCO,2.0,dCh1,train,1.025318751306497,1.0292613086996258,0.003942557393128876,science_lab/papers/cathode_response/revision_20260920/uncertainty25/searches/local_early_ordinary_P4_first_min_seed0.json,m6p6_w002,6.6
w002,ordinary,N-LCO,2.0,dCh2,train,1.030666033295323,1.0439267090748976,0.013260675779574571,science_lab/papers/cathode_response/revision_20260920/uncertainty25/searches/local_early_ordinary_P4_first_min_seed0.json,m6p6_w002,6.6
w002,ordinary,N-LCO,4.0,dCh1,check,1.0296564425945025,1.0209521948525986,-0.008704247741903925,science_lab/papers/cathode_response/revision_20260920/uncertainty25/searches/local_early_ordinary_P4_first_min_seed0.json,m6p6_w002,6.6
w002,ordinary,N-LCO,4.0,dCh2,check,1.0375876232087635,1.0312219282079047,-0.0063656950008588176,science_lab/papers/cathode_response/revision_20260920/uncertainty25/searches/local_early_ordinary_P4_first_min_seed0.json,m6p6_w002,6.6
w003,ordinary,P-LCO,0.2,dCh1,train,1.0352079988263148,1.0324649002897084,-0.00274309853660637,science_lab/papers/cathode_response/revision_20260920/uncertainty25/searches/local_early_ordinary_P4_first_min_seed1.json,m6p6_w003,6.6
w003,ordinary,P-LCO,0.2,dCh2,train,1.0946896141019296,1.0646916167691092,-0.02999799733282038,science_lab/papers/cathode_response/revision_20260920/uncertainty25/searches/local_early_ordinary_P4_first_min_seed1.json,m6p6_w003,6.6
w003,ordinary,P-LCO,0.5,dCh1,check,1.0111612229645737,1.022905030463857,0.011743807499283276,science_lab/papers/cathode_response/revision_20260920/uncertainty25/searches/local_early_ordinary_P4_first_min_seed1.json,m6p6_w003,6.6
w003,ordinary,P-LCO,0.5,dCh2,check,1.092314263673691,1.078870357597367,-0.013443906076324064,science_lab/papers/cathode_response/revision_20260920/uncertainty25/searches/local_early_ordinary_P4_first_min_seed1.json,m6p6_w003,6.6
w003,ordinary,P-LCO,2.0,dCh1,train,1.101360751606481,1.0713627517489372,-0.0299979998575437,science_lab/papers/cathode_response/revision_20260920/uncertainty25/searches/local_early_ordinary_P4_first_min_seed1.json,m6p6_w003,6.6
w003,ordinary,P-LCO,2.0,dCh2,train,1.1081470881349442,1.0838937790087941,-0.02425330912615009,science_lab/papers/cathode_response/revision_20260920/uncertainty25/searches/local_early_ordinary_P4_first_min_seed1.json,m6p6_w003,6.6
w003,ordinary,P-LCO,4.0,dCh1,check,1.0943594437669857,1.071008305134672,-0.02335113863231375,science_lab/papers/cathode_response/revision_20260920/uncertainty25/searches/local_early_ordinary_P4_first_min_seed1.json,m6p6_w003,6.6
w003,ordinary,P-LCO,4.0,dCh2,check,1.1045321963996184,1.0798045696280318,-0.024727626771586575,science_lab/papers/cathode_response/revision_20260920/uncertainty25/searches/local_early_ordinary_P4_first_min_seed1.json,m6p6_w003,6.6
w003,ordinary,N-LCO,0.2,dCh1,train,1.0021618079950132,1.0321598093863993,0.029998001391386087,science_lab/papers/cathode_response/revision_20260920/uncertainty25/searches/local_early_ordinary_P4_first_min_seed1.json,m6p6_w003,6.6
w003,ordinary,N-LCO,0.2,dCh2,train,1.0542202875094844,1.0242222925986233,-0.02999799491086108,science_lab/papers/cathode_response/revision_20260920/uncertainty25/searches/local_early_ordinary_P4_first_min_seed1.json,m6p6_w003,6.6
w003,ordinary,N-LCO,2.0,dCh1,train,1.025318751306497,1.045180294689999,0.0198615433835021,science_lab/papers/cathode_response/revision_20260920/uncertainty25/searches/local_early_ordinary_P4_first_min_seed1.json,m6p6_w003,6.6
w003,ordinary,N-LCO,2.0,dCh2,train,1.030666033295323,1.0606640336469557,0.029998000351632692,science_lab/papers/cathode_response/revision_20260920/uncertainty25/searches/local_early_ordinary_P4_first_min_seed1.json,m6p6_w003,6.6
w003,ordinary,N-LCO,4.0,dCh1,check,1.0296564425945025,1.036188862255505,0.0065324196610025975,science_lab/papers/cathode_response/revision_20260920/uncertainty25/searches/local_early_ordinary_P4_first_min_seed1.json,m6p6_w003,6.6
w003,ordinary,N-LCO,4.0,dCh2,check,1.0375876232087635,1.050793912517738,0.013206289308974384,science_lab/papers/cathode_response/revision_20260920/uncertainty25/searches/local_early_ordinary_P4_first_min_seed1.json,m6p6_w003,6.6
w004,ordinary,P-LCO,0.2,dCh1,train,1.0352079988263148,1.05157587492806,0.01636787610174517,science_lab/papers/cathode_response/revision_20260920/uncertainty25/searches/local_early_ordinary_b_min_seed0.json,m6p6_w004,6.6
w004,ordinary,P-LCO,0.2,dCh2,train,1.0946896141019296,1.0898527576991337,-0.004836856402795853,science_lab/papers/cathode_response/revision_20260920/uncertainty25/searches/local_early_ordinary_b_min_seed0.json,m6p6_w004,6.6
w004,ordinary,P-LCO,0.5,dCh1,check,1.0111612229645737,1.036810872256626,0.02564964929205238,science_lab/papers/cathode_response/revision_20260920/uncertainty25/searches/local_early_ordinary_b_min_seed0.json,m6p6_w004,6.6
w004,ordinary,P-LCO,0.5,dCh2,check,1.092314263673691,1.104611451248228,0.012297187574536794,science_lab/papers/cathode_response/revision_20260920/uncertainty25/searches/local_early_ordinary_b_min_seed0.json,m6p6_w004,6.6
w004,ordinary,P-LCO,2.0,dCh1,train,1.101360751606481,1.0713627492575937,-0.029998002348887276,science_lab/papers/cathode_response/revision_20260920/uncertainty25/searches/local_early_ordinary_b_min_seed0.json,m6p6_w004,6.6
w004,ordinary,P-LCO,2.0,dCh2,train,1.1081470881349442,1.0847791016964783,-0.023367986438465937,science_lab/papers/cathode_response/revision_20260920/uncertainty25/searches/local_early_ordinary_b_min_seed0.json,m6p6_w004,6.6
w004,ordinary,P-LCO,4.0,dCh1,check,1.0943594437669857,1.0725972372630084,-0.02176220650397731,science_lab/papers/cathode_response/revision_20260920/uncertainty25/searches/local_early_ordinary_b_min_seed0.json,m6p6_w004,6.6
w004,ordinary,P-LCO,4.0,dCh2,check,1.1045321963996184,1.0856839606573039,-0.018848235742314534,science_lab/papers/cathode_response/revision_20260920/uncertainty25/searches/local_early_ordinary_b_min_seed0.json,m6p6_w004,6.6
w004,ordinary,N-LCO,0.2,dCh1,train,1.0021618079950132,1.0321598096909563,0.029998001695943133,science_lab/papers/cathode_response/revision_20260920/uncertainty25/searches/local_early_ordinary_b_min_seed0.json,m6p6_w004,6.6
w004,ordinary,N-LCO,0.2,dCh2,train,1.0542202875094844,1.0242222896854523,-0.02999799782403212,science_lab/papers/cathode_response/revision_20260920/uncertainty25/searches/local_early_ordinary_b_min_seed0.json,m6p6_w004,6.6
w004,ordinary,N-LCO,2.0,dCh1,train,1.025318751306497,1.043804061962135,0.018485310655637965,science_lab/papers/cathode_response/revision_20260920/uncertainty25/searches/local_early_ordinary_b_min_seed0.json,m6p6_w004,6.6
w004,ordinary,N-LCO,2.0,dCh2,train,1.030666033295323,1.0606639558937399,0.029997922598416826,science_lab/papers/cathode_response/revision_20260920/uncertainty25/searches/local_early_ordinary_b_min_seed0.json,m6p6_w004,6.6
w004,ordinary,N-LCO,4.0,dCh1,check,1.0296564425945025,1.0344706002665593,0.00481415767205684,science_lab/papers/cathode_response/revision_20260920/uncertainty25/searches/local_early_ordinary_b_min_seed0.json,m6p6_w004,6.6
w004,ordinary,N-LCO,4.0,dCh2,check,1.0375876232087635,1.0489604957646244,0.011372872555860836,science_lab/papers/cathode_response/revision_20260920/uncertainty25/searches/local_early_ordinary_b_min_seed0.json,m6p6_w004,6.6
w005,ordinary,P-LCO,0.2,dCh1,train,1.0352079988263148,1.038209473857006,0.0030014750306912585,science_lab/papers/cathode_response/revision_20260920/uncertainty25/searches/local_early_ordinary_b_min_seed0.json,m6p6_w005,6.6
w005,ordinary,P-LCO,0.2,dCh2,train,1.0946896141019296,1.0789303786716073,-0.015759235430322205,science_lab/papers/cathode_response/revision_20260920/uncertainty25/searches/local_early_ordinary_b_min_seed0.json,m6p6_w005,6.6
w005,ordinary,P-LCO,0.5,dCh1,check,1.0111612229645737,1.0222823969994879,0.011121174034914194,science_lab/papers/cathode_response/revision_20260920/uncertainty25/searches/local_early_ordinary_b_min_seed0.json,m6p6_w005,6.6
w005,ordinary,P-LCO,0.5,dCh2,check,1.092314263673691,1.0925488431009858,0.00023457942729465664,science_lab/papers/cathode_response/revision_20260920/uncertainty25/searches/local_early_ordinary_b_min_seed0.json,m6p6_w005,6.6
w005,ordinary,P-LCO,2.0,dCh1,train,1.101360751606481,1.0866324302398798,-0.014728321366601183,science_lab/papers/cathode_response/revision_20260920/uncertainty25/searches/local_early_ordinary_b_min_seed0.json,m6p6_w005,6.6
w005,ordinary,P-LCO,2.0,dCh2,train,1.1081470881349442,1.1028269109361983,-0.00532017719874589,science_lab/papers/cathode_response/revision_20260920/uncertainty25/searches/local_early_ordinary_b_min_seed0.json,m6p6_w005,6.6
w005,ordinary,P-LCO,4.0,dCh1,check,1.0943594437669857,1.0890248061622934,-0.005334637604692327,science_lab/papers/cathode_response/revision_20260920/uncertainty25/searches/local_early_ordinary_b_min_seed0.json,m6p6_w005,6.6
w005,ordinary,P-LCO,4.0,dCh2,check,1.1045321963996184,1.0940914876451702,-0.010440708754448247,science_lab/papers/cathode_response/revision_20260920/uncertainty25/searches/local_early_ordinary_b_min_seed0.json,m6p6_w005,6.6
w005,ordinary,N-LCO,0.2,dCh1,train,1.0021618079950132,1.0317817932837856,0.02961998528877241,science_lab/papers/cathode_response/revision_20260920/uncertainty25/searches/local_early_ordinary_b_min_seed0.json,m6p6_w005,6.6
w005,ordinary,N-LCO,0.2,dCh2,train,1.0542202875094844,1.0346598585806805,-0.01956042892880383,science_lab/papers/cathode_response/revision_20260920/uncertainty25/searches/local_early_ordinary_b_min_seed0.json,m6p6_w005,6.6
w005,ordinary,N-LCO,2.0,dCh1,train,1.025318751306497,1.0440881340119579,0.018769382705460913,science_lab/papers/cathode_response/revision_20260920/uncertainty25/searches/local_early_ordinary_b_min_seed0.json,m6p6_w005,6.6
w005,ordinary,N-LCO,2.0,dCh2,train,1.030666033295323,1.0604609730004586,0.02979493970513558,science_lab/papers/cathode_response/revision_20260920/uncertainty25/searches/local_early_ordinary_b_min_seed0.json,m6p6_w005,6.6
w005,ordinary,N-LCO,4.0,dCh1,check,1.0296564425945025,1.0340267243966759,0.004370281802173359,science_lab/papers/cathode_response/revision_20260920/uncertainty25/searches/local_early_ordinary_b_min_seed0.json,m6p6_w005,6.6
w005,ordinary,N-LCO,4.0,dCh2,check,1.0375876232087635,1.0489962719896528,0.011408648780889319,science_lab/papers/cathode_response/revision_20260920/uncertainty25/searches/local_early_ordinary_b_min_seed0.json,m6p6_w005,6.6
w006,ordinary,P-LCO,0.2,dCh1,train,1.0352079988263148,1.0515758743393557,0.016367875513040975,science_lab/papers/cathode_response/revision_20260920/uncertainty25/searches/local_early_ordinary_b_min_seed1.json,m6p6_w006,6.6
w006,ordinary,P-LCO,0.2,dCh2,train,1.0946896141019296,1.089852758148264,-0.004836855953665564,science_lab/papers/cathode_response/revision_20260920/uncertainty25/searches/local_early_ordinary_b_min_seed1.json,m6p6_w006,6.6
w006,ordinary,P-LCO,0.5,dCh1,check,1.0111612229645737,1.0368108561763136,0.025649633211739964,science_lab/papers/cathode_response/revision_20260920/uncertainty25/searches/local_early_ordinary_b_min_seed1.json,m6p6_w006,6.6
w006,ordinary,P-LCO,0.5,dCh2,check,1.092314263673691,1.1046114329264753,0.012297169252784235,science_lab/papers/cathode_response/revision_20260920/uncertainty25/searches/local_early_ordinary_b_min_seed1.json,m6p6_w006,6.6
w006,ordinary,P-LCO,2.0,dCh1,train,1.101360751606481,1.071362752553141,-0.029997999053339885,science_lab/papers/cathode_response/revision_20260920/uncertainty25/searches/local_early_ordinary_b_min_seed1.json,m6p6_w006,6.6
w006,ordinary,P-LCO,2.0,dCh2,train,1.1081470881349442,1.084779105243748,-0.023367982891196126,science_lab/papers/cathode_response/revision_20260920/uncertainty25/searches/local_early_ordinary_b_min_seed1.json,m6p6_w006,6.6
w006,ordinary,P-LCO,4.0,dCh1,check,1.0943594437669857,1.0725972360924865,-0.021762207674499212,science_lab/papers/cathode_response/revision_20260920/uncertainty25/searches/local_early_ordinary_b_min_seed1.json,m6p6_w006,6.6
w006,ordinary,P-LCO,4.0,dCh2,check,1.1045321963996184,1.0856839592003893,-0.018848237199229123,science_lab/papers/cathode_response/revision_20260920/uncertainty25/searches/local_early_ordinary_b_min_seed1.json,m6p6_w006,6.6
w006,ordinary,N-LCO,0.2,dCh1,train,1.0021618079950132,1.0321598089904003,0.029998000995387075,science_lab/papers/cathode_response/revision_20260920/uncertainty25/searches/local_early_ordinary_b_min_seed1.json,m6p6_w006,6.6
w006,ordinary,N-LCO,0.2,dCh2,train,1.0542202875094844,1.0242222895818895,-0.029997997927594833,science_lab/papers/cathode_response/revision_20260920/uncertainty25/searches/local_early_ordinary_b_min_seed1.json,m6p6_w006,6.6
w006,ordinary,N-LCO,2.0,dCh1,train,1.025318751306497,1.043804062147773,0.018485310841276137,science_lab/papers/cathode_response/revision_20260920/uncertainty25/searches/local_early_ordinary_b_min_seed1.json,m6p6_w006,6.6
w006,ordinary,N-LCO,2.0,dCh2,train,1.030666033295323,1.0606639557538031,0.029997922458480097,science_lab/papers/cathode_response/revision_20260920/uncertainty25/searches/local_early_ordinary_b_min_seed1.json,m6p6_w006,6.6
w006,ordinary,N-LCO,4.0,dCh1,check,1.0296564425945025,1.0344706005136652,0.0048141579191627315,science_lab/papers/cathode_response/revision_20260920/uncertainty25/searches/local_early_ordinary_b_min_seed1.json,m6p6_w006,6.6
w006,ordinary,N-LCO,4.0,dCh2,check,1.0375876232087635,1.0489604990704076,0.011372875861644038,science_lab/papers/cathode_response/revision_20260920/uncertainty25/searches/local_early_ordinary_b_min_seed1.json,m6p6_w006,6.6
w007,robust,P-LCO,0.2,dCh1,train,1.0453503770924053,1.040919027189226,-0.0044313499031793935,science_lab/papers/cathode_response/revision_20260920/uncertainty25/searches/local_early_robust_P4_first_min_seed1.json,m6p6_w007,6.6
w007,robust,P-LCO,0.2,dCh2,train,1.1142607011764938,1.0842627055840168,-0.029997995592476956,science_lab/papers/cathode_response/revision_20260920/uncertainty25/searches/local_early_robust_P4_first_min_seed1.json,m6p6_w007,6.6
w007,robust,P-LCO,0.5,dCh1,check,1.016764675743518,1.0223798667548516,0.005615191011333565,science_lab/papers/cathode_response/revision_20260920/uncertainty25/searches/local_early_robust_P4_first_min_seed1.json,m6p6_w007,6.6
w007,robust,P-LCO,0.5,dCh2,check,1.095053633162125,1.0978092766333138,0.00275564347118884,science_lab/papers/cathode_response/revision_20260920/uncertainty25/searches/local_early_robust_P4_first_min_seed1.json,m6p6_w007,6.6
w007,robust,P-LCO,2.0,dCh1,train,1.1117832872784075,1.0817852902193201,-0.029997997059087345,science_lab/papers/cathode_response/revision_20260920/uncertainty25/searches/local_early_robust_P4_first_min_seed1.json,m6p6_w007,6.6
w007,robust,P-LCO,2.0,dCh2,train,1.1188968899800256,1.098609304964266,-0.020287585015759557,science_lab/papers/cathode_response/revision_20260920/uncertainty25/searches/local_early_robust_P4_first_min_seed1.json,m6p6_w007,6.6
w007,robust,P-LCO,4.0,dCh1,check,1.1095175835524622,1.0825412242460561,-0.026976359306406072,science_lab/papers/cathode_response/revision_20260920/uncertainty25/searches/local_early_robust_P4_first_min_seed1.json,m6p6_w007,6.6
w007,robust,P-LCO,4.0,dCh2,check,1.119590945453795,1.0933466643792005,-0.026244281074594422,science_lab/papers/cathode_response/revision_20260920/uncertainty25/searches/local_early_robust_P4_first_min_seed1.json,m6p6_w007,6.6
w007,robust,N-LCO,0.2,dCh1,train,1.0021270660735158,1.03212506672017,0.029998000646654255,science_lab/papers/cathode_response/revision_20260920/uncertainty25/searches/local_early_robust_P4_first_min_seed1.json,m6p6_w007,6.6
w007,robust,N-LCO,0.2,dCh2,train,1.0548699940642448,1.0248719956884607,-0.029997998375784096,science_lab/papers/cathode_response/revision_20260920/uncertainty25/searches/local_early_robust_P4_first_min_seed1.json,m6p6_w007,6.6
w007,robust,N-LCO,2.0,dCh1,train,1.0252842384911032,1.042710696064107,0.017426457573003873,science_lab/papers/cathode_response/revision_20260920/uncertainty25/searches/local_early_robust_P4_first_min_seed1.json,m6p6_w007,6.6
w007,robust,N-LCO,2.0,dCh2,train,1.02969348160086,1.0552167202303193,0.025523238629459266,science_lab/papers/cathode_response/revision_20260920/uncertainty25/searches/local_early_robust_P4_first_min_seed1.json,m6p6_w007,6.6
w007,robust,N-LCO,4.0,dCh1,check,1.0324750314259366,1.0330165268779474,0.0005414954520108761,science_lab/papers/cathode_response/revision_20260920/uncertainty25/searches/local_early_robust_P4_first_min_seed1.json,m6p6_w007,6.6
w007,robust,N-LCO,4.0,dCh2,check,1.0380410531938569,1.0466834523920612,0.008642399198204309,science_lab/papers/cathode_response/revision_20260920/uncertainty25/searches/local_early_robust_P4_first_min_seed1.json,m6p6_w007,6.6
w008,published,P-LCO,0.2,dCh1,train,1.046875,1.069389462492635,0.022514462492635,science_lab/papers/cathode_response/revision_20260920/uncertainty25/searches/local_late_published_P05_first_max_seed1.json,m6p6_w008,6.6
w008,published,P-LCO,0.2,dCh2,train,1.13171875,1.1131559921933734,-0.01856275780662675,science_lab/papers/cathode_response/revision_20260920/uncertainty25/searches/local_late_published_P05_first_max_seed1.json,m6p6_w008,6.6
w008,published,P-LCO,0.5,dCh1,check,1.0293294030950626,1.0562157670688384,0.02688636397377575,science_lab/papers/cathode_response/revision_20260920/uncertainty25/searches/local_late_published_P05_first_max_seed1.json,m6p6_w008,6.6
w008,published,P-LCO,0.5,dCh2,check,1.1516580692704494,1.1606198462596058,0.008961776989156345,science_lab/papers/cathode_response/revision_20260920/uncertainty25/searches/local_late_published_P05_first_max_seed1.json,m6p6_w008,6.6
w008,published,P-LCO,2.0,dCh1,train,1.1113235294117647,1.0965277341021504,-0.01479579530961428,science_lab/papers/cathode_response/revision_20260920/uncertainty25/searches/local_late_published_P05_first_max_seed1.json,m6p6_w008,6.6
w008,published,P-LCO,2.0,dCh2,train,1.1247058823529412,1.1182853754723738,-0.006420506880567389,science_lab/papers/cathode_response/revision_20260920/uncertainty25/searches/local_late_published_P05_first_max_seed1.json,m6p6_w008,6.6
w008,published,P-LCO,4.0,dCh1,check,1.123355946282708,1.1084331120649298,-0.014922834217778291,science_lab/papers/cathode_response/revision_20260920/uncertainty25/searches/local_late_published_P05_first_max_seed1.json,m6p6_w008,6.6
w008,published,P-LCO,4.0,dCh2,check,1.1635054686418387,1.136866453425824,-0.02663901521601475,science_lab/papers/cathode_response/revision_20260920/uncertainty25/searches/local_late_published_P05_first_max_seed1.json,m6p6_w008,6.6
w008,published,N-LCO,0.2,dCh1,train,1.0086092715231787,1.0365754772514877,0.02796620572830899,science_lab/papers/cathode_response/revision_20260920/uncertainty25/searches/local_late_published_P05_first_max_seed1.json,m6p6_w008,6.6
w008,published,N-LCO,0.2,dCh2,train,1.0,1.029906363946903,0.029906363946903047,science_lab/papers/cathode_response/revision_20260920/uncertainty25/searches/local_late_published_P05_first_max_seed1.json,m6p6_w008,6.6
w008,published,N-LCO,2.0,dCh1,train,1.0255596391580355,1.0329312006166336,0.007371561458598075,science_lab/papers/cathode_response/revision_20260920/uncertainty25/searches/local_late_published_P05_first_max_seed1.json,m6p6_w008,6.6
w008,published,N-LCO,2.0,dCh2,train,1.0304042766455062,1.0494932800068373,0.019089003361331125,science_lab/papers/cathode_response/revision_20260920/uncertainty25/searches/local_late_published_P05_first_max_seed1.json,m6p6_w008,6.6
w008,published,N-LCO,4.0,dCh1,check,1.046460550768711,1.0232977022749066,-0.023162848493804455,science_lab/papers/cathode_response/revision_20260920/uncertainty25/searches/local_late_published_P05_first_max_seed1.json,m6p6_w008,6.6
w008,published,N-LCO,4.0,dCh2,check,1.0393647575603988,1.0342144445722745,-0.005150312988124295,science_lab/papers/cathode_response/revision_20260920/uncertainty25/searches/local_late_published_P05_first_max_seed1.json,m6p6_w008,6.6
w009,published,P-LCO,0.2,dCh1,train,1.046875,1.0758404323926565,0.028965432392656476,science_lab/papers/cathode_response/revision_20260920/uncertainty25/searches/local_late_published_P4_first_max_seed0.json,m6p6_w009,6.6
w009,published,P-LCO,0.2,dCh2,train,1.13171875,1.143964778652787,0.012246028652786789,science_lab/papers/cathode_response/revision_20260920/uncertainty25/searches/local_late_published_P4_first_max_seed0.json,m6p6_w009,6.6
w009,published,P-LCO,0.5,dCh1,check,1.0293294030950626,1.0326663799927374,0.0033369768976747594,science_lab/papers/cathode_response/revision_20260920/uncertainty25/searches/local_late_published_P4_first_max_seed0.json,m6p6_w009,6.6
w009,published,P-LCO,0.5,dCh2,check,1.1516580692704494,1.1595391569161568,0.007881087645707385,science_lab/papers/cathode_response/revision_20260920/uncertainty25/searches/local_late_published_P4_first_max_seed0.json,m6p6_w009,6.6
w009,published,P-LCO,2.0,dCh1,train,1.1113235294117647,1.1217626349303038,0.010439105518539105,science_lab/papers/cathode_response/revision_20260920/uncertainty25/searches/local_late_published_P4_first_max_seed0.json,m6p6_w009,6.6
w009,published,P-LCO,2.0,dCh2,train,1.1247058823529412,1.1537894966230757,0.029083614270134506,science_lab/papers/cathode_response/revision_20260920/uncertainty25/searches/local_late_published_P4_first_max_seed0.json,m6p6_w009,6.6
w009,published,P-LCO,4.0,dCh1,check,1.123355946282708,1.1080749370251233,-0.015281009257584799,science_lab/papers/cathode_response/revision_20260920/uncertainty25/searches/local_late_published_P4_first_max_seed0.json,m6p6_w009,6.6
w009,published,P-LCO,4.0,dCh2,check,1.1635054686418387,1.141828643847511,-0.021676824794327754,science_lab/papers/cathode_response/revision_20260920/uncertainty25/searches/local_late_published_P4_first_max_seed0.json,m6p6_w009,6.6
w009,published,N-LCO,0.2,dCh1,train,1.0086092715231787,0.9926753727759635,-0.01593389874721518,science_lab/papers/cathode_response/revision_20260920/uncertainty25/searches/local_late_published_P4_first_max_seed0.json,m6p6_w009,6.6
w009,published,N-LCO,0.2,dCh2,train,1.0,0.9702556200496424,-0.029744379950357613,science_lab/papers/cathode_response/revision_20260920/uncertainty25/searches/local_late_published_P4_first_max_seed0.json,m6p6_w009,6.6
w009,published,N-LCO,2.0,dCh1,train,1.0255596391580355,1.0460243842755037,0.020464745117468208,science_lab/papers/cathode_response/revision_20260920/uncertainty25/searches/local_late_published_P4_first_max_seed0.json,m6p6_w009,6.6
w009,published,N-LCO,2.0,dCh2,train,1.0304042766455062,1.052058977536969,0.02165470089146293,science_lab/papers/cathode_response/revision_20260920/uncertainty25/searches/local_late_published_P4_first_max_seed0.json,m6p6_w009,6.6
w009,published,N-LCO,4.0,dCh1,check,1.046460550768711,1.0428113145915436,-0.003649236177167392,science_lab/papers/cathode_response/revision_20260920/uncertainty25/searches/local_late_published_P4_first_max_seed0.json,m6p6_w009,6.6
w009,published,N-LCO,4.0,dCh2,check,1.0393647575603988,1.0619616119621216,0.022596854401722766,science_lab/papers/cathode_response/revision_20260920/uncertainty25/searches/local_late_published_P4_first_max_seed0.json,m6p6_w009,6.6
w010,ordinary,P-LCO,0.2,dCh1,train,1.0352079988263148,1.0444303826681258,0.009222383841811066,science_lab/papers/cathode_response/revision_20260920/robust23/fits/local_late_ordinary_start0.json,m6p6_w010,6.6
w010,ordinary,P-LCO,0.2,dCh2,train,1.0946896141019296,1.0914668666803062,-0.0032227474216233176,science_lab/papers/cathode_response/revision_20260920/robust23/fits/local_late_ordinary_start0.json,m6p6_w010,6.6
w010,ordinary,P-LCO,0.5,dCh1,check,1.0111612229645737,1.0218745513380147,0.010713328373441078,science_lab/papers/cathode_response/revision_20260920/robust23/fits/local_late_ordinary_start0.json,m6p6_w010,6.6
w010,ordinary,P-LCO,0.5,dCh2,check,1.092314263673691,1.104449314836716,0.012135051163024935,science_lab/papers/cathode_response/revision_20260920/robust23/fits/local_late_ordinary_start0.json,m6p6_w010,6.6
w010,ordinary,P-LCO,2.0,dCh1,train,1.101360751606481,1.0888200699587764,-0.012540681647704499,science_lab/papers/cathode_response/revision_20260920/robust23/fits/local_late_ordinary_start0.json,m6p6_w010,6.6
w010,ordinary,P-LCO,2.0,dCh2,train,1.1081470881349442,1.1139242593616714,0.0057771712267271624,science_lab/papers/cathode_response/revision_20260920/robust23/fits/local_late_ordinary_start0.json,m6p6_w010,6.6
w010,ordinary,P-LCO,4.0,dCh1,check,1.0943594437669857,1.0670604347304478,-0.027299009036537925,science_lab/papers/cathode_response/revision_20260920/robust23/fits/local_late_ordinary_start0.json,m6p6_w010,6.6
w010,ordinary,P-LCO,4.0,dCh2,check,1.1045321963996184,1.0935602809628369,-0.010971915436781554,science_lab/papers/cathode_response/revision_20260920/robust23/fits/local_late_ordinary_start0.json,m6p6_w010,6.6
w010,ordinary,N-LCO,0.2,dCh1,train,1.0021618079950132,1.015797949177432,0.013636141182418848,science_lab/papers/cathode_response/revision_20260920/robust23/fits/local_late_ordinary_start0.json,m6p6_w010,6.6
w010,ordinary,N-LCO,0.2,dCh2,train,1.0542202875094844,1.0316953358145196,-0.022524951694964823,science_lab/papers/cathode_response/revision_20260920/robust23/fits/local_late_ordinary_start0.json,m6p6_w010,6.6
w010,ordinary,N-LCO,2.0,dCh1,train,1.025318751306497,1.0290240038423082,0.003705252535811221,science_lab/papers/cathode_response/revision_20260920/robust23/fits/local_late_ordinary_start0.json,m6p6_w010,6.6
w010,ordinary,N-LCO,2.0,dCh2,train,1.030666033295323,1.0446098705115172,0.013943837216194188,science_lab/papers/cathode_response/revision_20260920/robust23/fits/local_late_ordinary_start0.json,m6p6_w010,6.6
w010,ordinary,N-LCO,4.0,dCh1,check,1.0296564425945025,1.0209761765424696,-0.00868026605203287,science_lab/papers/cathode_response/revision_20260920/robust23/fits/local_late_ordinary_start0.json,m6p6_w010,6.6
w010,ordinary,N-LCO,4.0,dCh2,check,1.0375876232087635,1.0316961859328662,-0.00589143727589736,science_lab/papers/cathode_response/revision_20260920/robust23/fits/local_late_ordinary_start0.json,m6p6_w010,6.6
w011,ordinary,P-LCO,0.2,dCh1,train,1.0352079988263148,1.0444321046629352,0.009224105836620478,science_lab/papers/cathode_response/revision_20260920/robust23/fits/local_late_ordinary_start2.json,m6p6_w011,6.6
w011,ordinary,P-LCO,0.2,dCh2,train,1.0946896141019296,1.0914654255100036,-0.0032241885919259694,science_lab/papers/cathode_response/revision_20260920/robust23/fits/local_late_ordinary_start2.json,m6p6_w011,6.6
w011,ordinary,P-LCO,0.5,dCh1,check,1.0111612229645737,1.0218777799635772,0.010716556999003535,science_lab/papers/cathode_response/revision_20260920/robust23/fits/local_late_ordinary_start2.json,m6p6_w011,6.6
w011,ordinary,P-LCO,0.5,dCh2,check,1.092314263673691,1.104446883714207,0.012132620040515851,science_lab/papers/cathode_response/revision_20260920/robust23/fits/local_late_ordinary_start2.json,m6p6_w011,6.6
w011,ordinary,P-LCO,2.0,dCh1,train,1.101360751606481,1.088820437795522,-0.012540313810958992,science_lab/papers/cathode_response/revision_20260920/robust23/fits/local_late_ordinary_start2.json,m6p6_w011,6.6
w011,ordinary,P-LCO,2.0,dCh2,train,1.1081470881349442,1.113924268463209,0.005777180328264686,science_lab/papers/cathode_response/revision_20260920/robust23/fits/local_late_ordinary_start2.json,m6p6_w011,6.6
w011,ordinary,P-LCO,4.0,dCh1,check,1.0943594437669857,1.06706105863388,-0.027298385133105674,science_lab/papers/cathode_response/revision_20260920/robust23/fits/local_late_ordinary_start2.json,m6p6_w011,6.6
w011,ordinary,P-LCO,4.0,dCh2,check,1.1045321963996184,1.0935607314957192,-0.01097146490389922,science_lab/papers/cathode_response/revision_20260920/robust23/fits/local_late_ordinary_start2.json,m6p6_w011,6.6
w011,ordinary,N-LCO,0.2,dCh1,train,1.0021618079950132,1.0157972248758196,0.013635416880806384,science_lab/papers/cathode_response/revision_20260920/robust23/fits/local_late_ordinary_start2.json,m6p6_w011,6.6
w011,ordinary,N-LCO,0.2,dCh2,train,1.0542202875094844,1.0316954499270221,-0.022524837582462265,science_lab/papers/cathode_response/revision_20260920/robust23/fits/local_late_ordinary_start2.json,m6p6_w011,6.6
w011,ordinary,N-LCO,2.0,dCh1,train,1.025318751306497,1.029023585264769,0.0037048339582719247,science_lab/papers/cathode_response/revision_20260920/robust23/fits/local_late_ordinary_start2.json,m6p6_w011,6.6
w011,ordinary,N-LCO,2.0,dCh2,train,1.030666033295323,1.0446097460183148,0.013943712722991775,science_lab/papers/cathode_response/revision_20260920/robust23/fits/local_late_ordinary_start2.json,m6p6_w011,6.6
w011,ordinary,N-LCO,4.0,dCh1,check,1.0296564425945025,1.0209756421746832,-0.008680800419819334,science_lab/papers/cathode_response/revision_20260920/robust23/fits/local_late_ordinary_start2.json,m6p6_w011,6.6
w011,ordinary,N-LCO,4.0,dCh2,check,1.0375876232087635,1.0316953943554112,-0.005892228853352277,science_lab/papers/cathode_response/revision_20260920/robust23/fits/local_late_ordinary_start2.json,m6p6_w011,6.6
w012,ordinary,P-LCO,0.2,dCh1,train,1.0352079988263148,1.0444342701920575,0.009226271365742722,science_lab/papers/cathode_response/revision_20260920/robust23/fits/local_late_ordinary_start1.json,m6p6_w012,6.6
w012,ordinary,P-LCO,0.2,dCh2,train,1.0946896141019296,1.0914637422586695,-0.003225871843260064,science_lab/papers/cathode_response/revision_20260920/robust23/fits/local_late_ordinary_start1.json,m6p6_w012,6.6
w012,ordinary,P-LCO,0.5,dCh1,check,1.0111612229645737,1.0218820751446758,0.010720852180102103,science_lab/papers/cathode_response/revision_20260920/robust23/fits/local_late_ordinary_start1.json,m6p6_w012,6.6
w012,ordinary,P-LCO,0.5,dCh2,check,1.092314263673691,1.1044446156339154,0.012130351960224273,science_lab/papers/cathode_response/revision_20260920/robust23/fits/local_late_ordinary_start1.json,m6p6_w012,6.6
w012,ordinary,P-LCO,2.0,dCh1,train,1.101360751606481,1.0888206011308075,-0.012540150475673473,science_lab/papers/cathode_response/revision_20260920/robust23/fits/local_late_ordinary_start1.json,m6p6_w012,6.6
w012,ordinary,P-LCO,2.0,dCh2,train,1.1081470881349442,1.1139234735411387,0.0057763854061945175,science_lab/papers/cathode_response/revision_20260920/robust23/fits/local_late_ordinary_start1.json,m6p6_w012,6.6
w012,ordinary,P-LCO,4.0,dCh1,check,1.0943594437669857,1.0670640534610518,-0.027295390305933864,science_lab/papers/cathode_response/revision_20260920/robust23/fits/local_late_ordinary_start1.json,m6p6_w012,6.6
w012,ordinary,P-LCO,4.0,dCh2,check,1.1045321963996184,1.093563284509264,-0.010968911890354427,science_lab/papers/cathode_response/revision_20260920/robust23/fits/local_late_ordinary_start1.json,m6p6_w012,6.6
w012,ordinary,N-LCO,0.2,dCh1,train,1.0021618079950132,1.0157979911393638,0.013636183144350555,science_lab/papers/cathode_response/revision_20260920/robust23/fits/local_late_ordinary_start1.json,m6p6_w012,6.6
w012,ordinary,N-LCO,0.2,dCh2,train,1.0542202875094844,1.0316980279710397,-0.022522259538444667,science_lab/papers/cathode_response/revision_20260920/robust23/fits/local_late_ordinary_start1.json,m6p6_w012,6.6
w012,ordinary,N-LCO,2.0,dCh1,train,1.025318751306497,1.02902447734345,0.003705726036953072,science_lab/papers/cathode_response/revision_20260920/robust23/fits/local_late_ordinary_start1.json,m6p6_w012,6.6
w012,ordinary,N-LCO,2.0,dCh2,train,1.030666033295323,1.0446115611184417,0.013945527823118642,science_lab/papers/cathode_response/revision_20260920/robust23/fits/local_late_ordinary_start1.json,m6p6_w012,6.6
w012,ordinary,N-LCO,4.0,dCh1,check,1.0296564425945025,1.020976174317014,-0.008680268277488468,science_lab/papers/cathode_response/revision_20260920/robust23/fits/local_late_ordinary_start1.json,m6p6_w012,6.6
w012,ordinary,N-LCO,4.0,dCh2,check,1.0375876232087635,1.0316962131341236,-0.005891410074639891,science_lab/papers/cathode_response/revision_20260920/robust23/fits/local_late_ordinary_start1.json,m6p6_w012,6.6
w013,ordinary,P-LCO,0.2,dCh1,train,1.0352079988263148,1.0444303820599896,0.009222383233674858,science_lab/papers/cathode_response/revision_20260920/uncertainty25/searches/local_late_ordinary_P4_first_min_seed0.json,m6p6_w013,6.6
w013,ordinary,P-LCO,0.2,dCh2,train,1.0946896141019296,1.0914668658534081,-0.003222748248521423,science_lab/papers/cathode_response/revision_20260920/uncertainty25/searches/local_late_ordinary_P4_first_min_seed0.json,m6p6_w013,6.6
w013,ordinary,P-LCO,0.5,dCh1,check,1.0111612229645737,1.0218745515754821,0.010713328610908457,science_lab/papers/cathode_response/revision_20260920/uncertainty25/searches/local_late_ordinary_P4_first_min_seed0.json,m6p6_w013,6.6
w013,ordinary,P-LCO,0.5,dCh2,check,1.092314263673691,1.1044493141176641,0.012135050443973006,science_lab/papers/cathode_response/revision_20260920/uncertainty25/searches/local_late_ordinary_P4_first_min_seed0.json,m6p6_w013,6.6
w013,ordinary,P-LCO,2.0,dCh1,train,1.101360751606481,1.0888200699574968,-0.012540681648984142,science_lab/papers/cathode_response/revision_20260920/uncertainty25/searches/local_late_ordinary_P4_first_min_seed0.json,m6p6_w013,6.6
w013,ordinary,P-LCO,2.0,dCh2,train,1.1081470881349442,1.1139242593022343,0.0057771711672900405,science_lab/papers/cathode_response/revision_20260920/uncertainty25/searches/local_late_ordinary_P4_first_min_seed0.json,m6p6_w013,6.6
w013,ordinary,P-LCO,4.0,dCh1,check,1.0943594437669857,1.0670604344636887,-0.027299009303296984,science_lab/papers/cathode_response/revision_20260920/uncertainty25/searches/local_late_ordinary_P4_first_min_seed0.json,m6p6_w013,6.6
w013,ordinary,P-LCO,4.0,dCh2,check,1.1045321963996184,1.0935602807144877,-0.010971915685130673,science_lab/papers/cathode_response/revision_20260920/uncertainty25/searches/local_late_ordinary_P4_first_min_seed0.json,m6p6_w013,6.6
w013,ordinary,N-LCO,0.2,dCh1,train,1.0021618079950132,1.0157979496072318,0.0136361416122186,science_lab/papers/cathode_response/revision_20260920/uncertainty25/searches/local_late_ordinary_P4_first_min_seed0.json,m6p6_w013,6.6
w013,ordinary,N-LCO,0.2,dCh2,train,1.0542202875094844,1.0316953363264754,-0.022524951183009012,science_lab/papers/cathode_response/revision_20260920/uncertainty25/searches/local_late_ordinary_P4_first_min_seed0.json,m6p6_w013,6.6
w013,ordinary,N-LCO,2.0,dCh1,train,1.025318751306497,1.029024003859788,0.0037052525532910163,science_lab/papers/cathode_response/revision_20260920/uncertainty25/searches/local_late_ordinary_P4_first_min_seed0.json,m6p6_w013,6.6
w013,ordinary,N-LCO,2.0,dCh2,train,1.030666033295323,1.0446098705380225,0.01394383724269943,science_lab/papers/cathode_response/revision_20260920/uncertainty25/searches/local_late_ordinary_P4_first_min_seed0.json,m6p6_w013,6.6
w013,ordinary,N-LCO,4.0,dCh1,check,1.0296564425945025,1.0209761766570282,-0.008680265937474285,science_lab/papers/cathode_response/revision_20260920/uncertainty25/searches/local_late_ordinary_P4_first_min_seed0.json,m6p6_w013,6.6
w013,ordinary,N-LCO,4.0,dCh2,check,1.0375876232087635,1.0316961862246903,-0.0058914369840732395,science_lab/papers/cathode_response/revision_20260920/uncertainty25/searches/local_late_ordinary_P4_first_min_seed0.json,m6p6_w013,6.6
w014,ordinary,P-LCO,0.2,dCh1,train,1.0352079988263148,1.056713247719048,0.021505248892733198,science_lab/papers/cathode_response/revision_20260920/uncertainty25/searches/local_late_ordinary_b_min_seed0.json,m6p6_w014,6.6
w014,ordinary,P-LCO,0.2,dCh2,train,1.0946896141019296,1.097158384283854,0.0024687701819243735,science_lab/papers/cathode_response/revision_20260920/uncertainty25/searches/local_late_ordinary_b_min_seed0.json,m6p6_w014,6.6
w014,ordinary,P-LCO,0.5,dCh1,check,1.0111612229645737,1.0393871384241387,0.028225915459564987,science_lab/papers/cathode_response/revision_20260920/uncertainty25/searches/local_late_ordinary_b_min_seed0.json,m6p6_w014,6.6
w014,ordinary,P-LCO,0.5,dCh2,check,1.092314263673691,1.1116185698191963,0.019304306145505157,science_lab/papers/cathode_response/revision_20260920/uncertainty25/searches/local_late_ordinary_b_min_seed0.json,m6p6_w014,6.6
w014,ordinary,P-LCO,2.0,dCh1,train,1.101360751606481,1.0713627526483578,-0.029997998958123162,science_lab/papers/cathode_response/revision_20260920/uncertainty25/searches/local_late_ordinary_b_min_seed0.json,m6p6_w014,6.6
w014,ordinary,P-LCO,2.0,dCh2,train,1.1081470881349442,1.0854715734184142,-0.022675514716530065,science_lab/papers/cathode_response/revision_20260920/uncertainty25/searches/local_late_ordinary_b_min_seed0.json,m6p6_w014,6.6
w014,ordinary,P-LCO,4.0,dCh1,check,1.0943594437669857,1.0714276622581071,-0.022931781508878535,science_lab/papers/cathode_response/revision_20260920/uncertainty25/searches/local_late_ordinary_b_min_seed0.json,m6p6_w014,6.6
w014,ordinary,P-LCO,4.0,dCh2,check,1.1045321963996184,1.0873613900250834,-0.017170806374535053,science_lab/papers/cathode_response/revision_20260920/uncertainty25/searches/local_late_ordinary_b_min_seed0.json,m6p6_w014,6.6
w014,ordinary,N-LCO,0.2,dCh1,train,1.0021618079950132,1.0321598126223182,0.029998004627304953,science_lab/papers/cathode_response/revision_20260920/uncertainty25/searches/local_late_ordinary_b_min_seed0.json,m6p6_w014,6.6
w014,ordinary,N-LCO,0.2,dCh2,train,1.0542202875094844,1.024222290477532,-0.029997997031952384,science_lab/papers/cathode_response/revision_20260920/uncertainty25/searches/local_late_ordinary_b_min_seed0.json,m6p6_w014,6.6
w014,ordinary,N-LCO,2.0,dCh1,train,1.025318751306497,1.0419838288371306,0.01666507753063362,science_lab/papers/cathode_response/revision_20260920/uncertainty25/searches/local_late_ordinary_b_min_seed0.json,m6p6_w014,6.6
w014,ordinary,N-LCO,2.0,dCh2,train,1.030666033295323,1.0606640348553262,0.029998001560003207,science_lab/papers/cathode_response/revision_20260920/uncertainty25/searches/local_late_ordinary_b_min_seed0.json,m6p6_w014,6.6
w014,ordinary,N-LCO,4.0,dCh1,check,1.0296564425945025,1.0332176563940407,0.003561213799538221,science_lab/papers/cathode_response/revision_20260920/uncertainty25/searches/local_late_ordinary_b_min_seed0.json,m6p6_w014,6.6
w014,ordinary,N-LCO,4.0,dCh2,check,1.0375876232087635,1.0486992533305874,0.011111630121823923,science_lab/papers/cathode_response/revision_20260920/uncertainty25/searches/local_late_ordinary_b_min_seed0.json,m6p6_w014,6.6
w015,ordinary,P-LCO,0.2,dCh1,train,1.0352079988263148,1.0567132205618093,0.021505221735494517,science_lab/papers/cathode_response/revision_20260920/uncertainty25/searches/local_late_ordinary_b_min_seed1.json,m6p6_w015,6.6
w015,ordinary,P-LCO,0.2,dCh2,train,1.0946896141019296,1.0971583564642338,0.0024687423623042104,science_lab/papers/cathode_response/revision_20260920/uncertainty25/searches/local_late_ordinary_b_min_seed1.json,m6p6_w015,6.6
w015,ordinary,P-LCO,0.5,dCh1,check,1.0111612229645737,1.0393871191946646,0.028225896230090974,science_lab/papers/cathode_response/revision_20260920/uncertainty25/searches/local_late_ordinary_b_min_seed1.json,m6p6_w015,6.6
w015,ordinary,P-LCO,0.5,dCh2,check,1.092314263673691,1.1116185465432362,0.01930428286954511,science_lab/papers/cathode_response/revision_20260920/uncertainty25/searches/local_late_ordinary_b_min_seed1.json,m6p6_w015,6.6
w015,ordinary,P-LCO,2.0,dCh1,train,1.101360751606481,1.07136275384524,-0.029997997761241013,science_lab/papers/cathode_response/revision_20260920/uncertainty25/searches/local_late_ordinary_b_min_seed1.json,m6p6_w015,6.6
w015,ordinary,P-LCO,2.0,dCh2,train,1.1081470881349442,1.085471575408289,-0.022675512726655134,science_lab/papers/cathode_response/revision_20260920/uncertainty25/searches/local_late_ordinary_b_min_seed1.json,m6p6_w015,6.6
w015,ordinary,P-LCO,4.0,dCh1,check,1.0943594437669857,1.0714276578324766,-0.022931785934509064,science_lab/papers/cathode_response/revision_20260920/uncertainty25/searches/local_late_ordinary_b_min_seed1.json,m6p6_w015,6.6
w015,ordinary,P-LCO,4.0,dCh2,check,1.1045321963996184,1.0873613828212727,-0.01717081357834571,science_lab/papers/cathode_response/revision_20260920/uncertainty25/searches/local_late_ordinary_b_min_seed1.json,m6p6_w015,6.6
w015,ordinary,N-LCO,0.2,dCh1,train,1.0021618079950132,1.0321598087566903,0.029998000761677135,science_lab/papers/cathode_response/revision_20260920/uncertainty25/searches/local_late_ordinary_b_min_seed1.json,m6p6_w015,6.6
w015,ordinary,N-LCO,0.2,dCh2,train,1.0542202875094844,1.0242222893879382,-0.029997998121546132,science_lab/papers/cathode_response/revision_20260920/uncertainty25/searches/local_late_ordinary_b_min_seed1.json,m6p6_w015,6.6
w015,ordinary,N-LCO,2.0,dCh1,train,1.025318751306497,1.0419838271769486,0.01666507587045163,science_lab/papers/cathode_response/revision_20260920/uncertainty25/searches/local_late_ordinary_b_min_seed1.json,m6p6_w015,6.6
w015,ordinary,N-LCO,2.0,dCh2,train,1.030666033295323,1.0606640322510048,0.02999799895568178,science_lab/papers/cathode_response/revision_20260920/uncertainty25/searches/local_late_ordinary_b_min_seed1.json,m6p6_w015,6.6
w015,ordinary,N-LCO,4.0,dCh1,check,1.0296564425945025,1.0332176583737955,0.0035612157792930255,science_lab/papers/cathode_response/revision_20260920/uncertainty25/searches/local_late_ordinary_b_min_seed1.json,m6p6_w015,6.6
w015,ordinary,N-LCO,4.0,dCh2,check,1.0375876232087635,1.0486992564671755,0.011111633258412024,science_lab/papers/cathode_response/revision_20260920/uncertainty25/searches/local_late_ordinary_b_min_seed1.json,m6p6_w015,6.6
w016,ordinary,P-LCO,0.2,dCh1,train,1.0352079988263148,1.044816707808627,0.009608708982312253,science_lab/papers/cathode_response/revision_20260920/robust23/fits/balance_aligned_early_ordinary_start0.json,m6p6_w016,6.6
w016,ordinary,P-LCO,0.2,dCh2,train,1.0946896141019296,1.0888806962627662,-0.0058089178391633745,science_lab/papers/cathode_response/revision_20260920/robust23/fits/balance_aligned_early_ordinary_start0.json,m6p6_w016,6.6
w016,ordinary,P-LCO,0.5,dCh1,check,1.0111612229645737,1.0260345262119437,0.014873303247370018,science_lab/papers/cathode_response/revision_20260920/robust23/fits/balance_aligned_early_ordinary_start0.json,m6p6_w016,6.6
w016,ordinary,P-LCO,0.5,dCh2,check,1.092314263673691,1.103847846291666,0.011533582617974991,science_lab/papers/cathode_response/revision_20260920/robust23/fits/balance_aligned_early_ordinary_start0.json,m6p6_w016,6.6
w016,ordinary,P-LCO,2.0,dCh1,train,1.101360751606481,1.0934091392182876,-0.007951612388193308,science_lab/papers/cathode_response/revision_20260920/robust23/fits/balance_aligned_early_ordinary_start0.json,m6p6_w016,6.6
w016,ordinary,P-LCO,2.0,dCh2,train,1.1081470881349442,1.1141258466086683,0.005978758473724088,science_lab/papers/cathode_response/revision_20260920/robust23/fits/balance_aligned_early_ordinary_start0.json,m6p6_w016,6.6
w016,ordinary,P-LCO,4.0,dCh1,check,1.0943594437669857,1.1105575728107753,0.01619812904378959,science_lab/papers/cathode_response/revision_20260920/robust23/fits/balance_aligned_early_ordinary_start0.json,m6p6_w016,6.6
w016,ordinary,P-LCO,4.0,dCh2,check,1.1045321963996184,1.1102228004218826,0.0056906040222641785,science_lab/papers/cathode_response/revision_20260920/robust23/fits/balance_aligned_early_ordinary_start0.json,m6p6_w016,6.6
w016,ordinary,N-LCO,0.2,dCh1,train,1.0021618079950132,1.0162705287373819,0.014108720742368686,science_lab/papers/cathode_response/revision_20260920/robust23/fits/balance_aligned_early_ordinary_start0.json,m6p6_w016,6.6
w016,ordinary,N-LCO,0.2,dCh2,train,1.0542202875094844,1.032194961958065,-0.02202532555141934,science_lab/papers/cathode_response/revision_20260920/robust23/fits/balance_aligned_early_ordinary_start0.json,m6p6_w016,6.6
w016,ordinary,N-LCO,2.0,dCh1,train,1.025318751306497,1.028837514693647,0.00351876338715007,science_lab/papers/cathode_response/revision_20260920/robust23/fits/balance_aligned_early_ordinary_start0.json,m6p6_w016,6.6
w016,ordinary,N-LCO,2.0,dCh2,train,1.030666033295323,1.0426468156953221,0.011980782399999113,science_lab/papers/cathode_response/revision_20260920/robust23/fits/balance_aligned_early_ordinary_start0.json,m6p6_w016,6.6
w016,ordinary,N-LCO,4.0,dCh1,check,1.0296564425945025,1.0209183583274284,-0.00873808426707412,science_lab/papers/cathode_response/revision_20260920/robust23/fits/balance_aligned_early_ordinary_start0.json,m6p6_w016,6.6
w016,ordinary,N-LCO,4.0,dCh2,check,1.0375876232087635,1.0309370035403658,-0.00665061966839775,science_lab/papers/cathode_response/revision_20260920/robust23/fits/balance_aligned_early_ordinary_start0.json,m6p6_w016,6.6
w017,ordinary,P-LCO,0.2,dCh1,train,1.0352079988263148,1.0448149582834314,0.009606959457116648,science_lab/papers/cathode_response/revision_20260920/robust23/fits/balance_aligned_early_ordinary_start2.json,m6p6_w017,6.6
w017,ordinary,P-LCO,0.2,dCh2,train,1.0946896141019296,1.0888816713127358,-0.005807942789193721,science_lab/papers/cathode_response/revision_20260920/robust23/fits/balance_aligned_early_ordinary_start2.json,m6p6_w017,6.6
w017,ordinary,P-LCO,0.5,dCh1,check,1.0111612229645737,1.026031305094332,0.014870082129758266,science_lab/papers/cathode_response/revision_20260920/robust23/fits/balance_aligned_early_ordinary_start2.json,m6p6_w017,6.6
w017,ordinary,P-LCO,0.5,dCh2,check,1.092314263673691,1.1038498629856057,0.011535599311914613,science_lab/papers/cathode_response/revision_20260920/robust23/fits/balance_aligned_early_ordinary_start2.json,m6p6_w017,6.6
w017,ordinary,P-LCO,2.0,dCh1,train,1.101360751606481,1.0934084523433367,-0.007952299263144225,science_lab/papers/cathode_response/revision_20260920/robust23/fits/balance_aligned_early_ordinary_start2.json,m6p6_w017,6.6
w017,ordinary,P-LCO,2.0,dCh2,train,1.1081470881349442,1.1141260843974936,0.005978996262549385,science_lab/papers/cathode_response/revision_20260920/robust23/fits/balance_aligned_early_ordinary_start2.json,m6p6_w017,6.6
w017,ordinary,P-LCO,4.0,dCh1,check,1.0943594437669857,1.1105549378598243,0.016195494092838603,science_lab/papers/cathode_response/revision_20260920/robust23/fits/balance_aligned_early_ordinary_start2.json,m6p6_w017,6.6
w017,ordinary,P-LCO,4.0,dCh2,check,1.1045321963996184,1.1102245771596209,0.005692380760002447,science_lab/papers/cathode_response/revision_20260920/robust23/fits/balance_aligned_early_ordinary_start2.json,m6p6_w017,6.6
w017,ordinary,N-LCO,0.2,dCh1,train,1.0021618079950132,1.0162716070457891,0.014109799050775917,science_lab/papers/cathode_response/revision_20260920/robust23/fits/balance_aligned_early_ordinary_start2.json,m6p6_w017,6.6
w017,ordinary,N-LCO,0.2,dCh2,train,1.0542202875094844,1.0321951239074243,-0.022025163602060083,science_lab/papers/cathode_response/revision_20260920/robust23/fits/balance_aligned_early_ordinary_start2.json,m6p6_w017,6.6
w017,ordinary,N-LCO,2.0,dCh1,train,1.025318751306497,1.0288383098026956,0.0035195584961986714,science_lab/papers/cathode_response/revision_20260920/robust23/fits/balance_aligned_early_ordinary_start2.json,m6p6_w017,6.6
w017,ordinary,N-LCO,2.0,dCh2,train,1.030666033295323,1.0426469468137374,0.011980913518414349,science_lab/papers/cathode_response/revision_20260920/robust23/fits/balance_aligned_early_ordinary_start2.json,m6p6_w017,6.6
w017,ordinary,N-LCO,4.0,dCh1,check,1.0296564425945025,1.020919183955807,-0.008737258638695566,science_lab/papers/cathode_response/revision_20260920/robust23/fits/balance_aligned_early_ordinary_start2.json,m6p6_w017,6.6
w017,ordinary,N-LCO,4.0,dCh2,check,1.0375876232087635,1.0309380157665087,-0.006649607442254846,science_lab/papers/cathode_response/revision_20260920/robust23/fits/balance_aligned_early_ordinary_start2.json,m6p6_w017,6.6
w018,ordinary,P-LCO,0.2,dCh1,train,1.0352079988263148,1.0341772578985562,-0.0010307409277585666,science_lab/papers/cathode_response/revision_20260920/uncertainty25/searches/balance_aligned_early_ordinary_P4_first_min_seed1.json,m6p6_w018,6.6
w018,ordinary,P-LCO,0.2,dCh2,train,1.0946896141019296,1.0646915753162747,-0.02999803878565488,science_lab/papers/cathode_response/revision_20260920/uncertainty25/searches/balance_aligned_early_ordinary_P4_first_min_seed1.json,m6p6_w018,6.6
w018,ordinary,P-LCO,0.5,dCh1,check,1.0111612229645737,1.0265193232038634,0.01535810023928974,science_lab/papers/cathode_response/revision_20260920/uncertainty25/searches/balance_aligned_early_ordinary_P4_first_min_seed1.json,m6p6_w018,6.6
w018,ordinary,P-LCO,0.5,dCh2,check,1.092314263673691,1.0802872652998343,-0.01202699837385679,science_lab/papers/cathode_response/revision_20260920/uncertainty25/searches/balance_aligned_early_ordinary_P4_first_min_seed1.json,m6p6_w018,6.6
w018,ordinary,P-LCO,2.0,dCh1,train,1.101360751606481,1.0713627244169446,-0.02999802718953637,science_lab/papers/cathode_response/revision_20260920/uncertainty25/searches/balance_aligned_early_ordinary_P4_first_min_seed1.json,m6p6_w018,6.6
w018,ordinary,P-LCO,2.0,dCh2,train,1.1081470881349442,1.0839337598640595,-0.024213328270884737,science_lab/papers/cathode_response/revision_20260920/uncertainty25/searches/balance_aligned_early_ordinary_P4_first_min_seed1.json,m6p6_w018,6.6
w018,ordinary,P-LCO,4.0,dCh1,check,1.0943594437669857,1.0708626813864355,-0.023496762380550207,science_lab/papers/cathode_response/revision_20260920/uncertainty25/searches/balance_aligned_early_ordinary_P4_first_min_seed1.json,m6p6_w018,6.6
w018,ordinary,P-LCO,4.0,dCh2,check,1.1045321963996184,1.0814234661971547,-0.023108730202463734,science_lab/papers/cathode_response/revision_20260920/uncertainty25/searches/balance_aligned_early_ordinary_P4_first_min_seed1.json,m6p6_w018,6.6
w018,ordinary,N-LCO,0.2,dCh1,train,1.0021618079950132,1.032159797705932,0.029997989710918826,science_lab/papers/cathode_response/revision_20260920/uncertainty25/searches/balance_aligned_early_ordinary_P4_first_min_seed1.json,m6p6_w018,6.6
w018,ordinary,N-LCO,0.2,dCh2,train,1.0542202875094844,1.0242222644740466,-0.02999802303543775,science_lab/papers/cathode_response/revision_20260920/uncertainty25/searches/balance_aligned_early_ordinary_P4_first_min_seed1.json,m6p6_w018,6.6
w018,ordinary,N-LCO,2.0,dCh1,train,1.025318751306497,1.045413548002899,0.020094796696402017,science_lab/papers/cathode_response/revision_20260920/uncertainty25/searches/balance_aligned_early_ordinary_P4_first_min_seed1.json,m6p6_w018,6.6
w018,ordinary,N-LCO,2.0,dCh2,train,1.030666033295323,1.0606640163314605,0.029997983036137432,science_lab/papers/cathode_response/revision_20260920/uncertainty25/searches/balance_aligned_early_ordinary_P4_first_min_seed1.json,m6p6_w018,6.6
w018,ordinary,N-LCO,4.0,dCh1,check,1.0296564425945025,1.036832288438246,0.0071758458437434225,science_lab/papers/cathode_response/revision_20260920/uncertainty25/searches/balance_aligned_early_ordinary_P4_first_min_seed1.json,m6p6_w018,6.6
w018,ordinary,N-LCO,4.0,dCh2,check,1.0375876232087635,1.051314408397616,0.013726785188852508,science_lab/papers/cathode_response/revision_20260920/uncertainty25/searches/balance_aligned_early_ordinary_P4_first_min_seed1.json,m6p6_w018,6.6
w019,ordinary,P-LCO,0.2,dCh1,train,1.0352079988263148,1.0341772834854526,-0.0010307153408621872,science_lab/papers/cathode_response/revision_20260920/uncertainty25/searches/balance_aligned_early_ordinary_P4_first_min_seed1.json,m6p6_w019,6.6
w019,ordinary,P-LCO,0.2,dCh2,train,1.0946896141019296,1.0646916239339115,-0.029997990168018074,science_lab/papers/cathode_response/revision_20260920/uncertainty25/searches/balance_aligned_early_ordinary_P4_first_min_seed1.json,m6p6_w019,6.6
w019,ordinary,P-LCO,0.5,dCh1,check,1.0111612229645737,1.0265193308690563,0.015358107904482665,science_lab/papers/cathode_response/revision_20260920/uncertainty25/searches/balance_aligned_early_ordinary_P4_first_min_seed1.json,m6p6_w019,6.6
w019,ordinary,P-LCO,0.5,dCh2,check,1.092314263673691,1.080287311923315,-0.012026951750376158,science_lab/papers/cathode_response/revision_20260920/uncertainty25/searches/balance_aligned_early_ordinary_P4_first_min_seed1.json,m6p6_w019,6.6
w019,ordinary,P-LCO,2.0,dCh1,train,1.101360751606481,1.071362752527421,-0.029997999079059978,science_lab/papers/cathode_response/revision_20260920/uncertainty25/searches/balance_aligned_early_ordinary_P4_first_min_seed1.json,m6p6_w019,6.6
w019,ordinary,P-LCO,2.0,dCh2,train,1.1081470881349442,1.0839337973906633,-0.024213290744280913,science_lab/papers/cathode_response/revision_20260920/uncertainty25/searches/balance_aligned_early_ordinary_P4_first_min_seed1.json,m6p6_w019,6.6
w019,ordinary,P-LCO,4.0,dCh1,check,1.0943594437669857,1.070862728941345,-0.02349671482564064,science_lab/papers/cathode_response/revision_20260920/uncertainty25/searches/balance_aligned_early_ordinary_P4_first_min_seed1.json,m6p6_w019,6.6
w019,ordinary,P-LCO,4.0,dCh2,check,1.1045321963996184,1.0814235205850744,-0.02310867581454401,science_lab/papers/cathode_response/revision_20260920/uncertainty25/searches/balance_aligned_early_ordinary_P4_first_min_seed1.json,m6p6_w019,6.6
w019,ordinary,N-LCO,0.2,dCh1,train,1.0021618079950132,1.0321598092294226,0.029998001234409433,science_lab/papers/cathode_response/revision_20260920/uncertainty25/searches/balance_aligned_early_ordinary_P4_first_min_seed1.json,m6p6_w019,6.6
w019,ordinary,N-LCO,0.2,dCh2,train,1.0542202875094844,1.0242222905530693,-0.02999799695641503,science_lab/papers/cathode_response/revision_20260920/uncertainty25/searches/balance_aligned_early_ordinary_P4_first_min_seed1.json,m6p6_w019,6.6
w019,ordinary,N-LCO,2.0,dCh1,train,1.025318751306497,1.0454135495669847,0.020094798260487767,science_lab/papers/cathode_response/revision_20260920/uncertainty25/searches/balance_aligned_early_ordinary_P4_first_min_seed1.json,m6p6_w019,6.6
w019,ordinary,N-LCO,2.0,dCh2,train,1.030666033295323,1.0606640332567163,0.029997999961393296,science_lab/papers/cathode_response/revision_20260920/uncertainty25/searches/balance_aligned_early_ordinary_P4_first_min_seed1.json,m6p6_w019,6.6
w019,ordinary,N-LCO,4.0,dCh1,check,1.0296564425945025,1.0368322888735586,0.007175846279056097,science_lab/papers/cathode_response/revision_20260920/uncertainty25/searches/balance_aligned_early_ordinary_P4_first_min_seed1.json,m6p6_w019,6.6
w019,ordinary,N-LCO,4.0,dCh2,check,1.0375876232087635,1.0513144108769255,0.013726787668161933,science_lab/papers/cathode_response/revision_20260920/uncertainty25/searches/balance_aligned_early_ordinary_P4_first_min_seed1.json,m6p6_w019,6.6
w020,ordinary,P-LCO,0.2,dCh1,train,1.0352079988263148,1.0367071146378406,0.0014991158115258418,science_lab/papers/cathode_response/revision_20260920/uncertainty25/searches/balance_aligned_early_ordinary_b_min_seed1.json,m6p6_w020,6.6
w020,ordinary,P-LCO,0.2,dCh2,train,1.0946896141019296,1.068095988240668,-0.02659362586126157,science_lab/papers/cathode_response/revision_20260920/uncertainty25/searches/balance_aligned_early_ordinary_b_min_seed1.json,m6p6_w020,6.6
w020,ordinary,P-LCO,0.5,dCh1,check,1.0111612229645737,1.0282666527840187,0.017105429819445073,science_lab/papers/cathode_response/revision_20260920/uncertainty25/searches/balance_aligned_early_ordinary_b_min_seed1.json,m6p6_w020,6.6
w020,ordinary,P-LCO,0.5,dCh2,check,1.092314263673691,1.0836554200253514,-0.008658843648339687,science_lab/papers/cathode_response/revision_20260920/uncertainty25/searches/balance_aligned_early_ordinary_b_min_seed1.json,m6p6_w020,6.6
w020,ordinary,P-LCO,2.0,dCh1,train,1.101360751606481,1.0713627473209253,-0.029998004285555657,science_lab/papers/cathode_response/revision_20260920/uncertainty25/searches/balance_aligned_early_ordinary_b_min_seed1.json,m6p6_w020,6.6
w020,ordinary,P-LCO,2.0,dCh2,train,1.1081470881349442,1.0840593308511606,-0.02408775728378365,science_lab/papers/cathode_response/revision_20260920/uncertainty25/searches/balance_aligned_early_ordinary_b_min_seed1.json,m6p6_w020,6.6
w020,ordinary,P-LCO,4.0,dCh1,check,1.0943594437669857,1.0710043248344192,-0.023355118932566477,science_lab/papers/cathode_response/revision_20260920/uncertainty25/searches/balance_aligned_early_ordinary_b_min_seed1.json,m6p6_w020,6.6
w020,ordinary,P-LCO,4.0,dCh2,check,1.1045321963996184,1.08205470846848,-0.022477487931138462,science_lab/papers/cathode_response/revision_20260920/uncertainty25/searches/balance_aligned_early_ordinary_b_min_seed1.json,m6p6_w020,6.6
w020,ordinary,N-LCO,0.2,dCh1,train,1.0021618079950132,1.0321598084673451,0.02999800047233192,science_lab/papers/cathode_response/revision_20260920/uncertainty25/searches/balance_aligned_early_ordinary_b_min_seed1.json,m6p6_w020,6.6
w020,ordinary,N-LCO,0.2,dCh2,train,1.0542202875094844,1.0242222900559543,-0.029997997453530045,science_lab/papers/cathode_response/revision_20260920/uncertainty25/searches/balance_aligned_early_ordinary_b_min_seed1.json,m6p6_w020,6.6
w020,ordinary,N-LCO,2.0,dCh1,train,1.025318751306497,1.0452373260768162,0.01991857477031922,science_lab/papers/cathode_response/revision_20260920/uncertainty25/searches/balance_aligned_early_ordinary_b_min_seed1.json,m6p6_w020,6.6
w020,ordinary,N-LCO,2.0,dCh2,train,1.030666033295323,1.0606640369186542,0.02999800362333116,science_lab/papers/cathode_response/revision_20260920/uncertainty25/searches/balance_aligned_early_ordinary_b_min_seed1.json,m6p6_w020,6.6
w020,ordinary,N-LCO,4.0,dCh1,check,1.0296564425945025,1.0365931540884654,0.00693671149396291,science_lab/papers/cathode_response/revision_20260920/uncertainty25/searches/balance_aligned_early_ordinary_b_min_seed1.json,m6p6_w020,6.6
w020,ordinary,N-LCO,4.0,dCh2,check,1.0375876232087635,1.0510686445601884,0.013481021351424927,science_lab/papers/cathode_response/revision_20260920/uncertainty25/searches/balance_aligned_early_ordinary_b_min_seed1.json,m6p6_w020,6.6
w021,robust,P-LCO,0.2,dCh1,train,1.0453503770924053,1.042478807789505,-0.002871569302900223,science_lab/papers/cathode_response/revision_20260920/uncertainty25/searches/balance_aligned_early_robust_P4_first_min_seed0.json,m6p6_w021,6.6
w021,robust,P-LCO,0.2,dCh2,train,1.1142607011764938,1.0842627063073615,-0.02999799486913224,science_lab/papers/cathode_response/revision_20260920/uncertainty25/searches/balance_aligned_early_robust_P4_first_min_seed0.json,m6p6_w021,6.6
w021,robust,P-LCO,0.5,dCh1,check,1.016764675743518,1.0248555355704394,0.00809085982692137,science_lab/papers/cathode_response/revision_20260920/uncertainty25/searches/balance_aligned_early_robust_P4_first_min_seed0.json,m6p6_w021,6.6
w021,robust,P-LCO,0.5,dCh2,check,1.095053633162125,1.0982418229346336,0.003188189772508565,science_lab/papers/cathode_response/revision_20260920/uncertainty25/searches/balance_aligned_early_robust_P4_first_min_seed0.json,m6p6_w021,6.6
w021,robust,P-LCO,2.0,dCh1,train,1.1117832872784075,1.0817852881549352,-0.02999799912347223,science_lab/papers/cathode_response/revision_20260920/uncertainty25/searches/balance_aligned_early_robust_P4_first_min_seed0.json,m6p6_w021,6.6
w021,robust,P-LCO,2.0,dCh2,train,1.1188968899800256,1.0988850183577605,-0.02001187162226503,science_lab/papers/cathode_response/revision_20260920/uncertainty25/searches/balance_aligned_early_robust_P4_first_min_seed0.json,m6p6_w021,6.6
w021,robust,P-LCO,4.0,dCh1,check,1.1095175835524622,1.0859923029466,-0.02352528060586212,science_lab/papers/cathode_response/revision_20260920/uncertainty25/searches/balance_aligned_early_robust_P4_first_min_seed0.json,m6p6_w021,6.6
w021,robust,P-LCO,4.0,dCh2,check,1.119590945453795,1.101069829243646,-0.018521116210148847,science_lab/papers/cathode_response/revision_20260920/uncertainty25/searches/balance_aligned_early_robust_P4_first_min_seed0.json,m6p6_w021,6.6
w021,robust,N-LCO,0.2,dCh1,train,1.0021270660735158,1.0321250666737583,0.02999800060024249,science_lab/papers/cathode_response/revision_20260920/uncertainty25/searches/balance_aligned_early_robust_P4_first_min_seed0.json,m6p6_w021,6.6
w021,robust,N-LCO,0.2,dCh2,train,1.0548699940642448,1.024871995687857,-0.029997998376387836,science_lab/papers/cathode_response/revision_20260920/uncertainty25/searches/balance_aligned_early_robust_P4_first_min_seed0.json,m6p6_w021,6.6
w021,robust,N-LCO,2.0,dCh1,train,1.0252842384911032,1.0406496961002982,0.015365457609195055,science_lab/papers/cathode_response/revision_20260920/uncertainty25/searches/balance_aligned_early_robust_P4_first_min_seed0.json,m6p6_w021,6.6
w021,robust,N-LCO,2.0,dCh2,train,1.02969348160086,1.050773725579617,0.021080243978756963,science_lab/papers/cathode_response/revision_20260920/uncertainty25/searches/balance_aligned_early_robust_P4_first_min_seed0.json,m6p6_w021,6.6
w021,robust,N-LCO,4.0,dCh1,check,1.0324750314259366,1.0321320770578113,-0.0003429543681252589,science_lab/papers/cathode_response/revision_20260920/uncertainty25/searches/balance_aligned_early_robust_P4_first_min_seed0.json,m6p6_w021,6.6
w021,robust,N-LCO,4.0,dCh2,check,1.0380410531938569,1.0447639622999412,0.006722909106084307,science_lab/papers/cathode_response/revision_20260920/uncertainty25/searches/balance_aligned_early_robust_P4_first_min_seed0.json,m6p6_w021,6.6
w022,robust,P-LCO,0.2,dCh1,train,1.0453503770924053,1.0452633731218868,-8.700397051852882e-05,science_lab/papers/cathode_response/revision_20260920/uncertainty25/searches/balance_aligned_early_robust_P4_first_min_seed1.json,m6p6_w022,6.6
w022,robust,P-LCO,0.2,dCh2,train,1.1142607011764938,1.084262689875039,-0.029998011301454852,science_lab/papers/cathode_response/revision_20260920/uncertainty25/searches/balance_aligned_early_robust_P4_first_min_seed1.json,m6p6_w022,6.6
w022,robust,P-LCO,0.5,dCh1,check,1.016764675743518,1.0320013136739747,0.015236637930456709,science_lab/papers/cathode_response/revision_20260920/uncertainty25/searches/balance_aligned_early_robust_P4_first_min_seed1.json,m6p6_w022,6.6
w022,robust,P-LCO,0.5,dCh2,check,1.095053633162125,1.101235937665979,0.006182304503854041,science_lab/papers/cathode_response/revision_20260920/uncertainty25/searches/balance_aligned_early_robust_P4_first_min_seed1.json,m6p6_w022,6.6
w022,robust,P-LCO,2.0,dCh1,train,1.1117832872784075,1.0817852889055353,-0.029997998372872203,science_lab/papers/cathode_response/revision_20260920/uncertainty25/searches/balance_aligned_early_robust_P4_first_min_seed1.json,m6p6_w022,6.6
w022,robust,P-LCO,2.0,dCh2,train,1.1188968899800256,1.0976930247105572,-0.02120386526946838,science_lab/papers/cathode_response/revision_20260920/uncertainty25/searches/balance_aligned_early_robust_P4_first_min_seed1.json,m6p6_w022,6.6
w022,robust,P-LCO,4.0,dCh1,check,1.1095175835524622,1.085652771932963,-0.02386481161949927,science_lab/papers/cathode_response/revision_20260920/uncertainty25/searches/balance_aligned_early_robust_P4_first_min_seed1.json,m6p6_w022,6.6
w022,robust,P-LCO,4.0,dCh2,check,1.119590945453795,1.0995995832458927,-0.019991362207902208,science_lab/papers/cathode_response/revision_20260920/uncertainty25/searches/balance_aligned_early_robust_P4_first_min_seed1.json,m6p6_w022,6.6
w022,robust,N-LCO,0.2,dCh1,train,1.0021270660735158,1.0321250669281117,0.02999800085459592,science_lab/papers/cathode_response/revision_20260920/uncertainty25/searches/balance_aligned_early_robust_P4_first_min_seed1.json,m6p6_w022,6.6
w022,robust,N-LCO,0.2,dCh2,train,1.0548699940642448,1.0248719956720442,-0.02999799839220052,science_lab/papers/cathode_response/revision_20260920/uncertainty25/searches/balance_aligned_early_robust_P4_first_min_seed1.json,m6p6_w022,6.6
w022,robust,N-LCO,2.0,dCh1,train,1.0252842384911032,1.0446553206655873,0.019371082174484133,science_lab/papers/cathode_response/revision_20260920/uncertainty25/searches/balance_aligned_early_robust_P4_first_min_seed1.json,m6p6_w022,6.6
w022,robust,N-LCO,2.0,dCh2,train,1.02969348160086,1.0596914833222169,0.029998001721356804,science_lab/papers/cathode_response/revision_20260920/uncertainty25/searches/balance_aligned_early_robust_P4_first_min_seed1.json,m6p6_w022,6.6
w022,robust,N-LCO,4.0,dCh1,check,1.0324750314259366,1.0349186961815697,0.002443664755633179,science_lab/papers/cathode_response/revision_20260920/uncertainty25/searches/balance_aligned_early_robust_P4_first_min_seed1.json,m6p6_w022,6.6
w022,robust,N-LCO,4.0,dCh2,check,1.0380410531938569,1.0492879353382774,0.01124688214442049,science_lab/papers/cathode_response/revision_20260920/uncertainty25/searches/balance_aligned_early_robust_P4_first_min_seed1.json,m6p6_w022,6.6
w023,robust,P-LCO,0.2,dCh1,train,1.0453503770924053,1.0486918564695806,0.003341479377175327,science_lab/papers/cathode_response/revision_20260920/uncertainty25/searches/balance_aligned_early_robust_b_min_seed1.json,m6p6_w023,6.6
w023,robust,P-LCO,0.2,dCh2,train,1.1142607011764938,1.0890590792514219,-0.025201621925071915,science_lab/papers/cathode_response/revision_20260920/uncertainty25/searches/balance_aligned_early_robust_b_min_seed1.json,m6p6_w023,6.6
w023,robust,P-LCO,0.5,dCh1,check,1.016764675743518,1.034506821919071,0.01774214617555292,science_lab/papers/cathode_response/revision_20260920/uncertainty25/searches/balance_aligned_early_robust_b_min_seed1.json,m6p6_w023,6.6
w023,robust,P-LCO,0.5,dCh2,check,1.095053633162125,1.1064761634440492,0.011422530281924193,science_lab/papers/cathode_response/revision_20260920/uncertainty25/searches/balance_aligned_early_robust_b_min_seed1.json,m6p6_w023,6.6
w023,robust,P-LCO,2.0,dCh1,train,1.1117832872784075,1.0817852878047265,-0.02999799947368098,science_lab/papers/cathode_response/revision_20260920/uncertainty25/searches/balance_aligned_early_robust_b_min_seed1.json,m6p6_w023,6.6
w023,robust,P-LCO,2.0,dCh2,train,1.1188968899800256,1.0978634186579892,-0.021033471322036368,science_lab/papers/cathode_response/revision_20260920/uncertainty25/searches/balance_aligned_early_robust_b_min_seed1.json,m6p6_w023,6.6
w023,robust,P-LCO,4.0,dCh1,check,1.1095175835524622,1.0860954000513776,-0.023422183501084604,science_lab/papers/cathode_response/revision_20260920/uncertainty25/searches/balance_aligned_early_robust_b_min_seed1.json,m6p6_w023,6.6
w023,robust,P-LCO,4.0,dCh2,check,1.119590945453795,1.101025824791821,-0.01856512066197391,science_lab/papers/cathode_response/revision_20260920/uncertainty25/searches/balance_aligned_early_robust_b_min_seed1.json,m6p6_w023,6.6
w023,robust,N-LCO,0.2,dCh1,train,1.0021270660735158,1.0321250668516513,0.029998000778135525,science_lab/papers/cathode_response/revision_20260920/uncertainty25/searches/balance_aligned_early_robust_b_min_seed1.json,m6p6_w023,6.6
w023,robust,N-LCO,0.2,dCh2,train,1.0548699940642448,1.024871996044308,-0.029997998019936745,science_lab/papers/cathode_response/revision_20260920/uncertainty25/searches/balance_aligned_early_robust_b_min_seed1.json,m6p6_w023,6.6
w023,robust,N-LCO,2.0,dCh1,train,1.0252842384911032,1.0444226473281426,0.019138408837039433,science_lab/papers/cathode_response/revision_20260920/uncertainty25/searches/balance_aligned_early_robust_b_min_seed1.json,m6p6_w023,6.6
w023,robust,N-LCO,2.0,dCh2,train,1.02969348160086,1.0596914839511935,0.029998002350333453,science_lab/papers/cathode_response/revision_20260920/uncertainty25/searches/balance_aligned_early_robust_b_min_seed1.json,m6p6_w023,6.6
w023,robust,N-LCO,4.0,dCh1,check,1.0324750314259366,1.0346175221380338,0.002142490712097267,science_lab/papers/cathode_response/revision_20260920/uncertainty25/searches/balance_aligned_early_robust_b_min_seed1.json,m6p6_w023,6.6
w023,robust,N-LCO,4.0,dCh2,check,1.0380410531938569,1.0489548838718055,0.0109138306779486,science_lab/papers/cathode_response/revision_20260920/uncertainty25/searches/balance_aligned_early_robust_b_min_seed1.json,m6p6_w023,6.6
w024,published,P-LCO,0.2,dCh1,train,1.046875,1.0743115508496361,0.027436550849636143,science_lab/papers/cathode_response/revision_20260920/uncertainty25/searches/balance_aligned_late_published_P4_first_max_seed0.json,m6p6_w024,6.6
w024,published,P-LCO,0.2,dCh2,train,1.13171875,1.140331199618815,0.00861244961881491,science_lab/papers/cathode_response/revision_20260920/uncertainty25/searches/balance_aligned_late_published_P4_first_max_seed0.json,m6p6_w024,6.6
w024,published,P-LCO,0.5,dCh1,check,1.0293294030950626,1.0298812092513638,0.0005518061563012377,science_lab/papers/cathode_response/revision_20260920/uncertainty25/searches/balance_aligned_late_published_P4_first_max_seed0.json,m6p6_w024,6.6
w024,published,P-LCO,0.5,dCh2,check,1.1516580692704494,1.1428592602887844,-0.008798808981665074,science_lab/papers/cathode_response/revision_20260920/uncertainty25/searches/balance_aligned_late_published_P4_first_max_seed0.json,m6p6_w024,6.6
w024,published,P-LCO,2.0,dCh1,train,1.1113235294117647,1.1260670088628246,0.014743479451059915,science_lab/papers/cathode_response/revision_20260920/uncertainty25/searches/balance_aligned_late_published_P4_first_max_seed0.json,m6p6_w024,6.6
w024,published,P-LCO,2.0,dCh2,train,1.1247058823529412,1.1539867617005104,0.029280879347569178,science_lab/papers/cathode_response/revision_20260920/uncertainty25/searches/balance_aligned_late_published_P4_first_max_seed0.json,m6p6_w024,6.6
w024,published,P-LCO,4.0,dCh1,check,1.123355946282708,1.1124189536340436,-0.010936992648664434,science_lab/papers/cathode_response/revision_20260920/uncertainty25/searches/balance_aligned_late_published_P4_first_max_seed0.json,m6p6_w024,6.6
w024,published,P-LCO,4.0,dCh2,check,1.1635054686418387,1.1403643863835953,-0.023141082258243406,science_lab/papers/cathode_response/revision_20260920/uncertainty25/searches/balance_aligned_late_published_P4_first_max_seed0.json,m6p6_w024,6.6
w024,published,N-LCO,0.2,dCh1,train,1.0086092715231787,0.9820502445343161,-0.02655902698886259,science_lab/papers/cathode_response/revision_20260920/uncertainty25/searches/balance_aligned_late_published_P4_first_max_seed0.json,m6p6_w024,6.6
w024,published,N-LCO,0.2,dCh2,train,1.0,0.9709496744032657,-0.02905032559673426,science_lab/papers/cathode_response/revision_20260920/uncertainty25/searches/balance_aligned_late_published_P4_first_max_seed0.json,m6p6_w024,6.6
w024,published,N-LCO,2.0,dCh1,train,1.0255596391580355,1.0351555527626417,0.00959591360460621,science_lab/papers/cathode_response/revision_20260920/uncertainty25/searches/balance_aligned_late_published_P4_first_max_seed0.json,m6p6_w024,6.6
w024,published,N-LCO,2.0,dCh2,train,1.0304042766455062,1.0301227761444582,-0.00028150050104791546,science_lab/papers/cathode_response/revision_20260920/uncertainty25/searches/balance_aligned_late_published_P4_first_max_seed0.json,m6p6_w024,6.6
w024,published,N-LCO,4.0,dCh1,check,1.046460550768711,1.0468984364481857,0.00043788567947466994,science_lab/papers/cathode_response/revision_20260920/uncertainty25/searches/balance_aligned_late_published_P4_first_max_seed0.json,m6p6_w024,6.6
w024,published,N-LCO,4.0,dCh2,check,1.0393647575603988,1.0633937144160428,0.02402895685564399,science_lab/papers/cathode_response/revision_20260920/uncertainty25/searches/balance_aligned_late_published_P4_first_max_seed0.json,m6p6_w024,6.6
w025,ordinary,P-LCO,0.2,dCh1,train,1.0352079988263148,1.0444989962573958,0.009290997431081083,science_lab/papers/cathode_response/revision_20260920/robust23/fits/balance_aligned_late_ordinary_start1.json,m6p6_w025,6.6
w025,ordinary,P-LCO,0.2,dCh2,train,1.0946896141019296,1.0901451175898669,-0.004544496512062679,science_lab/papers/cathode_response/revision_20260920/robust23/fits/balance_aligned_late_ordinary_start1.json,m6p6_w025,6.6
w025,ordinary,P-LCO,0.5,dCh1,check,1.0111612229645737,1.0234031802221313,0.012241957257557612,science_lab/papers/cathode_response/revision_20260920/robust23/fits/balance_aligned_late_ordinary_start1.json,m6p6_w025,6.6
w025,ordinary,P-LCO,0.5,dCh2,check,1.092314263673691,1.1056015733859401,0.013287309712249007,science_lab/papers/cathode_response/revision_20260920/robust23/fits/balance_aligned_late_ordinary_start1.json,m6p6_w025,6.6
w025,ordinary,P-LCO,2.0,dCh1,train,1.101360751606481,1.090188612104645,-0.011172139501836043,science_lab/papers/cathode_response/revision_20260920/robust23/fits/balance_aligned_late_ordinary_start1.json,m6p6_w025,6.6
w025,ordinary,P-LCO,2.0,dCh2,train,1.1081470881349442,1.1149833227975385,0.006836234662594309,science_lab/papers/cathode_response/revision_20260920/robust23/fits/balance_aligned_late_ordinary_start1.json,m6p6_w025,6.6
w025,ordinary,P-LCO,4.0,dCh1,check,1.0943594437669857,1.082701685215513,-0.011657758551472774,science_lab/papers/cathode_response/revision_20260920/robust23/fits/balance_aligned_late_ordinary_start1.json,m6p6_w025,6.6
w025,ordinary,P-LCO,4.0,dCh2,check,1.1045321963996184,1.1115830483791693,0.0070508519795509095,science_lab/papers/cathode_response/revision_20260920/robust23/fits/balance_aligned_late_ordinary_start1.json,m6p6_w025,6.6
w025,ordinary,N-LCO,0.2,dCh1,train,1.0021618079950132,1.0164906474163418,0.014328839421328565,science_lab/papers/cathode_response/revision_20260920/robust23/fits/balance_aligned_late_ordinary_start1.json,m6p6_w025,6.6
w025,ordinary,N-LCO,0.2,dCh2,train,1.0542202875094844,1.0322666050723426,-0.021953682437141797,science_lab/papers/cathode_response/revision_20260920/robust23/fits/balance_aligned_late_ordinary_start1.json,m6p6_w025,6.6
w025,ordinary,N-LCO,2.0,dCh1,train,1.025318751306497,1.02830685787595,0.0029881065694530307,science_lab/papers/cathode_response/revision_20260920/robust23/fits/balance_aligned_late_ordinary_start1.json,m6p6_w025,6.6
w025,ordinary,N-LCO,2.0,dCh2,train,1.030666033295323,1.042787400798285,0.012121367502961888,science_lab/papers/cathode_response/revision_20260920/robust23/fits/balance_aligned_late_ordinary_start1.json,m6p6_w025,6.6
w025,ordinary,N-LCO,4.0,dCh1,check,1.0296564425945025,1.020791371789796,-0.008865070804706443,science_lab/papers/cathode_response/revision_20260920/robust23/fits/balance_aligned_late_ordinary_start1.json,m6p6_w025,6.6
w025,ordinary,N-LCO,4.0,dCh2,check,1.0375876232087635,1.031216054897121,-0.006371568311642539,science_lab/papers/cathode_response/revision_20260920/robust23/fits/balance_aligned_late_ordinary_start1.json,m6p6_w025,6.6
w026,ordinary,P-LCO,0.2,dCh1,train,1.0352079988263148,1.0444990584384464,0.009291059612131614,science_lab/papers/cathode_response/revision_20260920/robust23/fits/balance_aligned_late_ordinary_start0.json,m6p6_w026,6.6
w026,ordinary,P-LCO,0.2,dCh2,train,1.0946896141019296,1.0901449205761198,-0.004544693525809773,science_lab/papers/cathode_response/revision_20260920/robust23/fits/balance_aligned_late_ordinary_start0.json,m6p6_w026,6.6
w026,ordinary,P-LCO,0.5,dCh1,check,1.0111612229645737,1.0234035226397213,0.012242299675147672,science_lab/papers/cathode_response/revision_20260920/robust23/fits/balance_aligned_late_ordinary_start0.json,m6p6_w026,6.6
w026,ordinary,P-LCO,0.5,dCh2,check,1.092314263673691,1.1056016162029003,0.013287352529209207,science_lab/papers/cathode_response/revision_20260920/robust23/fits/balance_aligned_late_ordinary_start0.json,m6p6_w026,6.6
w026,ordinary,P-LCO,2.0,dCh1,train,1.101360751606481,1.0901879754507864,-0.011172776155694564,science_lab/papers/cathode_response/revision_20260920/robust23/fits/balance_aligned_late_ordinary_start0.json,m6p6_w026,6.6
w026,ordinary,P-LCO,2.0,dCh2,train,1.1081470881349442,1.114982140956862,0.006835052821917875,science_lab/papers/cathode_response/revision_20260920/robust23/fits/balance_aligned_late_ordinary_start0.json,m6p6_w026,6.6
w026,ordinary,P-LCO,4.0,dCh1,check,1.0943594437669857,1.0827025794337022,-0.011656864333283501,science_lab/papers/cathode_response/revision_20260920/robust23/fits/balance_aligned_late_ordinary_start0.json,m6p6_w026,6.6
w026,ordinary,P-LCO,4.0,dCh2,check,1.1045321963996184,1.111583580061059,0.007051383661440536,science_lab/papers/cathode_response/revision_20260920/robust23/fits/balance_aligned_late_ordinary_start0.json,m6p6_w026,6.6
w026,ordinary,N-LCO,0.2,dCh1,train,1.0021618079950132,1.0164916250156315,0.014329817020618307,science_lab/papers/cathode_response/revision_20260920/robust23/fits/balance_aligned_late_ordinary_start0.json,m6p6_w026,6.6
w026,ordinary,N-LCO,0.2,dCh2,train,1.0542202875094844,1.032267926691949,-0.021952360817535377,science_lab/papers/cathode_response/revision_20260920/robust23/fits/balance_aligned_late_ordinary_start0.json,m6p6_w026,6.6
w026,ordinary,N-LCO,2.0,dCh1,train,1.025318751306497,1.028307609605181,0.002988858298684116,science_lab/papers/cathode_response/revision_20260920/robust23/fits/balance_aligned_late_ordinary_start0.json,m6p6_w026,6.6
w026,ordinary,N-LCO,2.0,dCh2,train,1.030666033295323,1.042788415255791,0.012122381960467887,science_lab/papers/cathode_response/revision_20260920/robust23/fits/balance_aligned_late_ordinary_start0.json,m6p6_w026,6.6
w026,ordinary,N-LCO,4.0,dCh1,check,1.0296564425945025,1.0207920261155619,-0.008864416478940651,science_lab/papers/cathode_response/revision_20260920/robust23/fits/balance_aligned_late_ordinary_start0.json,m6p6_w026,6.6
w026,ordinary,N-LCO,4.0,dCh2,check,1.0375876232087635,1.0312170235677642,-0.006370599640999286,science_lab/papers/cathode_response/revision_20260920/robust23/fits/balance_aligned_late_ordinary_start0.json,m6p6_w026,6.6
w027,ordinary,P-LCO,0.2,dCh1,train,1.0352079988263148,1.0444991692646848,0.009291170438370022,science_lab/papers/cathode_response/revision_20260920/robust23/fits/balance_aligned_late_ordinary_start2.json,m6p6_w027,6.6
w027,ordinary,P-LCO,0.2,dCh2,train,1.0946896141019296,1.0901447513667617,-0.004544862735167854,science_lab/papers/cathode_response/revision_20260920/robust23/fits/balance_aligned_late_ordinary_start2.json,m6p6_w027,6.6
w027,ordinary,P-LCO,0.5,dCh1,check,1.0111612229645737,1.0234036116916345,0.012242388727060849,science_lab/papers/cathode_response/revision_20260920/robust23/fits/balance_aligned_late_ordinary_start2.json,m6p6_w027,6.6
w027,ordinary,P-LCO,0.5,dCh2,check,1.092314263673691,1.1056008815173242,0.013286617843633053,science_lab/papers/cathode_response/revision_20260920/robust23/fits/balance_aligned_late_ordinary_start2.json,m6p6_w027,6.6
w027,ordinary,P-LCO,2.0,dCh1,train,1.101360751606481,1.090188734356268,-0.011172017250212996,science_lab/papers/cathode_response/revision_20260920/robust23/fits/balance_aligned_late_ordinary_start2.json,m6p6_w027,6.6
w027,ordinary,P-LCO,2.0,dCh2,train,1.1081470881349442,1.1149833875981205,0.006836299463176321,science_lab/papers/cathode_response/revision_20260920/robust23/fits/balance_aligned_late_ordinary_start2.json,m6p6_w027,6.6
w027,ordinary,P-LCO,4.0,dCh1,check,1.0943594437669857,1.0827014354334812,-0.0116580083335045,science_lab/papers/cathode_response/revision_20260920/robust23/fits/balance_aligned_late_ordinary_start2.json,m6p6_w027,6.6
w027,ordinary,P-LCO,4.0,dCh2,check,1.1045321963996184,1.1115826112646505,0.007050414865032106,science_lab/papers/cathode_response/revision_20260920/robust23/fits/balance_aligned_late_ordinary_start2.json,m6p6_w027,6.6
w027,ordinary,N-LCO,0.2,dCh1,train,1.0021618079950132,1.016490821131328,0.014329013136314739,science_lab/papers/cathode_response/revision_20260920/robust23/fits/balance_aligned_late_ordinary_start2.json,m6p6_w027,6.6
w027,ordinary,N-LCO,0.2,dCh2,train,1.0542202875094844,1.0322671398434595,-0.021953147666024853,science_lab/papers/cathode_response/revision_20260920/robust23/fits/balance_aligned_late_ordinary_start2.json,m6p6_w027,6.6
w027,ordinary,N-LCO,2.0,dCh1,train,1.025318751306497,1.0283071273684465,0.0029883760619495714,science_lab/papers/cathode_response/revision_20260920/robust23/fits/balance_aligned_late_ordinary_start2.json,m6p6_w027,6.6
w027,ordinary,N-LCO,2.0,dCh2,train,1.030666033295323,1.0427879075371067,0.012121874241783681,science_lab/papers/cathode_response/revision_20260920/robust23/fits/balance_aligned_late_ordinary_start2.json,m6p6_w027,6.6
w027,ordinary,N-LCO,4.0,dCh1,check,1.0296564425945025,1.0207915396342737,-0.008864902960228793,science_lab/papers/cathode_response/revision_20260920/robust23/fits/balance_aligned_late_ordinary_start2.json,m6p6_w027,6.6
w027,ordinary,N-LCO,4.0,dCh2,check,1.0375876232087635,1.0312163227139255,-0.006371300494838028,science_lab/papers/cathode_response/revision_20260920/robust23/fits/balance_aligned_late_ordinary_start2.json,m6p6_w027,6.6
w028,ordinary,P-LCO,0.2,dCh1,train,1.0352079988263148,1.0236383761258854,-0.011569622700429383,science_lab/papers/cathode_response/revision_20260920/uncertainty25/searches/balance_aligned_late_ordinary_P05_first_min_seed1.json,m6p6_w028,6.6
w028,ordinary,P-LCO,0.2,dCh2,train,1.0946896141019296,1.0671081826431543,-0.02758143145877523,science_lab/papers/cathode_response/revision_20260920/uncertainty25/searches/balance_aligned_late_ordinary_P05_first_min_seed1.json,m6p6_w028,6.6
w028,ordinary,P-LCO,0.5,dCh1,check,1.0111612229645737,1.0019085756583905,-0.009252647306183137,science_lab/papers/cathode_response/revision_20260920/uncertainty25/searches/balance_aligned_late_ordinary_P05_first_min_seed1.json,m6p6_w028,6.6
w028,ordinary,P-LCO,0.5,dCh2,check,1.092314263673691,1.0759744763828,-0.016339787290891028,science_lab/papers/cathode_response/revision_20260920/uncertainty25/searches/balance_aligned_late_ordinary_P05_first_min_seed1.json,m6p6_w028,6.6
w028,ordinary,P-LCO,2.0,dCh1,train,1.101360751606481,1.0921246583760127,-0.009236093230468256,science_lab/papers/cathode_response/revision_20260920/uncertainty25/searches/balance_aligned_late_ordinary_P05_first_min_seed1.json,m6p6_w028,6.6
w028,ordinary,P-LCO,2.0,dCh2,train,1.1081470881349442,1.1171034025236815,0.00895631438873723,science_lab/papers/cathode_response/revision_20260920/uncertainty25/searches/balance_aligned_late_ordinary_P05_first_min_seed1.json,m6p6_w028,6.6
w028,ordinary,P-LCO,4.0,dCh1,check,1.0943594437669857,1.070069331695595,-0.024290112071390757,science_lab/papers/cathode_response/revision_20260920/uncertainty25/searches/balance_aligned_late_ordinary_P05_first_min_seed1.json,m6p6_w028,6.6
w028,ordinary,P-LCO,4.0,dCh2,check,1.1045321963996184,1.0951257830180816,-0.009406413381536805,science_lab/papers/cathode_response/revision_20260920/uncertainty25/searches/balance_aligned_late_ordinary_P05_first_min_seed1.json,m6p6_w028,6.6
w028,ordinary,N-LCO,0.2,dCh1,train,1.0021618079950132,1.029651587209426,0.02748977921441287,science_lab/papers/cathode_response/revision_20260920/uncertainty25/searches/balance_aligned_late_ordinary_P05_first_min_seed1.json,m6p6_w028,6.6
w028,ordinary,N-LCO,0.2,dCh2,train,1.0542202875094844,1.0251412746531667,-0.029079012856317643,science_lab/papers/cathode_response/revision_20260920/uncertainty25/searches/balance_aligned_late_ordinary_P05_first_min_seed1.json,m6p6_w028,6.6
w028,ordinary,N-LCO,2.0,dCh1,train,1.025318751306497,1.037192408833326,0.011873657526829007,science_lab/papers/cathode_response/revision_20260920/uncertainty25/searches/balance_aligned_late_ordinary_P05_first_min_seed1.json,m6p6_w028,6.6
w028,ordinary,N-LCO,2.0,dCh2,train,1.030666033295323,1.0491717091767236,0.01850567588140062,science_lab/papers/cathode_response/revision_20260920/uncertainty25/searches/balance_aligned_late_ordinary_P05_first_min_seed1.json,m6p6_w028,6.6
w028,ordinary,N-LCO,4.0,dCh1,check,1.0296564425945025,1.0320217164832974,0.0023652738887949276,science_lab/papers/cathode_response/revision_20260920/uncertainty25/searches/balance_aligned_late_ordinary_P05_first_min_seed1.json,m6p6_w028,6.6
w028,ordinary,N-LCO,4.0,dCh2,check,1.0375876232087635,1.0476219391710218,0.010034315962258233,science_lab/papers/cathode_response/revision_20260920/uncertainty25/searches/balance_aligned_late_ordinary_P05_first_min_seed1.json,m6p6_w028,6.6
w029,ordinary,P-LCO,0.2,dCh1,train,1.0352079988263148,1.0505762290473395,0.015368230221024737,science_lab/papers/cathode_response/revision_20260920/uncertainty25/searches/balance_aligned_late_ordinary_P4_first_max_seed0.json,m6p6_w029,6.6
w029,ordinary,P-LCO,0.2,dCh2,train,1.0946896141019296,1.0952865096293392,0.0005968955274096022,science_lab/papers/cathode_response/revision_20260920/uncertainty25/searches/balance_aligned_late_ordinary_P4_first_max_seed0.json,m6p6_w029,6.6
w029,ordinary,P-LCO,0.5,dCh1,check,1.0111612229645737,1.0320078207608638,0.020846597796290167,science_lab/papers/cathode_response/revision_20260920/uncertainty25/searches/balance_aligned_late_ordinary_P4_first_max_seed0.json,m6p6_w029,6.6
w029,ordinary,P-LCO,0.5,dCh2,check,1.092314263673691,1.1157773133841573,0.0234630497104662,science_lab/papers/cathode_response/revision_20260920/uncertainty25/searches/balance_aligned_late_ordinary_P4_first_max_seed0.json,m6p6_w029,6.6
w029,ordinary,P-LCO,2.0,dCh1,train,1.101360751606481,1.0813542148551858,-0.020006536751295156,science_lab/papers/cathode_response/revision_20260920/uncertainty25/searches/balance_aligned_late_ordinary_P4_first_max_seed0.json,m6p6_w029,6.6
w029,ordinary,P-LCO,2.0,dCh2,train,1.1081470881349442,1.101048066883369,-0.007099021251575133,science_lab/papers/cathode_response/revision_20260920/uncertainty25/searches/balance_aligned_late_ordinary_P4_first_max_seed0.json,m6p6_w029,6.6
w029,ordinary,P-LCO,4.0,dCh1,check,1.0943594437669857,1.088559378851269,-0.005800064915716607,science_lab/papers/cathode_response/revision_20260920/uncertainty25/searches/balance_aligned_late_ordinary_P4_first_max_seed0.json,m6p6_w029,6.6
w029,ordinary,P-LCO,4.0,dCh2,check,1.1045321963996184,1.1143973335621118,0.009865137162493376,science_lab/papers/cathode_response/revision_20260920/uncertainty25/searches/balance_aligned_late_ordinary_P4_first_max_seed0.json,m6p6_w029,6.6
w029,ordinary,N-LCO,0.2,dCh1,train,1.0021618079950132,1.0209050806211595,0.01874327262614628,science_lab/papers/cathode_response/revision_20260920/uncertainty25/searches/balance_aligned_late_ordinary_P4_first_max_seed0.json,m6p6_w029,6.6
w029,ordinary,N-LCO,0.2,dCh2,train,1.0542202875094844,1.0371236913620994,-0.017096596147385013,science_lab/papers/cathode_response/revision_20260920/uncertainty25/searches/balance_aligned_late_ordinary_P4_first_max_seed0.json,m6p6_w029,6.6
w029,ordinary,N-LCO,2.0,dCh1,train,1.025318751306497,1.0305384396493102,0.005219688342813278,science_lab/papers/cathode_response/revision_20260920/uncertainty25/searches/balance_aligned_late_ordinary_P4_first_max_seed0.json,m6p6_w029,6.6
w029,ordinary,N-LCO,2.0,dCh2,train,1.030666033295323,1.0456096519261129,0.014943618630789857,science_lab/papers/cathode_response/revision_20260920/uncertainty25/searches/balance_aligned_late_ordinary_P4_first_max_seed0.json,m6p6_w029,6.6
w029,ordinary,N-LCO,4.0,dCh1,check,1.0296564425945025,1.0228975727722829,-0.006758869822219626,science_lab/papers/cathode_response/revision_20260920/uncertainty25/searches/balance_aligned_late_ordinary_P4_first_max_seed0.json,m6p6_w029,6.6
w029,ordinary,N-LCO,4.0,dCh2,check,1.0375876232087635,1.0340943661403945,-0.0034932570683690045,science_lab/papers/cathode_response/revision_20260920/uncertainty25/searches/balance_aligned_late_ordinary_P4_first_max_seed0.json,m6p6_w029,6.6
w030,ordinary,P-LCO,0.2,dCh1,train,1.0352079988263148,1.0439426487068901,0.008734649880575374,science_lab/papers/cathode_response/revision_20260920/uncertainty25/searches/balance_aligned_late_ordinary_b_min_seed0.json,m6p6_w030,6.6
w030,ordinary,P-LCO,0.2,dCh2,train,1.0946896141019296,1.0788391371438502,-0.015850476958079396,science_lab/papers/cathode_response/revision_20260920/uncertainty25/searches/balance_aligned_late_ordinary_b_min_seed0.json,m6p6_w030,6.6
w030,ordinary,P-LCO,0.5,dCh1,check,1.0111612229645737,1.031685719562355,0.020524496597781328,science_lab/papers/cathode_response/revision_20260920/uncertainty25/searches/balance_aligned_late_ordinary_b_min_seed0.json,m6p6_w030,6.6
w030,ordinary,P-LCO,0.5,dCh2,check,1.092314263673691,1.0938056105060059,0.0014913468323147772,science_lab/papers/cathode_response/revision_20260920/uncertainty25/searches/balance_aligned_late_ordinary_b_min_seed0.json,m6p6_w030,6.6
w030,ordinary,P-LCO,2.0,dCh1,train,1.101360751606481,1.0713627533162426,-0.029997998290238304,science_lab/papers/cathode_response/revision_20260920/uncertainty25/searches/balance_aligned_late_ordinary_b_min_seed0.json,m6p6_w030,6.6
w030,ordinary,P-LCO,2.0,dCh2,train,1.1081470881349442,1.0852796182648685,-0.022867469870075707,science_lab/papers/cathode_response/revision_20260920/uncertainty25/searches/balance_aligned_late_ordinary_b_min_seed0.json,m6p6_w030,6.6
w030,ordinary,P-LCO,4.0,dCh1,check,1.0943594437669857,1.0692970472196055,-0.025062396547380184,science_lab/papers/cathode_response/revision_20260920/uncertainty25/searches/balance_aligned_late_ordinary_b_min_seed0.json,m6p6_w030,6.6
w030,ordinary,P-LCO,4.0,dCh2,check,1.1045321963996184,1.0845107390844229,-0.020021457315195557,science_lab/papers/cathode_response/revision_20260920/uncertainty25/searches/balance_aligned_late_ordinary_b_min_seed0.json,m6p6_w030,6.6
w030,ordinary,N-LCO,0.2,dCh1,train,1.0021618079950132,1.0321598079024688,0.029997999907455553,science_lab/papers/cathode_response/revision_20260920/uncertainty25/searches/balance_aligned_late_ordinary_b_min_seed0.json,m6p6_w030,6.6
w030,ordinary,N-LCO,0.2,dCh2,train,1.0542202875094844,1.0242222887823924,-0.029997998727091968,science_lab/papers/cathode_response/revision_20260920/uncertainty25/searches/balance_aligned_late_ordinary_b_min_seed0.json,m6p6_w030,6.6
w030,ordinary,N-LCO,2.0,dCh1,train,1.025318751306497,1.042657423738235,0.017338672431737923,science_lab/papers/cathode_response/revision_20260920/uncertainty25/searches/balance_aligned_late_ordinary_b_min_seed0.json,m6p6_w030,6.6
w030,ordinary,N-LCO,2.0,dCh2,train,1.030666033295323,1.0606640344576836,0.02999800116236062,science_lab/papers/cathode_response/revision_20260920/uncertainty25/searches/balance_aligned_late_ordinary_b_min_seed0.json,m6p6_w030,6.6
w030,ordinary,N-LCO,4.0,dCh1,check,1.0296564425945025,1.0347126153130712,0.00505617271856873,science_lab/papers/cathode_response/revision_20260920/uncertainty25/searches/balance_aligned_late_ordinary_b_min_seed0.json,m6p6_w030,6.6
w030,ordinary,N-LCO,4.0,dCh2,check,1.0375876232087635,1.050698547850149,0.013110924641385413,science_lab/papers/cathode_response/revision_20260920/uncertainty25/searches/balance_aligned_late_ordinary_b_min_seed0.json,m6p6_w030,6.6
w031,ordinary,P-LCO,0.2,dCh1,train,1.0352079988263148,1.0555276457153844,0.02031964688906962,science_lab/papers/cathode_response/revision_20260920/uncertainty25/searches/balance_aligned_late_ordinary_b_min_seed0.json,m6p6_w031,6.6
w031,ordinary,P-LCO,0.2,dCh2,train,1.0946896141019296,1.0941797172826448,-0.0005098968192847053,science_lab/papers/cathode_response/revision_20260920/uncertainty25/searches/balance_aligned_late_ordinary_b_min_seed0.json,m6p6_w031,6.6
w031,ordinary,P-LCO,0.5,dCh1,check,1.0111612229645737,1.039665038083352,0.02850381511877842,science_lab/papers/cathode_response/revision_20260920/uncertainty25/searches/balance_aligned_late_ordinary_b_min_seed0.json,m6p6_w031,6.6
w031,ordinary,P-LCO,0.5,dCh2,check,1.092314263673691,1.1086728395305097,0.016358575856818547,science_lab/papers/cathode_response/revision_20260920/uncertainty25/searches/balance_aligned_late_ordinary_b_min_seed0.json,m6p6_w031,6.6
w031,ordinary,P-LCO,2.0,dCh1,train,1.101360751606481,1.0715760038318116,-0.02978474777466933,science_lab/papers/cathode_response/revision_20260920/uncertainty25/searches/balance_aligned_late_ordinary_b_min_seed0.json,m6p6_w031,6.6
w031,ordinary,P-LCO,2.0,dCh2,train,1.1081470881349442,1.085388924933437,-0.022758163201507253,science_lab/papers/cathode_response/revision_20260920/uncertainty25/searches/balance_aligned_late_ordinary_b_min_seed0.json,m6p6_w031,6.6
w031,ordinary,P-LCO,4.0,dCh1,check,1.0943594437669857,1.0714506862202242,-0.02290875754676147,science_lab/papers/cathode_response/revision_20260920/uncertainty25/searches/balance_aligned_late_ordinary_b_min_seed0.json,m6p6_w031,6.6
w031,ordinary,P-LCO,4.0,dCh2,check,1.1045321963996184,1.0868743597229464,-0.01765783667667198,science_lab/papers/cathode_response/revision_20260920/uncertainty25/searches/balance_aligned_late_ordinary_b_min_seed0.json,m6p6_w031,6.6
w031,ordinary,N-LCO,0.2,dCh1,train,1.0021618079950132,1.032073484775432,0.02991167678041884,science_lab/papers/cathode_response/revision_20260920/uncertainty25/searches/balance_aligned_late_ordinary_b_min_seed0.json,m6p6_w031,6.6
w031,ordinary,N-LCO,0.2,dCh2,train,1.0542202875094844,1.024326209637497,-0.02989407787198739,science_lab/papers/cathode_response/revision_20260920/uncertainty25/searches/balance_aligned_late_ordinary_b_min_seed0.json,m6p6_w031,6.6
w031,ordinary,N-LCO,2.0,dCh1,train,1.025318751306497,1.0421306131525392,0.01681186184604222,science_lab/papers/cathode_response/revision_20260920/uncertainty25/searches/balance_aligned_late_ordinary_b_min_seed0.json,m6p6_w031,6.6
w031,ordinary,N-LCO,2.0,dCh2,train,1.030666033295323,1.0604222006648714,0.029756167369548336,science_lab/papers/cathode_response/revision_20260920/uncertainty25/searches/balance_aligned_late_ordinary_b_min_seed0.json,m6p6_w031,6.6
w031,ordinary,N-LCO,4.0,dCh1,check,1.0296564425945025,1.0337605695517116,0.0041041269572090755,science_lab/papers/cathode_response/revision_20260920/uncertainty25/searches/balance_aligned_late_ordinary_b_min_seed0.json,m6p6_w031,6.6
w031,ordinary,N-LCO,4.0,dCh2,check,1.0375876232087635,1.0493169711683743,0.01172934795961078,science_lab/papers/cathode_response/revision_20260920/uncertainty25/searches/balance_aligned_late_ordinary_b_min_seed0.json,m6p6_w031,6.6
w032,ordinary,P-LCO,0.2,dCh1,train,1.0352079988263148,1.0439430157041667,0.008735016877851942,science_lab/papers/cathode_response/revision_20260920/uncertainty25/searches/balance_aligned_late_ordinary_b_min_seed1.json,m6p6_w032,6.6
w032,ordinary,P-LCO,0.2,dCh2,train,1.0946896141019296,1.0788396136013993,-0.015850000500530204,science_lab/papers/cathode_response/revision_20260920/uncertainty25/searches/balance_aligned_late_ordinary_b_min_seed1.json,m6p6_w032,6.6
w032,ordinary,P-LCO,0.5,dCh1,check,1.0111612229645737,1.0316859789813864,0.020524756016812695,science_lab/papers/cathode_response/revision_20260920/uncertainty25/searches/balance_aligned_late_ordinary_b_min_seed1.json,m6p6_w032,6.6
w032,ordinary,P-LCO,0.5,dCh2,check,1.092314263673691,1.0938060721588838,0.0014918084851927027,science_lab/papers/cathode_response/revision_20260920/uncertainty25/searches/balance_aligned_late_ordinary_b_min_seed1.json,m6p6_w032,6.6
w032,ordinary,P-LCO,2.0,dCh1,train,1.101360751606481,1.071362752702942,-0.029997998903539047,science_lab/papers/cathode_response/revision_20260920/uncertainty25/searches/balance_aligned_late_ordinary_b_min_seed1.json,m6p6_w032,6.6
w032,ordinary,P-LCO,2.0,dCh2,train,1.1081470881349442,1.0852796103794393,-0.022867477755504906,science_lab/papers/cathode_response/revision_20260920/uncertainty25/searches/balance_aligned_late_ordinary_b_min_seed1.json,m6p6_w032,6.6
w032,ordinary,P-LCO,4.0,dCh1,check,1.0943594437669857,1.069297104909941,-0.025062338857044786,science_lab/papers/cathode_response/revision_20260920/uncertainty25/searches/balance_aligned_late_ordinary_b_min_seed1.json,m6p6_w032,6.6
w032,ordinary,P-LCO,4.0,dCh2,check,1.1045321963996184,1.0845108013326503,-0.020021395066968095,science_lab/papers/cathode_response/revision_20260920/uncertainty25/searches/balance_aligned_late_ordinary_b_min_seed1.json,m6p6_w032,6.6
w032,ordinary,N-LCO,0.2,dCh1,train,1.0021618079950132,1.032159809059595,0.029998001064581725,science_lab/papers/cathode_response/revision_20260920/uncertainty25/searches/balance_aligned_late_ordinary_b_min_seed1.json,m6p6_w032,6.6
w032,ordinary,N-LCO,0.2,dCh2,train,1.0542202875094844,1.0242222904778822,-0.02999799703160222,science_lab/papers/cathode_response/revision_20260920/uncertainty25/searches/balance_aligned_late_ordinary_b_min_seed1.json,m6p6_w032,6.6
w032,ordinary,N-LCO,2.0,dCh1,train,1.025318751306497,1.042657410852835,0.017338659546338064,science_lab/papers/cathode_response/revision_20260920/uncertainty25/searches/balance_aligned_late_ordinary_b_min_seed1.json,m6p6_w032,6.6
w032,ordinary,N-LCO,2.0,dCh2,train,1.030666033295323,1.060664032893958,0.029997999598635028,science_lab/papers/cathode_response/revision_20260920/uncertainty25/searches/balance_aligned_late_ordinary_b_min_seed1.json,m6p6_w032,6.6
w032,ordinary,N-LCO,4.0,dCh1,check,1.0296564425945025,1.0347125897751803,0.005056147180677817,science_lab/papers/cathode_response/revision_20260920/uncertainty25/searches/balance_aligned_late_ordinary_b_min_seed1.json,m6p6_w032,6.6
w032,ordinary,N-LCO,4.0,dCh2,check,1.0375876232087635,1.050698509352542,0.013110886143778533,science_lab/papers/cathode_response/revision_20260920/uncertainty25/searches/balance_aligned_late_ordinary_b_min_seed1.json,m6p6_w032,6.6
w033,robust,P-LCO,0.2,dCh1,train,1.0453503770924053,1.0432428738061397,-0.002107503286265633,science_lab/papers/cathode_response/revision_20260920/uncertainty25/searches/balance_aligned_late_robust_P05_first_min_seed1.json,m6p6_w033,6.6
w033,robust,P-LCO,0.2,dCh2,train,1.1142607011764938,1.0882140238406908,-0.026046677335803015,science_lab/papers/cathode_response/revision_20260920/uncertainty25/searches/balance_aligned_late_robust_P05_first_min_seed1.json,m6p6_w033,6.6
w033,robust,P-LCO,0.5,dCh1,check,1.016764675743518,1.022074700672765,0.005310024929247037,science_lab/papers/cathode_response/revision_20260920/uncertainty25/searches/balance_aligned_late_robust_P05_first_min_seed1.json,m6p6_w033,6.6
w033,robust,P-LCO,0.5,dCh2,check,1.095053633162125,1.1078630581752817,0.012809425013156739,science_lab/papers/cathode_response/revision_20260920/uncertainty25/searches/balance_aligned_late_robust_P05_first_min_seed1.json,m6p6_w033,6.6
w033,robust,P-LCO,2.0,dCh1,train,1.1117832872784075,1.082278971791675,-0.02950431548673249,science_lab/papers/cathode_response/revision_20260920/uncertainty25/searches/balance_aligned_late_robust_P05_first_min_seed1.json,m6p6_w033,6.6
w033,robust,P-LCO,2.0,dCh2,train,1.1188968899800256,1.1028408740955549,-0.016056015884470698,science_lab/papers/cathode_response/revision_20260920/uncertainty25/searches/balance_aligned_late_robust_P05_first_min_seed1.json,m6p6_w033,6.6
w033,robust,P-LCO,4.0,dCh1,check,1.1095175835524622,1.0879171031558175,-0.02160048039664475,science_lab/papers/cathode_response/revision_20260920/uncertainty25/searches/balance_aligned_late_robust_P05_first_min_seed1.json,m6p6_w033,6.6
w033,robust,P-LCO,4.0,dCh2,check,1.119590945453795,1.1151737445261047,-0.004417200927690157,science_lab/papers/cathode_response/revision_20260920/uncertainty25/searches/balance_aligned_late_robust_P05_first_min_seed1.json,m6p6_w033,6.6
w033,robust,N-LCO,0.2,dCh1,train,1.0021270660735158,1.0207307567357145,0.01860369066219869,science_lab/papers/cathode_response/revision_20260920/uncertainty25/searches/balance_aligned_late_robust_P05_first_min_seed1.json,m6p6_w033,6.6
w033,robust,N-LCO,0.2,dCh2,train,1.0548699940642448,1.0249332573935321,-0.029936736670712616,science_lab/papers/cathode_response/revision_20260920/uncertainty25/searches/balance_aligned_late_robust_P05_first_min_seed1.json,m6p6_w033,6.6
w033,robust,N-LCO,2.0,dCh1,train,1.0252842384911032,1.0281802404469618,0.002896001955858596,science_lab/papers/cathode_response/revision_20260920/uncertainty25/searches/balance_aligned_late_robust_P05_first_min_seed1.json,m6p6_w033,6.6
w033,robust,N-LCO,2.0,dCh2,train,1.02969348160086,1.0392284721771297,0.009534990576269609,science_lab/papers/cathode_response/revision_20260920/uncertainty25/searches/balance_aligned_late_robust_P05_first_min_seed1.json,m6p6_w033,6.6
w033,robust,N-LCO,4.0,dCh1,check,1.0324750314259366,1.021657923735886,-0.01081710769005051,science_lab/papers/cathode_response/revision_20260920/uncertainty25/searches/balance_aligned_late_robust_P05_first_min_seed1.json,m6p6_w033,6.6
w033,robust,N-LCO,4.0,dCh2,check,1.0380410531938569,1.0319246568514984,-0.006116396342358499,science_lab/papers/cathode_response/revision_20260920/uncertainty25/searches/balance_aligned_late_robust_P05_first_min_seed1.json,m6p6_w033,6.6
w034,robust,P-LCO,0.2,dCh1,train,1.0453503770924053,1.0421629117883784,-0.003187465304026915,science_lab/papers/cathode_response/revision_20260920/uncertainty25/searches/balance_aligned_late_robust_P4_first_min_seed1.json,m6p6_w034,6.6
w034,robust,P-LCO,0.2,dCh2,train,1.1142607011764938,1.084262698541944,-0.02999800263454988,science_lab/papers/cathode_response/revision_20260920/uncertainty25/searches/balance_aligned_late_robust_P4_first_min_seed1.json,m6p6_w034,6.6
w034,robust,P-LCO,0.5,dCh1,check,1.016764675743518,1.02369850785319,0.006933832109671911,science_lab/papers/cathode_response/revision_20260920/uncertainty25/searches/balance_aligned_late_robust_P4_first_min_seed1.json,m6p6_w034,6.6
w034,robust,P-LCO,0.5,dCh2,check,1.095053633162125,1.098300746234718,0.0032471130725930664,science_lab/papers/cathode_response/revision_20260920/uncertainty25/searches/balance_aligned_late_robust_P4_first_min_seed1.json,m6p6_w034,6.6
w034,robust,P-LCO,2.0,dCh1,train,1.1117832872784075,1.0817852889798734,-0.029997998298534112,science_lab/papers/cathode_response/revision_20260920/uncertainty25/searches/balance_aligned_late_robust_P4_first_min_seed1.json,m6p6_w034,6.6
w034,robust,P-LCO,2.0,dCh2,train,1.1188968899800256,1.0999815523929453,-0.018915337587080305,science_lab/papers/cathode_response/revision_20260920/uncertainty25/searches/balance_aligned_late_robust_P4_first_min_seed1.json,m6p6_w034,6.6
w034,robust,P-LCO,4.0,dCh1,check,1.1095175835524622,1.0804299657458196,-0.029087617806642596,science_lab/papers/cathode_response/revision_20260920/uncertainty25/searches/balance_aligned_late_robust_P4_first_min_seed1.json,m6p6_w034,6.6
w034,robust,P-LCO,4.0,dCh2,check,1.119590945453795,1.101447560029672,-0.01814338542412286,science_lab/papers/cathode_response/revision_20260920/uncertainty25/searches/balance_aligned_late_robust_P4_first_min_seed1.json,m6p6_w034,6.6
w034,robust,N-LCO,0.2,dCh1,train,1.0021270660735158,1.0321250668606146,0.0299980007870988,science_lab/papers/cathode_response/revision_20260920/uncertainty25/searches/balance_aligned_late_robust_P4_first_min_seed1.json,m6p6_w034,6.6
w034,robust,N-LCO,0.2,dCh2,train,1.0548699940642448,1.0248719959280939,-0.029997998136150894,science_lab/papers/cathode_response/revision_20260920/uncertainty25/searches/balance_aligned_late_robust_P4_first_min_seed1.json,m6p6_w034,6.6
w034,robust,N-LCO,2.0,dCh1,train,1.0252842384911032,1.0382600355996783,0.012975797108575104,science_lab/papers/cathode_response/revision_20260920/uncertainty25/searches/balance_aligned_late_robust_P4_first_min_seed1.json,m6p6_w034,6.6
w034,robust,N-LCO,2.0,dCh2,train,1.02969348160086,1.052117542444171,0.022424060843311056,science_lab/papers/cathode_response/revision_20260920/uncertainty25/searches/balance_aligned_late_robust_P4_first_min_seed1.json,m6p6_w034,6.6
w034,robust,N-LCO,4.0,dCh1,check,1.0324750314259366,1.0312975041274128,-0.0011775272985237173,science_lab/papers/cathode_response/revision_20260920/uncertainty25/searches/balance_aligned_late_robust_P4_first_min_seed1.json,m6p6_w034,6.6
w034,robust,N-LCO,4.0,dCh2,check,1.0380410531938569,1.0458929348205517,0.007851881626694812,science_lab/papers/cathode_response/revision_20260920/uncertainty25/searches/balance_aligned_late_robust_P4_first_min_seed1.json,m6p6_w034,6.6
w035,robust,P-LCO,0.2,dCh1,train,1.0453503770924053,1.0544021644431323,0.00905178735072698,science_lab/papers/cathode_response/revision_20260920/uncertainty25/searches/balance_aligned_late_robust_b_min_seed0.json,m6p6_w035,6.6
w035,robust,P-LCO,0.2,dCh2,train,1.1142607011764938,1.0978685052723127,-0.01639219590418106,science_lab/papers/cathode_response/revision_20260920/uncertainty25/searches/balance_aligned_late_robust_b_min_seed0.json,m6p6_w035,6.6
w035,robust,P-LCO,0.5,dCh1,check,1.016764675743518,1.0372340011317738,0.020469325388255744,science_lab/papers/cathode_response/revision_20260920/uncertainty25/searches/balance_aligned_late_robust_b_min_seed0.json,m6p6_w035,6.6
w035,robust,P-LCO,0.5,dCh2,check,1.095053633162125,1.1156925329026735,0.020638899740548444,science_lab/papers/cathode_response/revision_20260920/uncertainty25/searches/balance_aligned_late_robust_b_min_seed0.json,m6p6_w035,6.6
w035,robust,P-LCO,2.0,dCh1,train,1.1117832872784075,1.0817852858911257,-0.029998001387281814,science_lab/papers/cathode_response/revision_20260920/uncertainty25/searches/balance_aligned_late_robust_b_min_seed0.json,m6p6_w035,6.6
w035,robust,P-LCO,2.0,dCh2,train,1.1188968899800256,1.0989423201353483,-0.01995456984467725,science_lab/papers/cathode_response/revision_20260920/uncertainty25/searches/balance_aligned_late_robust_b_min_seed0.json,m6p6_w035,6.6
w035,robust,P-LCO,4.0,dCh1,check,1.1095175835524622,1.0837953755114524,-0.025722208041009775,science_lab/papers/cathode_response/revision_20260920/uncertainty25/searches/balance_aligned_late_robust_b_min_seed0.json,m6p6_w035,6.6
w035,robust,P-LCO,4.0,dCh2,check,1.119590945453795,1.1038649355864878,-0.0157260098673071,science_lab/papers/cathode_response/revision_20260920/uncertainty25/searches/balance_aligned_late_robust_b_min_seed0.json,m6p6_w035,6.6
w035,robust,N-LCO,0.2,dCh1,train,1.0021270660735158,1.0321250671692317,0.02999800109571593,science_lab/papers/cathode_response/revision_20260920/uncertainty25/searches/balance_aligned_late_robust_b_min_seed0.json,m6p6_w035,6.6
w035,robust,N-LCO,0.2,dCh2,train,1.0548699940642448,1.0248719960827715,-0.02999799798147329,science_lab/papers/cathode_response/revision_20260920/uncertainty25/searches/balance_aligned_late_robust_b_min_seed0.json,m6p6_w035,6.6
w035,robust,N-LCO,2.0,dCh1,train,1.0252842384911032,1.0419588456328976,0.016674607141794473,science_lab/papers/cathode_response/revision_20260920/uncertainty25/searches/balance_aligned_late_robust_b_min_seed0.json,m6p6_w035,6.6
w035,robust,N-LCO,2.0,dCh2,train,1.02969348160086,1.0596914843624048,0.02999800276154474,science_lab/papers/cathode_response/revision_20260920/uncertainty25/searches/balance_aligned_late_robust_b_min_seed0.json,m6p6_w035,6.6
w035,robust,N-LCO,4.0,dCh1,check,1.0324750314259366,1.033156317331345,0.0006812859054083908,science_lab/papers/cathode_response/revision_20260920/uncertainty25/searches/balance_aligned_late_robust_b_min_seed0.json,m6p6_w035,6.6
w035,robust,N-LCO,4.0,dCh2,check,1.0380410531938569,1.048740258079252,0.010699204885395108,science_lab/papers/cathode_response/revision_20260920/uncertainty25/searches/balance_aligned_late_robust_b_min_seed0.json,m6p6_w035,6.6
w036,robust,P-LCO,0.2,dCh1,train,1.0453503770924053,1.0544021658311589,0.009051788738753563,science_lab/papers/cathode_response/revision_20260920/uncertainty25/searches/balance_aligned_late_robust_b_min_seed1.json,m6p6_w036,6.6
w036,robust,P-LCO,0.2,dCh2,train,1.1142607011764938,1.097868492842993,-0.016392208333500857,science_lab/papers/cathode_response/revision_20260920/uncertainty25/searches/balance_aligned_late_robust_b_min_seed1.json,m6p6_w036,6.6
w036,robust,P-LCO,0.5,dCh1,check,1.016764675743518,1.0372340188420557,0.02046934309853765,science_lab/papers/cathode_response/revision_20260920/uncertainty25/searches/balance_aligned_late_robust_b_min_seed1.json,m6p6_w036,6.6
w036,robust,P-LCO,0.5,dCh2,check,1.095053633162125,1.115692529844422,0.020638896682297014,science_lab/papers/cathode_response/revision_20260920/uncertainty25/searches/balance_aligned_late_robust_b_min_seed1.json,m6p6_w036,6.6
w036,robust,P-LCO,2.0,dCh1,train,1.1117832872784075,1.0817852938613655,-0.029997993417042013,science_lab/papers/cathode_response/revision_20260920/uncertainty25/searches/balance_aligned_late_robust_b_min_seed1.json,m6p6_w036,6.6
w036,robust,P-LCO,2.0,dCh2,train,1.1188968899800256,1.098942326196203,-0.019954563783822543,science_lab/papers/cathode_response/revision_20260920/uncertainty25/searches/balance_aligned_late_robust_b_min_seed1.json,m6p6_w036,6.6
w036,robust,P-LCO,4.0,dCh1,check,1.1095175835524622,1.0837953698175913,-0.025722213734870936,science_lab/papers/cathode_response/revision_20260920/uncertainty25/searches/balance_aligned_late_robust_b_min_seed1.json,m6p6_w036,6.6
w036,robust,P-LCO,4.0,dCh2,check,1.119590945453795,1.1038649240473135,-0.015726021406481383,science_lab/papers/cathode_response/revision_20260920/uncertainty25/searches/balance_aligned_late_robust_b_min_seed1.json,m6p6_w036,6.6
w036,robust,N-LCO,0.2,dCh1,train,1.0021270660735158,1.0321250669582454,0.029998000884729592,science_lab/papers/cathode_response/revision_20260920/uncertainty25/searches/balance_aligned_late_robust_b_min_seed1.json,m6p6_w036,6.6
w036,robust,N-LCO,0.2,dCh2,train,1.0548699940642448,1.0248719955478611,-0.029997998516383628,science_lab/papers/cathode_response/revision_20260920/uncertainty25/searches/balance_aligned_late_robust_b_min_seed1.json,m6p6_w036,6.6
w036,robust,N-LCO,2.0,dCh1,train,1.0252842384911032,1.0419588661254997,0.016674627634396533,science_lab/papers/cathode_response/revision_20260920/uncertainty25/searches/balance_aligned_late_robust_b_min_seed1.json,m6p6_w036,6.6
w036,robust,N-LCO,2.0,dCh2,train,1.02969348160086,1.059691519473263,0.02999803787240296,science_lab/papers/cathode_response/revision_20260920/uncertainty25/searches/balance_aligned_late_robust_b_min_seed1.json,m6p6_w036,6.6
w036,robust,N-LCO,4.0,dCh1,check,1.0324750314259366,1.033156331570661,0.0006813001447243394,science_lab/papers/cathode_response/revision_20260920/uncertainty25/searches/balance_aligned_late_robust_b_min_seed1.json,m6p6_w036,6.6
w036,robust,N-LCO,4.0,dCh2,check,1.0380410531938569,1.0487402795555263,0.010699226361669423,science_lab/papers/cathode_response/revision_20260920/uncertainty25/searches/balance_aligned_late_robust_b_min_seed1.json,m6p6_w036,6.6
w037,published,P-LCO,0.2,dCh1,train,1.046875,1.0701867511838157,0.023311751183815677,science_lab/papers/cathode_response/revision_20260920/counterexample28/searches/published_min_seed0.json,m6p6_w037,6.6
w037,published,P-LCO,0.2,dCh2,train,1.13171875,1.1361947971736688,0.0044760471736686736,science_lab/papers/cathode_response/revision_20260920/counterexample28/searches/published_min_seed0.json,m6p6_w037,6.6
w037,published,P-LCO,0.5,dCh1,check,1.0293294030950626,1.0227834679258305,-0.0065459351692320755,science_lab/papers/cathode_response/revision_20260920/counterexample28/searches/published_min_seed0.json,m6p6_w037,6.6
w037,published,P-LCO,0.5,dCh2,check,1.1516580692704494,1.1337151444921643,-0.017942924778285185,science_lab/papers/cathode_response/revision_20260920/counterexample28/searches/published_min_seed0.json,m6p6_w037,6.6
w037,published,P-LCO,2.0,dCh1,train,1.1113235294117647,1.1245267306765188,0.01320320126475405,science_lab/papers/cathode_response/revision_20260920/counterexample28/searches/published_min_seed0.json,m6p6_w037,6.6
w037,published,P-LCO,2.0,dCh2,train,1.1247058823529412,1.1529511590160517,0.028245276663110497,science_lab/papers/cathode_response/revision_20260920/counterexample28/searches/published_min_seed0.json,m6p6_w037,6.6
w037,published,P-LCO,4.0,dCh1,check,1.123355946282708,1.1091824048874497,-0.014173541395258393,science_lab/papers/cathode_response/revision_20260920/counterexample28/searches/published_min_seed0.json,m6p6_w037,6.6
w037,published,P-LCO,4.0,dCh2,check,1.1635054686418387,1.1374427142071892,-0.02606275443464945,science_lab/papers/cathode_response/revision_20260920/counterexample28/searches/published_min_seed0.json,m6p6_w037,6.6
w037,published,N-LCO,0.2,dCh1,train,1.0086092715231787,0.9898069506465853,-0.018802320876593392,science_lab/papers/cathode_response/revision_20260920/counterexample28/searches/published_min_seed0.json,m6p6_w037,6.6
w037,published,N-LCO,0.2,dCh2,train,1.0,0.9812350490328565,-0.01876495096714348,science_lab/papers/cathode_response/revision_20260920/counterexample28/searches/published_min_seed0.json,m6p6_w037,6.6
w037,published,N-LCO,2.0,dCh1,train,1.0255596391580355,1.0373876065890493,0.011827967431013775,science_lab/papers/cathode_response/revision_20260920/counterexample28/searches/published_min_seed0.json,m6p6_w037,6.6
w037,published,N-LCO,2.0,dCh2,train,1.0304042766455062,1.0344718643188084,0.004067587673302286,science_lab/papers/cathode_response/revision_20260920/counterexample28/searches/published_min_seed0.json,m6p6_w037,6.6
w037,published,N-LCO,4.0,dCh1,check,1.046460550768711,1.0482691375503013,0.0018085867815902379,science_lab/papers/cathode_response/revision_20260920/counterexample28/searches/published_min_seed0.json,m6p6_w037,6.6
w037,published,N-LCO,4.0,dCh2,check,1.0393647575603988,1.0655348535920957,0.026170096031696843,science_lab/papers/cathode_response/revision_20260920/counterexample28/searches/published_min_seed0.json,m6p6_w037,6.6
w038,published,P-LCO,0.2,dCh1,train,1.046875,1.0768730032050498,0.02999800320504975,science_lab/papers/cathode_response/revision_20260920/counterexample28/searches/published_max_seed0.json,m6p6_w038,6.6
w038,published,P-LCO,0.2,dCh2,train,1.13171875,1.144715358248976,0.01299660824897586,science_lab/papers/cathode_response/revision_20260920/counterexample28/searches/published_max_seed0.json,m6p6_w038,6.6
w038,published,P-LCO,0.5,dCh1,check,1.0293294030950626,1.0311440734744877,0.0018146703794250651,science_lab/papers/cathode_response/revision_20260920/counterexample28/searches/published_max_seed0.json,m6p6_w038,6.6
w038,published,P-LCO,0.5,dCh2,check,1.1516580692704494,1.1441647297153608,-0.007493339555088685,science_lab/papers/cathode_response/revision_20260920/counterexample28/searches/published_max_seed0.json,m6p6_w038,6.6
w038,published,P-LCO,2.0,dCh1,train,1.1113235294117647,1.127607101171391,0.01628357175962636,science_lab/papers/cathode_response/revision_20260920/counterexample28/searches/published_max_seed0.json,m6p6_w038,6.6
w038,published,P-LCO,2.0,dCh2,train,1.1247058823529412,1.1547038821151072,0.029997999762165994,science_lab/papers/cathode_response/revision_20260920/counterexample28/searches/published_max_seed0.json,m6p6_w038,6.6
w038,published,P-LCO,4.0,dCh1,check,1.123355946282708,1.111173793128336,-0.012182153154371989,science_lab/papers/cathode_response/revision_20260920/counterexample28/searches/published_max_seed0.json,m6p6_w038,6.6
w038,published,P-LCO,4.0,dCh2,check,1.1635054686418387,1.1374269566904607,-0.026078511951378003,science_lab/papers/cathode_response/revision_20260920/counterexample28/searches/published_max_seed0.json,m6p6_w038,6.6
w038,published,N-LCO,0.2,dCh1,train,1.0086092715231787,0.9786112718509034,-0.029997999672275344,science_lab/papers/cathode_response/revision_20260920/counterexample28/searches/published_max_seed0.json,m6p6_w038,6.6
w038,published,N-LCO,0.2,dCh2,train,1.0,0.9700020000115431,-0.02999799998845687,science_lab/papers/cathode_response/revision_20260920/counterexample28/searches/published_max_seed0.json,m6p6_w038,6.6
w038,published,N-LCO,2.0,dCh1,train,1.0255596391580355,1.0329888059590138,0.007429166800978271,science_lab/papers/cathode_response/revision_20260920/counterexample28/searches/published_max_seed0.json,m6p6_w038,6.6
w038,published,N-LCO,2.0,dCh2,train,1.0304042766455062,1.0262085926322826,-0.004195684013223566,science_lab/papers/cathode_response/revision_20260920/counterexample28/searches/published_max_seed0.json,m6p6_w038,6.6
w038,published,N-LCO,4.0,dCh1,check,1.046460550768711,1.0489985887053384,0.0025380379366273242,science_lab/papers/cathode_response/revision_20260920/counterexample28/searches/published_max_seed0.json,m6p6_w038,6.6
w038,published,N-LCO,4.0,dCh2,check,1.0393647575603988,1.0653506500628351,0.025985892502436325,science_lab/papers/cathode_response/revision_20260920/counterexample28/searches/published_max_seed0.json,m6p6_w038,6.6
w039,published,P-LCO,0.2,dCh1,train,1.046875,1.076866645702369,0.029991645702369008,science_lab/papers/cathode_response/revision_20260920/counterexample28/searches/published_max_seed0.json,m6p6_w039,6.6
w039,published,P-LCO,0.2,dCh2,train,1.13171875,1.144706660144944,0.012987910144943937,science_lab/papers/cathode_response/revision_20260920/counterexample28/searches/published_max_seed0.json,m6p6_w039,6.6
w039,published,P-LCO,0.5,dCh1,check,1.0293294030950626,1.0311378693419142,0.0018084662468516033,science_lab/papers/cathode_response/revision_20260920/counterexample28/searches/published_max_seed0.json,m6p6_w039,6.6
w039,published,P-LCO,0.5,dCh2,check,1.1516580692704494,1.1441556739495116,-0.007502395320937882,science_lab/papers/cathode_response/revision_20260920/counterexample28/searches/published_max_seed0.json,m6p6_w039,6.6
w039,published,P-LCO,2.0,dCh1,train,1.1113235294117647,1.127603613032716,0.016280083620951347,science_lab/papers/cathode_response/revision_20260920/counterexample28/searches/published_max_seed0.json,m6p6_w039,6.6
w039,published,P-LCO,2.0,dCh2,train,1.1247058823529412,1.1547005286487042,0.029994646295762983,science_lab/papers/cathode_response/revision_20260920/counterexample28/searches/published_max_seed0.json,m6p6_w039,6.6
w039,published,P-LCO,4.0,dCh1,check,1.123355946282708,1.1111716118816388,-0.012184334401069252,science_lab/papers/cathode_response/revision_20260920/counterexample28/searches/published_max_seed0.json,m6p6_w039,6.6
w039,published,P-LCO,4.0,dCh2,check,1.1635054686418387,1.1374253261491805,-0.02608014249265822,science_lab/papers/cathode_response/revision_20260920/counterexample28/searches/published_max_seed0.json,m6p6_w039,6.6
w039,published,N-LCO,0.2,dCh1,train,1.0086092715231787,0.978613774453877,-0.029995497069301713,science_lab/papers/cathode_response/revision_20260920/counterexample28/searches/published_max_seed0.json,m6p6_w039,6.6
w039,published,N-LCO,0.2,dCh2,train,1.0,0.9700052654235773,-0.029994734576422655,science_lab/papers/cathode_response/revision_20260920/counterexample28/searches/published_max_seed0.json,m6p6_w039,6.6
w039,published,N-LCO,2.0,dCh1,train,1.0255596391580355,1.032986935138489,0.007427295980453552,science_lab/papers/cathode_response/revision_20260920/counterexample28/searches/published_max_seed0.json,m6p6_w039,6.6
w039,published,N-LCO,2.0,dCh2,train,1.0304042766455062,1.0262075625616613,-0.00419671408384481,science_lab/papers/cathode_response/revision_20260920/counterexample28/searches/published_max_seed0.json,m6p6_w039,6.6
w039,published,N-LCO,4.0,dCh1,check,1.046460550768711,1.048995703620104,0.002535152851393052,science_lab/papers/cathode_response/revision_20260920/counterexample28/searches/published_max_seed0.json,m6p6_w039,6.6
w039,published,N-LCO,4.0,dCh2,check,1.0393647575603988,1.0653469126711599,0.025982155110761074,science_lab/papers/cathode_response/revision_20260920/counterexample28/searches/published_max_seed0.json,m6p6_w039,6.6
w040,ordinary,P-LCO,0.2,dCh1,train,1.0352079988263148,1.0330880711624202,-0.002119927663894572,science_lab/papers/cathode_response/revision_20260920/counterexample28/searches/ordinary_min_seed0.json,m6p6_w040,6.6
w040,ordinary,P-LCO,0.2,dCh2,train,1.0946896141019296,1.0646916184200896,-0.029997995681839917,science_lab/papers/cathode_response/revision_20260920/counterexample28/searches/ordinary_min_seed0.json,m6p6_w040,6.6
w040,ordinary,P-LCO,0.5,dCh1,check,1.0111612229645737,1.0237290582511651,0.012567835286591444,science_lab/papers/cathode_response/revision_20260920/counterexample28/searches/ordinary_min_seed0.json,m6p6_w040,6.6
w040,ordinary,P-LCO,0.5,dCh2,check,1.092314263673691,1.079894286893223,-0.012419976780468023,science_lab/papers/cathode_response/revision_20260920/counterexample28/searches/ordinary_min_seed0.json,m6p6_w040,6.6
w040,ordinary,P-LCO,2.0,dCh1,train,1.101360751606481,1.071362754354215,-0.02999799725226593,science_lab/papers/cathode_response/revision_20260920/counterexample28/searches/ordinary_min_seed0.json,m6p6_w040,6.6
w040,ordinary,P-LCO,2.0,dCh2,train,1.1081470881349442,1.085528758372089,-0.02261832976285527,science_lab/papers/cathode_response/revision_20260920/counterexample28/searches/ordinary_min_seed0.json,m6p6_w040,6.6
w040,ordinary,P-LCO,4.0,dCh1,check,1.0943594437669857,1.067392791765237,-0.026966652001748637,science_lab/papers/cathode_response/revision_20260920/counterexample28/searches/ordinary_min_seed0.json,m6p6_w040,6.6
w040,ordinary,P-LCO,4.0,dCh2,check,1.1045321963996184,1.082636204851745,-0.02189599154787336,science_lab/papers/cathode_response/revision_20260920/counterexample28/searches/ordinary_min_seed0.json,m6p6_w040,6.6
w040,ordinary,N-LCO,0.2,dCh1,train,1.0021618079950132,1.032159808345874,0.029998000350860865,science_lab/papers/cathode_response/revision_20260920/counterexample28/searches/ordinary_min_seed0.json,m6p6_w040,6.6
w040,ordinary,N-LCO,0.2,dCh2,train,1.0542202875094844,1.0242223023288177,-0.029997985180666653,science_lab/papers/cathode_response/revision_20260920/counterexample28/searches/ordinary_min_seed0.json,m6p6_w040,6.6
w040,ordinary,N-LCO,2.0,dCh1,train,1.025318751306497,1.0429688398710932,0.017650088564596267,science_lab/papers/cathode_response/revision_20260920/counterexample28/searches/ordinary_min_seed0.json,m6p6_w040,6.6
w040,ordinary,N-LCO,2.0,dCh2,train,1.030666033295323,1.060664034117954,0.029998000822631044,science_lab/papers/cathode_response/revision_20260920/counterexample28/searches/ordinary_min_seed0.json,m6p6_w040,6.6
w040,ordinary,N-LCO,4.0,dCh1,check,1.0296564425945025,1.035460742740122,0.00580430014561939,science_lab/papers/cathode_response/revision_20260920/counterexample28/searches/ordinary_min_seed0.json,m6p6_w040,6.6
w040,ordinary,N-LCO,4.0,dCh2,check,1.0375876232087635,1.0518375445769916,0.014249921368228113,science_lab/papers/cathode_response/revision_20260920/counterexample28/searches/ordinary_min_seed0.json,m6p6_w040,6.6
w041,ordinary,P-LCO,0.2,dCh1,train,1.0352079988263148,1.0330880706024208,-0.002119928223893952,science_lab/papers/cathode_response/revision_20260920/counterexample28/searches/ordinary_min_seed1.json,m6p6_w041,6.6
w041,ordinary,P-LCO,0.2,dCh2,train,1.0946896141019296,1.0646916180627712,-0.029997996039158314,science_lab/papers/cathode_response/revision_20260920/counterexample28/searches/ordinary_min_seed1.json,m6p6_w041,6.6
w041,ordinary,P-LCO,0.5,dCh1,check,1.0111612229645737,1.0237290596369923,0.012567836672418675,science_lab/papers/cathode_response/revision_20260920/counterexample28/searches/ordinary_min_seed1.json,m6p6_w041,6.6
w041,ordinary,P-LCO,0.5,dCh2,check,1.092314263673691,1.0798942861842136,-0.01241997748947754,science_lab/papers/cathode_response/revision_20260920/counterexample28/searches/ordinary_min_seed1.json,m6p6_w041,6.6
w041,ordinary,P-LCO,2.0,dCh1,train,1.101360751606481,1.071362752624474,-0.029997998982006946,science_lab/papers/cathode_response/revision_20260920/counterexample28/searches/ordinary_min_seed1.json,m6p6_w041,6.6
w041,ordinary,P-LCO,2.0,dCh2,train,1.1081470881349442,1.0855287556973672,-0.02261833243757705,science_lab/papers/cathode_response/revision_20260920/counterexample28/searches/ordinary_min_seed1.json,m6p6_w041,6.6
w041,ordinary,P-LCO,4.0,dCh1,check,1.0943594437669857,1.0673927904529887,-0.026966653313996947,science_lab/papers/cathode_response/revision_20260920/counterexample28/searches/ordinary_min_seed1.json,m6p6_w041,6.6
w041,ordinary,P-LCO,4.0,dCh2,check,1.1045321963996184,1.0826362027406309,-0.021895993658987534,science_lab/papers/cathode_response/revision_20260920/counterexample28/searches/ordinary_min_seed1.json,m6p6_w041,6.6
w041,ordinary,N-LCO,0.2,dCh1,train,1.0021618079950132,1.0321598083958534,0.02999800040084022,science_lab/papers/cathode_response/revision_20260920/counterexample28/searches/ordinary_min_seed1.json,m6p6_w041,6.6
w041,ordinary,N-LCO,0.2,dCh2,train,1.0542202875094844,1.0242222906420744,-0.029997996867410004,science_lab/papers/cathode_response/revision_20260920/counterexample28/searches/ordinary_min_seed1.json,m6p6_w041,6.6
w041,ordinary,N-LCO,2.0,dCh1,train,1.025318751306497,1.0429688416892426,0.017650090382745676,science_lab/papers/cathode_response/revision_20260920/counterexample28/searches/ordinary_min_seed1.json,m6p6_w041,6.6
w041,ordinary,N-LCO,2.0,dCh2,train,1.030666033295323,1.0606640364875182,0.029998003192195144,science_lab/papers/cathode_response/revision_20260920/counterexample28/searches/ordinary_min_seed1.json,m6p6_w041,6.6
w041,ordinary,N-LCO,4.0,dCh1,check,1.0296564425945025,1.035460744044151,0.005804301449648497,science_lab/papers/cathode_response/revision_20260920/counterexample28/searches/ordinary_min_seed1.json,m6p6_w041,6.6
w041,ordinary,N-LCO,4.0,dCh2,check,1.0375876232087635,1.0518375461734293,0.014249922964665762,science_lab/papers/cathode_response/revision_20260920/counterexample28/searches/ordinary_min_seed1.json,m6p6_w041,6.6
w042,ordinary,P-LCO,0.2,dCh1,train,1.0352079988263148,1.0547361025924038,0.019528103766089044,science_lab/papers/cathode_response/revision_20260920/counterexample28/searches/ordinary_max_seed0.json,m6p6_w042,6.6
w042,ordinary,P-LCO,0.2,dCh2,train,1.0946896141019296,1.0758244000752775,-0.01886521402665209,science_lab/papers/cathode_response/revision_20260920/counterexample28/searches/ordinary_max_seed0.json,m6p6_w042,6.6
w042,ordinary,P-LCO,0.5,dCh1,check,1.0111612229645737,1.0411592240737253,0.02999800110915163,science_lab/papers/cathode_response/revision_20260920/counterexample28/searches/ordinary_max_seed0.json,m6p6_w042,6.6
w042,ordinary,P-LCO,0.5,dCh2,check,1.092314263673691,1.0820179000408559,-0.01029636363283526,science_lab/papers/cathode_response/revision_20260920/counterexample28/searches/ordinary_max_seed0.json,m6p6_w042,6.6
w042,ordinary,P-LCO,2.0,dCh1,train,1.101360751606481,1.10773270225399,0.0063719506475090615,science_lab/papers/cathode_response/revision_20260920/counterexample28/searches/ordinary_max_seed0.json,m6p6_w042,6.6
w042,ordinary,P-LCO,2.0,dCh2,train,1.1081470881349442,1.1381450901764258,0.02999800204148162,science_lab/papers/cathode_response/revision_20260920/counterexample28/searches/ordinary_max_seed0.json,m6p6_w042,6.6
w042,ordinary,P-LCO,4.0,dCh1,check,1.0943594437669857,1.0643614442125027,-0.029997999554483012,science_lab/papers/cathode_response/revision_20260920/counterexample28/searches/ordinary_max_seed0.json,m6p6_w042,6.6
w042,ordinary,P-LCO,4.0,dCh2,check,1.1045321963996184,1.0978011256004705,-0.00673107079914792,science_lab/papers/cathode_response/revision_20260920/counterexample28/searches/ordinary_max_seed0.json,m6p6_w042,6.6
w042,ordinary,N-LCO,0.2,dCh1,train,1.0021618079950132,1.0109084762189393,0.008746668223926113,science_lab/papers/cathode_response/revision_20260920/counterexample28/searches/ordinary_max_seed0.json,m6p6_w042,6.6
w042,ordinary,N-LCO,0.2,dCh2,train,1.0542202875094844,1.0242222877257496,-0.02999799978373474,science_lab/papers/cathode_response/revision_20260920/counterexample28/searches/ordinary_max_seed0.json,m6p6_w042,6.6
w042,ordinary,N-LCO,2.0,dCh1,train,1.025318751306497,1.0281238815966383,0.002805130290141289,science_lab/papers/cathode_response/revision_20260920/counterexample28/searches/ordinary_max_seed0.json,m6p6_w042,6.6
w042,ordinary,N-LCO,2.0,dCh2,train,1.030666033295323,1.0457416102337924,0.015075576938469393,science_lab/papers/cathode_response/revision_20260920/counterexample28/searches/ordinary_max_seed0.json,m6p6_w042,6.6
w042,ordinary,N-LCO,4.0,dCh1,check,1.0296564425945025,1.0191036065260195,-0.010552836068483007,science_lab/papers/cathode_response/revision_20260920/counterexample28/searches/ordinary_max_seed0.json,m6p6_w042,6.6
w042,ordinary,N-LCO,4.0,dCh2,check,1.0375876232087635,1.0293339305579476,-0.00825369265081588,science_lab/papers/cathode_response/revision_20260920/counterexample28/searches/ordinary_max_seed0.json,m6p6_w042,6.6
w043,ordinary,P-LCO,0.2,dCh1,train,1.0352079988263148,1.0547361024829536,0.019528103656638818,science_lab/papers/cathode_response/revision_20260920/counterexample28/searches/ordinary_max_seed0.json,m6p6_w043,6.6
w043,ordinary,P-LCO,0.2,dCh2,train,1.0946896141019296,1.0758243999926242,-0.018865214109305306,science_lab/papers/cathode_response/revision_20260920/counterexample28/searches/ordinary_max_seed0.json,m6p6_w043,6.6
w043,ordinary,P-LCO,0.5,dCh1,check,1.0111612229645737,1.0411592239730827,0.029998001008509023,science_lab/papers/cathode_response/revision_20260920/counterexample28/searches/ordinary_max_seed0.json,m6p6_w043,6.6
w043,ordinary,P-LCO,0.5,dCh2,check,1.092314263673691,1.082017878348152,-0.010296385325539115,science_lab/papers/cathode_response/revision_20260920/counterexample28/searches/ordinary_max_seed0.json,m6p6_w043,6.6
w043,ordinary,P-LCO,2.0,dCh1,train,1.101360751606481,1.1077327023671817,0.00637195076070074,science_lab/papers/cathode_response/revision_20260920/counterexample28/searches/ordinary_max_seed0.json,m6p6_w043,6.6
w043,ordinary,P-LCO,2.0,dCh2,train,1.1081470881349442,1.1381450903241592,0.029998002189215,science_lab/papers/cathode_response/revision_20260920/counterexample28/searches/ordinary_max_seed0.json,m6p6_w043,6.6
w043,ordinary,P-LCO,4.0,dCh1,check,1.0943594437669857,1.064361444303535,-0.02999799946345072,science_lab/papers/cathode_response/revision_20260920/counterexample28/searches/ordinary_max_seed0.json,m6p6_w043,6.6
w043,ordinary,P-LCO,4.0,dCh2,check,1.1045321963996184,1.0978011256926945,-0.006731070706923914,science_lab/papers/cathode_response/revision_20260920/counterexample28/searches/ordinary_max_seed0.json,m6p6_w043,6.6
w043,ordinary,N-LCO,0.2,dCh1,train,1.0021618079950132,1.0109084762346894,0.00874666823967618,science_lab/papers/cathode_response/revision_20260920/counterexample28/searches/ordinary_max_seed0.json,m6p6_w043,6.6
w043,ordinary,N-LCO,0.2,dCh2,train,1.0542202875094844,1.0242222877208818,-0.029997999788602625,science_lab/papers/cathode_response/revision_20260920/counterexample28/searches/ordinary_max_seed0.json,m6p6_w043,6.6
w043,ordinary,N-LCO,2.0,dCh1,train,1.025318751306497,1.0281238806764748,0.002805129369977788,science_lab/papers/cathode_response/revision_20260920/counterexample28/searches/ordinary_max_seed0.json,m6p6_w043,6.6
w043,ordinary,N-LCO,2.0,dCh2,train,1.030666033295323,1.045741609230141,0.015075575934818009,science_lab/papers/cathode_response/revision_20260920/counterexample28/searches/ordinary_max_seed0.json,m6p6_w043,6.6
w043,ordinary,N-LCO,4.0,dCh1,check,1.0296564425945025,1.0191036057275267,-0.010552836866975834,science_lab/papers/cathode_response/revision_20260920/counterexample28/searches/ordinary_max_seed0.json,m6p6_w043,6.6
w043,ordinary,N-LCO,4.0,dCh2,check,1.0375876232087635,1.0293339284530436,-0.00825369475571991,science_lab/papers/cathode_response/revision_20260920/counterexample28/searches/ordinary_max_seed0.json,m6p6_w043,6.6
w044,ordinary,P-LCO,0.2,dCh1,train,1.0352079988263148,1.0547361032266296,0.019528104400314827,science_lab/papers/cathode_response/revision_20260920/counterexample28/searches/ordinary_max_seed1.json,m6p6_w044,6.6
w044,ordinary,P-LCO,0.2,dCh2,train,1.0946896141019296,1.0758243984722782,-0.018865215629651377,science_lab/papers/cathode_response/revision_20260920/counterexample28/searches/ordinary_max_seed1.json,m6p6_w044,6.6
w044,ordinary,P-LCO,0.5,dCh1,check,1.0111612229645737,1.0411592260125384,0.02999800304796474,science_lab/papers/cathode_response/revision_20260920/counterexample28/searches/ordinary_max_seed1.json,m6p6_w044,6.6
w044,ordinary,P-LCO,0.5,dCh2,check,1.092314263673691,1.0820178765435673,-0.010296387130123819,science_lab/papers/cathode_response/revision_20260920/counterexample28/searches/ordinary_max_seed1.json,m6p6_w044,6.6
w044,ordinary,P-LCO,2.0,dCh1,train,1.101360751606481,1.107732703550605,0.006371951944124099,science_lab/papers/cathode_response/revision_20260920/counterexample28/searches/ordinary_max_seed1.json,m6p6_w044,6.6
w044,ordinary,P-LCO,2.0,dCh2,train,1.1081470881349442,1.1381450909705904,0.02999800283564613,science_lab/papers/cathode_response/revision_20260920/counterexample28/searches/ordinary_max_seed1.json,m6p6_w044,6.6
w044,ordinary,P-LCO,4.0,dCh1,check,1.0943594437669857,1.0643614442537592,-0.02999799951322646,science_lab/papers/cathode_response/revision_20260920/counterexample28/searches/ordinary_max_seed1.json,m6p6_w044,6.6
w044,ordinary,P-LCO,4.0,dCh2,check,1.1045321963996184,1.0978011258431983,-0.006731070556420082,science_lab/papers/cathode_response/revision_20260920/counterexample28/searches/ordinary_max_seed1.json,m6p6_w044,6.6
w044,ordinary,N-LCO,0.2,dCh1,train,1.0021618079950132,1.0109084759082774,0.008746667913264172,science_lab/papers/cathode_response/revision_20260920/counterexample28/searches/ordinary_max_seed1.json,m6p6_w044,6.6
w044,ordinary,N-LCO,0.2,dCh2,train,1.0542202875094844,1.0242222868259387,-0.029998000683545634,science_lab/papers/cathode_response/revision_20260920/counterexample28/searches/ordinary_max_seed1.json,m6p6_w044,6.6
w044,ordinary,N-LCO,2.0,dCh1,train,1.025318751306497,1.0281238804819113,0.0028051291754143115,science_lab/papers/cathode_response/revision_20260920/counterexample28/searches/ordinary_max_seed1.json,m6p6_w044,6.6
w044,ordinary,N-LCO,2.0,dCh2,train,1.030666033295323,1.0457416088981386,0.015075575602815583,science_lab/papers/cathode_response/revision_20260920/counterexample28/searches/ordinary_max_seed1.json,m6p6_w044,6.6
w044,ordinary,N-LCO,4.0,dCh1,check,1.0296564425945025,1.0191036051318423,-0.010552837462660225,science_lab/papers/cathode_response/revision_20260920/counterexample28/searches/ordinary_max_seed1.json,m6p6_w044,6.6
w044,ordinary,N-LCO,4.0,dCh2,check,1.0375876232087635,1.0293339286597996,-0.008253694548963963,science_lab/papers/cathode_response/revision_20260920/counterexample28/searches/ordinary_max_seed1.json,m6p6_w044,6.6
w045,ordinary,P-LCO,0.2,dCh1,train,1.0352079988263148,1.0456603964502698,0.010452397623955001,science_lab/papers/cathode_response/revision_20260920/counterexample28/searches/ordinary_max_seed1.json,m6p6_w045,6.6
w045,ordinary,P-LCO,0.2,dCh2,train,1.0946896141019296,1.0982226037640217,0.0035329896620921453,science_lab/papers/cathode_response/revision_20260920/counterexample28/searches/ordinary_max_seed1.json,m6p6_w045,6.6
w045,ordinary,P-LCO,0.5,dCh1,check,1.0111612229645737,1.0226580844004716,0.011496861435897898,science_lab/papers/cathode_response/revision_20260920/counterexample28/searches/ordinary_max_seed1.json,m6p6_w045,6.6
w045,ordinary,P-LCO,0.5,dCh2,check,1.092314263673691,1.116125016523843,0.023810752850151884,science_lab/papers/cathode_response/revision_20260920/counterexample28/searches/ordinary_max_seed1.json,m6p6_w045,6.6
w045,ordinary,P-LCO,2.0,dCh1,train,1.101360751606481,1.1033103300751685,0.001949578468687596,science_lab/papers/cathode_response/revision_20260920/counterexample28/searches/ordinary_max_seed1.json,m6p6_w045,6.6
w045,ordinary,P-LCO,2.0,dCh2,train,1.1081470881349442,1.134663786226441,0.026516698091496815,science_lab/papers/cathode_response/revision_20260920/counterexample28/searches/ordinary_max_seed1.json,m6p6_w045,6.6
w045,ordinary,P-LCO,4.0,dCh1,check,1.0943594437669857,1.0858577227955684,-0.008501720971417326,science_lab/papers/cathode_response/revision_20260920/counterexample28/searches/ordinary_max_seed1.json,m6p6_w045,6.6
w045,ordinary,P-LCO,4.0,dCh2,check,1.1045321963996184,1.1196073540015694,0.015075157601950995,science_lab/papers/cathode_response/revision_20260920/counterexample28/searches/ordinary_max_seed1.json,m6p6_w045,6.6
w045,ordinary,N-LCO,0.2,dCh1,train,1.0021618079950132,1.016229837535399,0.014068029540385885,science_lab/papers/cathode_response/revision_20260920/counterexample28/searches/ordinary_max_seed1.json,m6p6_w045,6.6
w045,ordinary,N-LCO,0.2,dCh2,train,1.0542202875094844,1.0293737208108098,-0.024846566698674577,science_lab/papers/cathode_response/revision_20260920/counterexample28/searches/ordinary_max_seed1.json,m6p6_w045,6.6
w045,ordinary,N-LCO,2.0,dCh1,train,1.025318751306497,1.0298613964059127,0.00454264509941571,science_lab/papers/cathode_response/revision_20260920/counterexample28/searches/ordinary_max_seed1.json,m6p6_w045,6.6
w045,ordinary,N-LCO,2.0,dCh2,train,1.030666033295323,1.0450801183867948,0.014414085091471796,science_lab/papers/cathode_response/revision_20260920/counterexample28/searches/ordinary_max_seed1.json,m6p6_w045,6.6
w045,ordinary,N-LCO,4.0,dCh1,check,1.0296564425945025,1.0219824873010195,-0.007673955293483026,science_lab/papers/cathode_response/revision_20260920/counterexample28/searches/ordinary_max_seed1.json,m6p6_w045,6.6
w045,ordinary,N-LCO,4.0,dCh2,check,1.0375876232087635,1.0332610623767986,-0.004326560831964921,science_lab/papers/cathode_response/revision_20260920/counterexample28/searches/ordinary_max_seed1.json,m6p6_w045,6.6
w046,robust,P-LCO,0.2,dCh1,train,1.0453503770924053,1.044331256424066,-0.0010191206683392018,science_lab/papers/cathode_response/revision_20260920/counterexample28/searches/robust_min_seed0.json,m6p6_w046,6.6
w046,robust,P-LCO,0.2,dCh2,train,1.1142607011764938,1.084262706648992,-0.029997994527501737,science_lab/papers/cathode_response/revision_20260920/counterexample28/searches/robust_min_seed0.json,m6p6_w046,6.6
w046,robust,P-LCO,0.5,dCh1,check,1.016764675743518,1.0294111409362747,0.012646465192756695,science_lab/papers/cathode_response/revision_20260920/counterexample28/searches/robust_min_seed0.json,m6p6_w046,6.6
w046,robust,P-LCO,0.5,dCh2,check,1.095053633162125,1.100818893422234,0.00576526026010904,science_lab/papers/cathode_response/revision_20260920/counterexample28/searches/robust_min_seed0.json,m6p6_w046,6.6
w046,robust,P-LCO,2.0,dCh1,train,1.1117832872784075,1.081785283212719,-0.02999800406568842,science_lab/papers/cathode_response/revision_20260920/counterexample28/searches/robust_min_seed0.json,m6p6_w046,6.6
w046,robust,P-LCO,2.0,dCh2,train,1.1188968899800256,1.0992419987879003,-0.019654891192125268,science_lab/papers/cathode_response/revision_20260920/counterexample28/searches/robust_min_seed0.json,m6p6_w046,6.6
w046,robust,P-LCO,4.0,dCh1,check,1.1095175835524622,1.0806766630021793,-0.028840920550282867,science_lab/papers/cathode_response/revision_20260920/counterexample28/searches/robust_min_seed0.json,m6p6_w046,6.6
w046,robust,P-LCO,4.0,dCh2,check,1.119590945453795,1.1005340351233595,-0.01905691033043544,science_lab/papers/cathode_response/revision_20260920/counterexample28/searches/robust_min_seed0.json,m6p6_w046,6.6
w046,robust,N-LCO,0.2,dCh1,train,1.0021270660735158,1.0321250689438544,0.029998002870338603,science_lab/papers/cathode_response/revision_20260920/counterexample28/searches/robust_min_seed0.json,m6p6_w046,6.6
w046,robust,N-LCO,0.2,dCh2,train,1.0548699940642448,1.0248719963741226,-0.029997997690122125,science_lab/papers/cathode_response/revision_20260920/counterexample28/searches/robust_min_seed0.json,m6p6_w046,6.6
w046,robust,N-LCO,2.0,dCh1,train,1.0252842384911032,1.0422533459047725,0.016969107413669304,science_lab/papers/cathode_response/revision_20260920/counterexample28/searches/robust_min_seed0.json,m6p6_w046,6.6
w046,robust,N-LCO,2.0,dCh2,train,1.02969348160086,1.0596914812335656,0.029997999632705552,science_lab/papers/cathode_response/revision_20260920/counterexample28/searches/robust_min_seed0.json,m6p6_w046,6.6
w046,robust,N-LCO,4.0,dCh1,check,1.0324750314259366,1.0338443859056883,0.0013693544797517276,science_lab/papers/cathode_response/revision_20260920/counterexample28/searches/robust_min_seed0.json,m6p6_w046,6.6
w046,robust,N-LCO,4.0,dCh2,check,1.0380410531938569,1.0497980183443893,0.011756965150532483,science_lab/papers/cathode_response/revision_20260920/counterexample28/searches/robust_min_seed0.json,m6p6_w046,6.6
w047,robust,P-LCO,0.2,dCh1,train,1.0453503770924053,1.0443312560985194,-0.0010191209938859025,science_lab/papers/cathode_response/revision_20260920/counterexample28/searches/robust_min_seed1.json,m6p6_w047,6.6
w047,robust,P-LCO,0.2,dCh2,train,1.1142607011764938,1.0842627065373636,-0.02999799463913022,science_lab/papers/cathode_response/revision_20260920/counterexample28/searches/robust_min_seed1.json,m6p6_w047,6.6
w047,robust,P-LCO,0.5,dCh1,check,1.016764675743518,1.0294111381448738,0.012646462401355807,science_lab/papers/cathode_response/revision_20260920/counterexample28/searches/robust_min_seed1.json,m6p6_w047,6.6
w047,robust,P-LCO,0.5,dCh2,check,1.095053633162125,1.10081889278616,0.005765259624034957,science_lab/papers/cathode_response/revision_20260920/counterexample28/searches/robust_min_seed1.json,m6p6_w047,6.6
w047,robust,P-LCO,2.0,dCh1,train,1.1117832872784075,1.0817852883566548,-0.0299979989217527,science_lab/papers/cathode_response/revision_20260920/counterexample28/searches/robust_min_seed1.json,m6p6_w047,6.6
w047,robust,P-LCO,2.0,dCh2,train,1.1188968899800256,1.0992420021267801,-0.01965488785324543,science_lab/papers/cathode_response/revision_20260920/counterexample28/searches/robust_min_seed1.json,m6p6_w047,6.6
w047,robust,P-LCO,4.0,dCh1,check,1.1095175835524622,1.0806766639222503,-0.02884091963021196,science_lab/papers/cathode_response/revision_20260920/counterexample28/searches/robust_min_seed1.json,m6p6_w047,6.6
w047,robust,P-LCO,4.0,dCh2,check,1.119590945453795,1.100534040432277,-0.01905690502151791,science_lab/papers/cathode_response/revision_20260920/counterexample28/searches/robust_min_seed1.json,m6p6_w047,6.6
w047,robust,N-LCO,0.2,dCh1,train,1.0021270660735158,1.0321250671385982,0.029998001065082436,science_lab/papers/cathode_response/revision_20260920/counterexample28/searches/robust_min_seed1.json,m6p6_w047,6.6
w047,robust,N-LCO,0.2,dCh2,train,1.0548699940642448,1.0248719962534838,-0.029997997810760957,science_lab/papers/cathode_response/revision_20260920/counterexample28/searches/robust_min_seed1.json,m6p6_w047,6.6
w047,robust,N-LCO,2.0,dCh1,train,1.0252842384911032,1.0422533468777242,0.016969108386621023,science_lab/papers/cathode_response/revision_20260920/counterexample28/searches/robust_min_seed1.json,m6p6_w047,6.6
w047,robust,N-LCO,2.0,dCh2,train,1.02969348160086,1.059691481918851,0.029998000317990936,science_lab/papers/cathode_response/revision_20260920/counterexample28/searches/robust_min_seed1.json,m6p6_w047,6.6
w047,robust,N-LCO,4.0,dCh1,check,1.0324750314259366,1.0338443859920672,0.0013693545661306317,science_lab/papers/cathode_response/revision_20260920/counterexample28/searches/robust_min_seed1.json,m6p6_w047,6.6
w047,robust,N-LCO,4.0,dCh2,check,1.0380410531938569,1.0497980205895272,0.011756967395670337,science_lab/papers/cathode_response/revision_20260920/counterexample28/searches/robust_min_seed1.json,m6p6_w047,6.6
w048,robust,P-LCO,0.2,dCh1,train,1.0453503770924053,1.0636334364424855,0.018283059350080233,science_lab/papers/cathode_response/revision_20260920/counterexample28/searches/robust_max_seed0.json,m6p6_w048,6.6
w048,robust,P-LCO,0.2,dCh2,train,1.1142607011764938,1.0994761419438828,-0.014784559232611016,science_lab/papers/cathode_response/revision_20260920/counterexample28/searches/robust_max_seed0.json,m6p6_w048,6.6
w048,robust,P-LCO,0.5,dCh1,check,1.016764675743518,1.046762677537492,0.02999800179397405,science_lab/papers/cathode_response/revision_20260920/counterexample28/searches/robust_max_seed0.json,m6p6_w048,6.6
w048,robust,P-LCO,0.5,dCh2,check,1.095053633162125,1.1107375308049734,0.015683897642848388,science_lab/papers/cathode_response/revision_20260920/counterexample28/searches/robust_max_seed0.json,m6p6_w048,6.6
w048,robust,P-LCO,2.0,dCh1,train,1.1117832872784075,1.1146482280555758,0.0028649407771683677,science_lab/papers/cathode_response/revision_20260920/counterexample28/searches/robust_max_seed0.json,m6p6_w048,6.6
w048,robust,P-LCO,2.0,dCh2,train,1.1188968899800256,1.1488948957669214,0.02999800578689582,science_lab/papers/cathode_response/revision_20260920/counterexample28/searches/robust_max_seed0.json,m6p6_w048,6.6
w048,robust,P-LCO,4.0,dCh1,check,1.1095175835524622,1.0795195846155148,-0.029997998936947434,science_lab/papers/cathode_response/revision_20260920/counterexample28/searches/robust_max_seed0.json,m6p6_w048,6.6
w048,robust,P-LCO,4.0,dCh2,check,1.119590945453795,1.1158859483286936,-0.003704997125101306,science_lab/papers/cathode_response/revision_20260920/counterexample28/searches/robust_max_seed0.json,m6p6_w048,6.6
w048,robust,N-LCO,0.2,dCh1,train,1.0021270660735158,1.0113360220000605,0.009208955926544693,science_lab/papers/cathode_response/revision_20260920/counterexample28/searches/robust_max_seed0.json,m6p6_w048,6.6
w048,robust,N-LCO,0.2,dCh2,train,1.0548699940642448,1.0248719941742517,-0.029997999889993077,science_lab/papers/cathode_response/revision_20260920/counterexample28/searches/robust_max_seed0.json,m6p6_w048,6.6
w048,robust,N-LCO,2.0,dCh1,train,1.0252842384911032,1.0262597718434225,0.0009755333523193688,science_lab/papers/cathode_response/revision_20260920/counterexample28/searches/robust_max_seed0.json,m6p6_w048,6.6
w048,robust,N-LCO,2.0,dCh2,train,1.02969348160086,1.0418906371339418,0.01219715553308176,science_lab/papers/cathode_response/revision_20260920/counterexample28/searches/robust_max_seed0.json,m6p6_w048,6.6
w048,robust,N-LCO,4.0,dCh1,check,1.0324750314259366,1.0169237668449582,-0.01555126458097833,science_lab/papers/cathode_response/revision_20260920/counterexample28/searches/robust_max_seed0.json,m6p6_w048,6.6
w048,robust,N-LCO,4.0,dCh2,check,1.0380410531938569,1.0256118449863296,-0.012429208207527243,science_lab/papers/cathode_response/revision_20260920/counterexample28/searches/robust_max_seed0.json,m6p6_w048,6.6
w049,robust,P-LCO,0.2,dCh1,train,1.0453503770924053,1.0636334378454373,0.018283060753031988,science_lab/papers/cathode_response/revision_20260920/counterexample28/searches/robust_max_seed1.json,m6p6_w049,6.6
w049,robust,P-LCO,0.2,dCh2,train,1.1142607011764938,1.0994761355932483,-0.01478456558324548,science_lab/papers/cathode_response/revision_20260920/counterexample28/searches/robust_max_seed1.json,m6p6_w049,6.6
w049,robust,P-LCO,0.5,dCh1,check,1.016764675743518,1.046762678299591,0.029998002556072878,science_lab/papers/cathode_response/revision_20260920/counterexample28/searches/robust_max_seed1.json,m6p6_w049,6.6
w049,robust,P-LCO,0.5,dCh2,check,1.095053633162125,1.1107375228088765,0.015683889646751492,science_lab/papers/cathode_response/revision_20260920/counterexample28/searches/robust_max_seed1.json,m6p6_w049,6.6
w049,robust,P-LCO,2.0,dCh1,train,1.1117832872784075,1.1146482261839161,0.0028649389055086516,science_lab/papers/cathode_response/revision_20260920/counterexample28/searches/robust_max_seed1.json,m6p6_w049,6.6
w049,robust,P-LCO,2.0,dCh2,train,1.1188968899800256,1.1488948915284296,0.02999800154840404,science_lab/papers/cathode_response/revision_20260920/counterexample28/searches/robust_max_seed1.json,m6p6_w049,6.6
w049,robust,P-LCO,4.0,dCh1,check,1.1095175835524622,1.0795195840560408,-0.029997999496421457,science_lab/papers/cathode_response/revision_20260920/counterexample28/searches/robust_max_seed1.json,m6p6_w049,6.6
w049,robust,P-LCO,4.0,dCh2,check,1.119590945453795,1.1158859460669504,-0.003704999386844543,science_lab/papers/cathode_response/revision_20260920/counterexample28/searches/robust_max_seed1.json,m6p6_w049,6.6
w049,robust,N-LCO,0.2,dCh1,train,1.0021270660735158,1.0113360236637003,0.009208957590184585,science_lab/papers/cathode_response/revision_20260920/counterexample28/searches/robust_max_seed1.json,m6p6_w049,6.6
w049,robust,N-LCO,0.2,dCh2,train,1.0548699940642448,1.0248719983647931,-0.029997995699451607,science_lab/papers/cathode_response/revision_20260920/counterexample28/searches/robust_max_seed1.json,m6p6_w049,6.6
w049,robust,N-LCO,2.0,dCh1,train,1.0252842384911032,1.0262597762122598,0.0009755377211566607,science_lab/papers/cathode_response/revision_20260920/counterexample28/searches/robust_max_seed1.json,m6p6_w049,6.6
w049,robust,N-LCO,2.0,dCh2,train,1.02969348160086,1.0418906409820208,0.012197159381160727,science_lab/papers/cathode_response/revision_20260920/counterexample28/searches/robust_max_seed1.json,m6p6_w049,6.6
w049,robust,N-LCO,4.0,dCh1,check,1.0324750314259366,1.0169237691759143,-0.015551262250022235,science_lab/papers/cathode_response/revision_20260920/counterexample28/searches/robust_max_seed1.json,m6p6_w049,6.6
w049,robust,N-LCO,4.0,dCh2,check,1.0380410531938569,1.0256118483878855,-0.012429204805971317,science_lab/papers/cathode_response/revision_20260920/counterexample28/searches/robust_max_seed1.json,m6p6_w049,6.6
m6p6_post50_s47_seed0_best_screen,ordinary,P-LCO,0.2,dCh1,train,1.0352079988263148,1.0478913892628707,0.012683390436555975,science_lab/papers/cathode_response/revision_20260920/transfer47/results/balance_aligned_late_ordinary_seed0.json,m6p6_post50_s47_seed0_best_screen,6.6
m6p6_post50_s47_seed0_best_screen,ordinary,P-LCO,0.2,dCh2,train,1.0946896141019296,1.0646915138844295,-0.029998100217500046,science_lab/papers/cathode_response/revision_20260920/transfer47/results/balance_aligned_late_ordinary_seed0.json,m6p6_post50_s47_seed0_best_screen,6.6
m6p6_post50_s47_seed0_best_screen,ordinary,P-LCO,0.5,dCh1,check,1.0111612229645737,1.0411591954799737,0.02999797251540004,science_lab/papers/cathode_response/revision_20260920/transfer47/results/balance_aligned_late_ordinary_seed0.json,m6p6_post50_s47_seed0_best_screen,6.6
m6p6_post50_s47_seed0_best_screen,ordinary,P-LCO,0.5,dCh2,check,1.092314263673691,1.0825133097514632,-0.009800953922227906,science_lab/papers/cathode_response/revision_20260920/transfer47/results/balance_aligned_late_ordinary_seed0.json,m6p6_post50_s47_seed0_best_screen,6.6
m6p6_post50_s47_seed0_best_screen,ordinary,P-LCO,2.0,dCh1,train,1.101360751606481,1.0713627404872008,-0.029998011119280132,science_lab/papers/cathode_response/revision_20260920/transfer47/results/balance_aligned_late_ordinary_seed0.json,m6p6_post50_s47_seed0_best_screen,6.6
m6p6_post50_s47_seed0_best_screen,ordinary,P-LCO,2.0,dCh2,train,1.1081470881349442,1.0853927548650035,-0.022754333269940696,science_lab/papers/cathode_response/revision_20260920/transfer47/results/balance_aligned_late_ordinary_seed0.json,m6p6_post50_s47_seed0_best_screen,6.6
m6p6_post50_s47_seed0_best_screen,ordinary,P-LCO,4.0,dCh1,check,1.0943594437669857,1.073199933485984,-0.021159510281001603,science_lab/papers/cathode_response/revision_20260920/transfer47/results/balance_aligned_late_ordinary_seed0.json,m6p6_post50_s47_seed0_best_screen,6.6
m6p6_post50_s47_seed0_best_screen,ordinary,P-LCO,4.0,dCh2,check,1.1045321963996184,1.0900621095614225,-0.01447008683819595,science_lab/papers/cathode_response/revision_20260920/transfer47/results/balance_aligned_late_ordinary_seed0.json,m6p6_post50_s47_seed0_best_screen,6.6
m6p6_post50_s47_seed0_best_screen,ordinary,N-LCO,0.2,dCh1,train,1.0021618079950132,1.0321598060197938,0.029997998024780648,science_lab/papers/cathode_response/revision_20260920/transfer47/results/balance_aligned_late_ordinary_seed0.json,m6p6_post50_s47_seed0_best_screen,6.6
m6p6_post50_s47_seed0_best_screen,ordinary,N-LCO,0.2,dCh2,train,1.0542202875094844,1.0696088739873115,0.015388586477827149,science_lab/papers/cathode_response/revision_20260920/transfer47/results/balance_aligned_late_ordinary_seed0.json,m6p6_post50_s47_seed0_best_screen,6.6
m6p6_post50_s47_seed0_best_screen,ordinary,N-LCO,2.0,dCh1,train,1.025318751306497,1.0392869144032513,0.013968163096754305,science_lab/papers/cathode_response/revision_20260920/transfer47/results/balance_aligned_late_ordinary_seed0.json,m6p6_post50_s47_seed0_best_screen,6.6
m6p6_post50_s47_seed0_best_screen,ordinary,N-LCO,2.0,dCh2,train,1.030666033295323,1.0601475221425114,0.029481488847188375,science_lab/papers/cathode_response/revision_20260920/transfer47/results/balance_aligned_late_ordinary_seed0.json,m6p6_post50_s47_seed0_best_screen,6.6
m6p6_post50_s47_seed0_best_screen,ordinary,N-LCO,4.0,dCh1,check,1.0296564425945025,1.0292895951665233,-0.0003668474279792111,science_lab/papers/cathode_response/revision_20260920/transfer47/results/balance_aligned_late_ordinary_seed0.json,m6p6_post50_s47_seed0_best_screen,6.6
m6p6_post50_s47_seed0_best_screen,ordinary,N-LCO,4.0,dCh2,check,1.0375876232087635,1.0434668984701254,0.005879275261361894,science_lab/papers/cathode_response/revision_20260920/transfer47/results/balance_aligned_late_ordinary_seed0.json,m6p6_post50_s47_seed0_best_screen,6.6
m6p6_post50_s47_seed0_optimizer,ordinary,P-LCO,0.2,dCh1,train,1.0352079988263148,1.0478914413674554,0.012683442541140622,science_lab/papers/cathode_response/revision_20260920/transfer47/results/balance_aligned_late_ordinary_seed0.json,m6p6_post50_s47_seed0_optimizer,6.6
m6p6_post50_s47_seed0_optimizer,ordinary,P-LCO,0.2,dCh2,train,1.0946896141019296,1.064691609539075,-0.029998004562854508,science_lab/papers/cathode_response/revision_20260920/transfer47/results/balance_aligned_late_ordinary_seed0.json,m6p6_post50_s47_seed0_optimizer,6.6
m6p6_post50_s47_seed0_optimizer,ordinary,P-LCO,0.5,dCh1,check,1.0111612229645737,1.041159223919387,0.02999800095481331,science_lab/papers/cathode_response/revision_20260920/transfer47/results/balance_aligned_late_ordinary_seed0.json,m6p6_post50_s47_seed0_optimizer,6.6
m6p6_post50_s47_seed0_optimizer,ordinary,P-LCO,0.5,dCh2,check,1.092314263673691,1.0825134126196045,-0.009800851054086568,science_lab/papers/cathode_response/revision_20260920/transfer47/results/balance_aligned_late_ordinary_seed0.json,m6p6_post50_s47_seed0_optimizer,6.6
m6p6_post50_s47_seed0_optimizer,ordinary,P-LCO,2.0,dCh1,train,1.101360751606481,1.0713627529670027,-0.029997998639478274,science_lab/papers/cathode_response/revision_20260920/transfer47/results/balance_aligned_late_ordinary_seed0.json,m6p6_post50_s47_seed0_optimizer,6.6
m6p6_post50_s47_seed0_optimizer,ordinary,P-LCO,2.0,dCh2,train,1.1081470881349442,1.0853927715423246,-0.022754316592619617,science_lab/papers/cathode_response/revision_20260920/transfer47/results/balance_aligned_late_ordinary_seed0.json,m6p6_post50_s47_seed0_optimizer,6.6
m6p6_post50_s47_seed0_optimizer,ordinary,P-LCO,4.0,dCh1,check,1.0943594437669857,1.073199960347403,-0.021159483419582736,science_lab/papers/cathode_response/revision_20260920/transfer47/results/balance_aligned_late_ordinary_seed0.json,m6p6_post50_s47_seed0_optimizer,6.6
m6p6_post50_s47_seed0_optimizer,ordinary,P-LCO,4.0,dCh2,check,1.1045321963996184,1.09006214272964,-0.014470053669978444,science_lab/papers/cathode_response/revision_20260920/transfer47/results/balance_aligned_late_ordinary_seed0.json,m6p6_post50_s47_seed0_optimizer,6.6
m6p6_post50_s47_seed0_optimizer,ordinary,N-LCO,0.2,dCh1,train,1.0021618079950132,1.03215980804595,0.02999800005093678,science_lab/papers/cathode_response/revision_20260920/transfer47/results/balance_aligned_late_ordinary_seed0.json,m6p6_post50_s47_seed0_optimizer,6.6
m6p6_post50_s47_seed0_optimizer,ordinary,N-LCO,0.2,dCh2,train,1.0542202875094844,1.0696088761314562,0.015388588621971788,science_lab/papers/cathode_response/revision_20260920/transfer47/results/balance_aligned_late_ordinary_seed0.json,m6p6_post50_s47_seed0_optimizer,6.6
m6p6_post50_s47_seed0_optimizer,ordinary,N-LCO,2.0,dCh1,train,1.025318751306497,1.0392869149717763,0.01396816366527931,science_lab/papers/cathode_response/revision_20260920/transfer47/results/balance_aligned_late_ordinary_seed0.json,m6p6_post50_s47_seed0_optimizer,6.6
m6p6_post50_s47_seed0_optimizer,ordinary,N-LCO,2.0,dCh2,train,1.030666033295323,1.0601475224161137,0.029481489120790627,science_lab/papers/cathode_response/revision_20260920/transfer47/results/balance_aligned_late_ordinary_seed0.json,m6p6_post50_s47_seed0_optimizer,6.6
m6p6_post50_s47_seed0_optimizer,ordinary,N-LCO,4.0,dCh1,check,1.0296564425945025,1.0292895951202448,-0.00036684747425774766,science_lab/papers/cathode_response/revision_20260920/transfer47/results/balance_aligned_late_ordinary_seed0.json,m6p6_post50_s47_seed0_optimizer,6.6
m6p6_post50_s47_seed0_optimizer,ordinary,N-LCO,4.0,dCh2,check,1.0375876232087635,1.0434668983501902,0.005879275141426721,science_lab/papers/cathode_response/revision_20260920/transfer47/results/balance_aligned_late_ordinary_seed0.json,m6p6_post50_s47_seed0_optimizer,6.6
m6p6_post50_s47_seed1_optimizer,ordinary,P-LCO,0.2,dCh1,train,1.0352079988263148,1.0478914433788513,0.01268344455253656,science_lab/papers/cathode_response/revision_20260920/transfer47/results/balance_aligned_late_ordinary_seed1.json,m6p6_post50_s47_seed1_optimizer,6.6
m6p6_post50_s47_seed1_optimizer,ordinary,P-LCO,0.2,dCh2,train,1.0946896141019296,1.0646916151044998,-0.02999799899742972,science_lab/papers/cathode_response/revision_20260920/transfer47/results/balance_aligned_late_ordinary_seed1.json,m6p6_post50_s47_seed1_optimizer,6.6
m6p6_post50_s47_seed1_optimizer,ordinary,P-LCO,0.5,dCh1,check,1.0111612229645737,1.0411592242299679,0.029998001265394203,science_lab/papers/cathode_response/revision_20260920/transfer47/results/balance_aligned_late_ordinary_seed1.json,m6p6_post50_s47_seed1_optimizer,6.6
m6p6_post50_s47_seed1_optimizer,ordinary,P-LCO,0.5,dCh2,check,1.092314263673691,1.0825134179988531,-0.009800845674837966,science_lab/papers/cathode_response/revision_20260920/transfer47/results/balance_aligned_late_ordinary_seed1.json,m6p6_post50_s47_seed1_optimizer,6.6
m6p6_post50_s47_seed1_optimizer,ordinary,P-LCO,2.0,dCh1,train,1.101360751606481,1.0713627524385367,-0.02999799916794421,science_lab/papers/cathode_response/revision_20260920/transfer47/results/balance_aligned_late_ordinary_seed1.json,m6p6_post50_s47_seed1_optimizer,6.6
m6p6_post50_s47_seed1_optimizer,ordinary,P-LCO,2.0,dCh2,train,1.1081470881349442,1.0853927706006221,-0.02275431753432211,science_lab/papers/cathode_response/revision_20260920/transfer47/results/balance_aligned_late_ordinary_seed1.json,m6p6_post50_s47_seed1_optimizer,6.6
m6p6_post50_s47_seed1_optimizer,ordinary,P-LCO,4.0,dCh1,check,1.0943594437669857,1.073199960545598,-0.02115948322138772,science_lab/papers/cathode_response/revision_20260920/transfer47/results/balance_aligned_late_ordinary_seed1.json,m6p6_post50_s47_seed1_optimizer,6.6
m6p6_post50_s47_seed1_optimizer,ordinary,P-LCO,4.0,dCh2,check,1.1045321963996184,1.0900621429043327,-0.01447005349528574,science_lab/papers/cathode_response/revision_20260920/transfer47/results/balance_aligned_late_ordinary_seed1.json,m6p6_post50_s47_seed1_optimizer,6.6
m6p6_post50_s47_seed1_optimizer,ordinary,N-LCO,0.2,dCh1,train,1.0021618079950132,1.0321598076763094,0.02999799968129624,science_lab/papers/cathode_response/revision_20260920/transfer47/results/balance_aligned_late_ordinary_seed1.json,m6p6_post50_s47_seed1_optimizer,6.6
m6p6_post50_s47_seed1_optimizer,ordinary,N-LCO,0.2,dCh2,train,1.0542202875094844,1.0696088747135386,0.015388587204054227,science_lab/papers/cathode_response/revision_20260920/transfer47/results/balance_aligned_late_ordinary_seed1.json,m6p6_post50_s47_seed1_optimizer,6.6
m6p6_post50_s47_seed1_optimizer,ordinary,N-LCO,2.0,dCh1,train,1.025318751306497,1.0392869143186578,0.013968163012160861,science_lab/papers/cathode_response/revision_20260920/transfer47/results/balance_aligned_late_ordinary_seed1.json,m6p6_post50_s47_seed1_optimizer,6.6
m6p6_post50_s47_seed1_optimizer,ordinary,N-LCO,2.0,dCh2,train,1.030666033295323,1.0601475212631277,0.029481487967804698,science_lab/papers/cathode_response/revision_20260920/transfer47/results/balance_aligned_late_ordinary_seed1.json,m6p6_post50_s47_seed1_optimizer,6.6
m6p6_post50_s47_seed1_optimizer,ordinary,N-LCO,4.0,dCh1,check,1.0296564425945025,1.0292895947455325,-0.0003668478489700089,science_lab/papers/cathode_response/revision_20260920/transfer47/results/balance_aligned_late_ordinary_seed1.json,m6p6_post50_s47_seed1_optimizer,6.6
m6p6_post50_s47_seed1_optimizer,ordinary,N-LCO,4.0,dCh2,check,1.0375876232087635,1.043466897710631,0.005879274501867426,science_lab/papers/cathode_response/revision_20260920/transfer47/results/balance_aligned_late_ordinary_seed1.json,m6p6_post50_s47_seed1_optimizer,6.6
m5p9_ordinary_8bf91176e871f8f27a4d6037c4f38fe9f2c6534cc761fda4c761107e827a62ff,ordinary,P-LCO,0.2,dCh1,train,1.0352079988263148,1.0416851875551814,0.006477188728866601,science_lab/papers/cathode_response/revision_20260920/creep_sensitivity_20260925/fits/m5p9_ordinary_s47_seed0_best_screen_free.json,m5p9_ordinary_8bf91176e871f8f27a4d6037c4f38fe9f2c6534cc761fda4c761107e827a62ff,5.9
m5p9_ordinary_8bf91176e871f8f27a4d6037c4f38fe9f2c6534cc761fda4c761107e827a62ff,ordinary,P-LCO,0.2,dCh2,train,1.0946896141019296,1.0780770181783408,-0.01661259592358877,science_lab/papers/cathode_response/revision_20260920/creep_sensitivity_20260925/fits/m5p9_ordinary_s47_seed0_best_screen_free.json,m5p9_ordinary_8bf91176e871f8f27a4d6037c4f38fe9f2c6534cc761fda4c761107e827a62ff,5.9
m5p9_ordinary_8bf91176e871f8f27a4d6037c4f38fe9f2c6534cc761fda4c761107e827a62ff,ordinary,P-LCO,0.5,dCh1,check,1.0111612229645737,1.02777381871933,0.016612595754756265,science_lab/papers/cathode_response/revision_20260920/creep_sensitivity_20260925/fits/m5p9_ordinary_s47_seed0_best_screen_free.json,m5p9_ordinary_8bf91176e871f8f27a4d6037c4f38fe9f2c6534cc761fda4c761107e827a62ff,5.9
m5p9_ordinary_8bf91176e871f8f27a4d6037c4f38fe9f2c6534cc761fda4c761107e827a62ff,ordinary,P-LCO,0.5,dCh2,check,1.092314263673691,1.0972765203678974,0.004962256694206246,science_lab/papers/cathode_response/revision_20260920/creep_sensitivity_20260925/fits/m5p9_ordinary_s47_seed0_best_screen_free.json,m5p9_ordinary_8bf91176e871f8f27a4d6037c4f38fe9f2c6534cc761fda4c761107e827a62ff,5.9
m5p9_ordinary_8bf91176e871f8f27a4d6037c4f38fe9f2c6534cc761fda4c761107e827a62ff,ordinary,P-LCO,2.0,dCh1,train,1.101360751606481,1.088523695196515,-0.012837056409966019,science_lab/papers/cathode_response/revision_20260920/creep_sensitivity_20260925/fits/m5p9_ordinary_s47_seed0_best_screen_free.json,m5p9_ordinary_8bf91176e871f8f27a4d6037c4f38fe9f2c6534cc761fda4c761107e827a62ff,5.9
m5p9_ordinary_8bf91176e871f8f27a4d6037c4f38fe9f2c6534cc761fda4c761107e827a62ff,ordinary,P-LCO,2.0,dCh2,train,1.1081470881349442,1.1114915358882314,0.0033444477532871275,science_lab/papers/cathode_response/revision_20260920/creep_sensitivity_20260925/fits/m5p9_ordinary_s47_seed0_best_screen_free.json,m5p9_ordinary_8bf91176e871f8f27a4d6037c4f38fe9f2c6534cc761fda4c761107e827a62ff,5.9
m5p9_ordinary_8bf91176e871f8f27a4d6037c4f38fe9f2c6534cc761fda4c761107e827a62ff,ordinary,P-LCO,4.0,dCh1,check,1.0943594437669857,1.087221089759661,-0.007138354007324654,science_lab/papers/cathode_response/revision_20260920/creep_sensitivity_20260925/fits/m5p9_ordinary_s47_seed0_best_screen_free.json,m5p9_ordinary_8bf91176e871f8f27a4d6037c4f38fe9f2c6534cc761fda4c761107e827a62ff,5.9
m5p9_ordinary_8bf91176e871f8f27a4d6037c4f38fe9f2c6534cc761fda4c761107e827a62ff,ordinary,P-LCO,4.0,dCh2,check,1.1045321963996184,1.1154630704314945,0.010930874031876092,science_lab/papers/cathode_response/revision_20260920/creep_sensitivity_20260925/fits/m5p9_ordinary_s47_seed0_best_screen_free.json,m5p9_ordinary_8bf91176e871f8f27a4d6037c4f38fe9f2c6534cc761fda4c761107e827a62ff,5.9
m5p9_ordinary_8bf91176e871f8f27a4d6037c4f38fe9f2c6534cc761fda4c761107e827a62ff,ordinary,N-LCO,0.2,dCh1,train,1.0021618079950132,1.0187744041795135,0.016612596184500283,science_lab/papers/cathode_response/revision_20260920/creep_sensitivity_20260925/fits/m5p9_ordinary_s47_seed0_best_screen_free.json,m5p9_ordinary_8bf91176e871f8f27a4d6037c4f38fe9f2c6534cc761fda4c761107e827a62ff,5.9
m5p9_ordinary_8bf91176e871f8f27a4d6037c4f38fe9f2c6534cc761fda4c761107e827a62ff,ordinary,N-LCO,0.2,dCh2,train,1.0542202875094844,1.0376076916213572,-0.016612595888127135,science_lab/papers/cathode_response/revision_20260920/creep_sensitivity_20260925/fits/m5p9_ordinary_s47_seed0_best_screen_free.json,m5p9_ordinary_8bf91176e871f8f27a4d6037c4f38fe9f2c6534cc761fda4c761107e827a62ff,5.9
m5p9_ordinary_8bf91176e871f8f27a4d6037c4f38fe9f2c6534cc761fda4c761107e827a62ff,ordinary,N-LCO,2.0,dCh1,train,1.025318751306497,1.030791325916809,0.005472574610312142,science_lab/papers/cathode_response/revision_20260920/creep_sensitivity_20260925/fits/m5p9_ordinary_s47_seed0_best_screen_free.json,m5p9_ordinary_8bf91176e871f8f27a4d6037c4f38fe9f2c6534cc761fda4c761107e827a62ff,5.9
m5p9_ordinary_8bf91176e871f8f27a4d6037c4f38fe9f2c6534cc761fda4c761107e827a62ff,ordinary,N-LCO,2.0,dCh2,train,1.030666033295323,1.0472786290155676,0.01661259572024454,science_lab/papers/cathode_response/revision_20260920/creep_sensitivity_20260925/fits/m5p9_ordinary_s47_seed0_best_screen_free.json,m5p9_ordinary_8bf91176e871f8f27a4d6037c4f38fe9f2c6534cc761fda4c761107e827a62ff,5.9
m5p9_ordinary_8bf91176e871f8f27a4d6037c4f38fe9f2c6534cc761fda4c761107e827a62ff,ordinary,N-LCO,4.0,dCh1,check,1.0296564425945025,1.022546202984071,-0.007110239610431446,science_lab/papers/cathode_response/revision_20260920/creep_sensitivity_20260925/fits/m5p9_ordinary_s47_seed0_best_screen_free.json,m5p9_ordinary_8bf91176e871f8f27a4d6037c4f38fe9f2c6534cc761fda4c761107e827a62ff,5.9
m5p9_ordinary_8bf91176e871f8f27a4d6037c4f38fe9f2c6534cc761fda4c761107e827a62ff,ordinary,N-LCO,4.0,dCh2,check,1.0375876232087635,1.0339323141388477,-0.0036553090699158464,science_lab/papers/cathode_response/revision_20260920/creep_sensitivity_20260925/fits/m5p9_ordinary_s47_seed0_best_screen_free.json,m5p9_ordinary_8bf91176e871f8f27a4d6037c4f38fe9f2c6534cc761fda4c761107e827a62ff,5.9
m5p9_ordinary_cd6f8144484d330e498513c431684486b056cc95403961133e897c41b141415c,ordinary,P-LCO,0.2,dCh1,train,1.0352079988263148,1.0416851882705085,0.006477189444193732,science_lab/papers/cathode_response/revision_20260920/creep_sensitivity_20260925/fits/m5p9_ordinary_w026_free.json,m5p9_ordinary_cd6f8144484d330e498513c431684486b056cc95403961133e897c41b141415c,5.9
m5p9_ordinary_cd6f8144484d330e498513c431684486b056cc95403961133e897c41b141415c,ordinary,P-LCO,0.2,dCh2,train,1.0946896141019296,1.0780770174293381,-0.016612596672591406,science_lab/papers/cathode_response/revision_20260920/creep_sensitivity_20260925/fits/m5p9_ordinary_w026_free.json,m5p9_ordinary_cd6f8144484d330e498513c431684486b056cc95403961133e897c41b141415c,5.9
m5p9_ordinary_cd6f8144484d330e498513c431684486b056cc95403961133e897c41b141415c,ordinary,P-LCO,0.5,dCh1,check,1.0111612229645737,1.0277738193676724,0.016612596403098756,science_lab/papers/cathode_response/revision_20260920/creep_sensitivity_20260925/fits/m5p9_ordinary_w026_free.json,m5p9_ordinary_cd6f8144484d330e498513c431684486b056cc95403961133e897c41b141415c,5.9
m5p9_ordinary_cd6f8144484d330e498513c431684486b056cc95403961133e897c41b141415c,ordinary,P-LCO,0.5,dCh2,check,1.092314263673691,1.097276523062502,0.004962259388810786,science_lab/papers/cathode_response/revision_20260920/creep_sensitivity_20260925/fits/m5p9_ordinary_w026_free.json,m5p9_ordinary_cd6f8144484d330e498513c431684486b056cc95403961133e897c41b141415c,5.9
m5p9_ordinary_cd6f8144484d330e498513c431684486b056cc95403961133e897c41b141415c,ordinary,P-LCO,2.0,dCh1,train,1.101360751606481,1.088523696983383,-0.012837054623098032,science_lab/papers/cathode_response/revision_20260920/creep_sensitivity_20260925/fits/m5p9_ordinary_w026_free.json,m5p9_ordinary_cd6f8144484d330e498513c431684486b056cc95403961133e897c41b141415c,5.9
m5p9_ordinary_cd6f8144484d330e498513c431684486b056cc95403961133e897c41b141415c,ordinary,P-LCO,2.0,dCh2,train,1.1081470881349442,1.11149153837732,0.0033444502423758404,science_lab/papers/cathode_response/revision_20260920/creep_sensitivity_20260925/fits/m5p9_ordinary_w026_free.json,m5p9_ordinary_cd6f8144484d330e498513c431684486b056cc95403961133e897c41b141415c,5.9
m5p9_ordinary_cd6f8144484d330e498513c431684486b056cc95403961133e897c41b141415c,ordinary,P-LCO,4.0,dCh1,check,1.0943594437669857,1.0872210907542856,-0.007138353012700049,science_lab/papers/cathode_response/revision_20260920/creep_sensitivity_20260925/fits/m5p9_ordinary_w026_free.json,m5p9_ordinary_cd6f8144484d330e498513c431684486b056cc95403961133e897c41b141415c,5.9
m5p9_ordinary_cd6f8144484d330e498513c431684486b056cc95403961133e897c41b141415c,ordinary,P-LCO,4.0,dCh2,check,1.1045321963996184,1.1154630741705334,0.010930877770914948,science_lab/papers/cathode_response/revision_20260920/creep_sensitivity_20260925/fits/m5p9_ordinary_w026_free.json,m5p9_ordinary_cd6f8144484d330e498513c431684486b056cc95403961133e897c41b141415c,5.9
m5p9_ordinary_cd6f8144484d330e498513c431684486b056cc95403961133e897c41b141415c,ordinary,N-LCO,0.2,dCh1,train,1.0021618079950132,1.0187744042592308,0.016612596264217627,science_lab/papers/cathode_response/revision_20260920/creep_sensitivity_20260925/fits/m5p9_ordinary_w026_free.json,m5p9_ordinary_cd6f8144484d330e498513c431684486b056cc95403961133e897c41b141415c,5.9
m5p9_ordinary_cd6f8144484d330e498513c431684486b056cc95403961133e897c41b141415c,ordinary,N-LCO,0.2,dCh2,train,1.0542202875094844,1.0376076912740206,-0.01661259623546374,science_lab/papers/cathode_response/revision_20260920/creep_sensitivity_20260925/fits/m5p9_ordinary_w026_free.json,m5p9_ordinary_cd6f8144484d330e498513c431684486b056cc95403961133e897c41b141415c,5.9
m5p9_ordinary_cd6f8144484d330e498513c431684486b056cc95403961133e897c41b141415c,ordinary,N-LCO,2.0,dCh1,train,1.025318751306497,1.0307913258656047,0.005472574559107768,science_lab/papers/cathode_response/revision_20260920/creep_sensitivity_20260925/fits/m5p9_ordinary_w026_free.json,m5p9_ordinary_cd6f8144484d330e498513c431684486b056cc95403961133e897c41b141415c,5.9
m5p9_ordinary_cd6f8144484d330e498513c431684486b056cc95403961133e897c41b141415c,ordinary,N-LCO,2.0,dCh2,train,1.030666033295323,1.0472786293201697,0.01661259602484666,science_lab/papers/cathode_response/revision_20260920/creep_sensitivity_20260925/fits/m5p9_ordinary_w026_free.json,m5p9_ordinary_cd6f8144484d330e498513c431684486b056cc95403961133e897c41b141415c,5.9
m5p9_ordinary_cd6f8144484d330e498513c431684486b056cc95403961133e897c41b141415c,ordinary,N-LCO,4.0,dCh1,check,1.0296564425945025,1.0225461993385783,-0.007110243255924242,science_lab/papers/cathode_response/revision_20260920/creep_sensitivity_20260925/fits/m5p9_ordinary_w026_free.json,m5p9_ordinary_cd6f8144484d330e498513c431684486b056cc95403961133e897c41b141415c,5.9
m5p9_ordinary_cd6f8144484d330e498513c431684486b056cc95403961133e897c41b141415c,ordinary,N-LCO,4.0,dCh2,check,1.0375876232087635,1.033932310076035,-0.0036553131327285993,science_lab/papers/cathode_response/revision_20260920/creep_sensitivity_20260925/fits/m5p9_ordinary_w026_free.json,m5p9_ordinary_cd6f8144484d330e498513c431684486b056cc95403961133e897c41b141415c,5.9
m5p9_published_5576893ff079330731c9ea497b40928bf65943d38a39fe5098e53b15889b6403,published,P-LCO,0.2,dCh1,train,1.046875,1.0623512406689453,0.015476240668945263,science_lab/papers/cathode_response/revision_20260920/creep_sensitivity_20260925/fits/m5p9_published_w024_free.json,m5p9_published_5576893ff079330731c9ea497b40928bf65943d38a39fe5098e53b15889b6403,5.9
m5p9_published_5576893ff079330731c9ea497b40928bf65943d38a39fe5098e53b15889b6403,published,P-LCO,0.2,dCh2,train,1.13171875,1.1152097687117255,-0.016508981288274605,science_lab/papers/cathode_response/revision_20260920/creep_sensitivity_20260925/fits/m5p9_published_w024_free.json,m5p9_published_5576893ff079330731c9ea497b40928bf65943d38a39fe5098e53b15889b6403,5.9
m5p9_published_5576893ff079330731c9ea497b40928bf65943d38a39fe5098e53b15889b6403,published,P-LCO,0.5,dCh1,check,1.0293294030950626,1.0293034424997183,-2.5960595344320936e-05,science_lab/papers/cathode_response/revision_20260920/creep_sensitivity_20260925/fits/m5p9_published_w024_free.json,m5p9_published_5576893ff079330731c9ea497b40928bf65943d38a39fe5098e53b15889b6403,5.9
m5p9_published_5576893ff079330731c9ea497b40928bf65943d38a39fe5098e53b15889b6403,published,P-LCO,0.5,dCh2,check,1.1516580692704494,1.1351490804739586,-0.016508988796490875,science_lab/papers/cathode_response/revision_20260920/creep_sensitivity_20260925/fits/m5p9_published_w024_free.json,m5p9_published_5576893ff079330731c9ea497b40928bf65943d38a39fe5098e53b15889b6403,5.9
m5p9_published_5576893ff079330731c9ea497b40928bf65943d38a39fe5098e53b15889b6403,published,P-LCO,2.0,dCh1,train,1.1113235294117647,1.1130653961091845,0.001741866697419825,science_lab/papers/cathode_response/revision_20260920/creep_sensitivity_20260925/fits/m5p9_published_w024_free.json,m5p9_published_5576893ff079330731c9ea497b40928bf65943d38a39fe5098e53b15889b6403,5.9
m5p9_published_5576893ff079330731c9ea497b40928bf65943d38a39fe5098e53b15889b6403,published,P-LCO,2.0,dCh2,train,1.1247058823529412,1.1412148757548217,0.0165089934018805,science_lab/papers/cathode_response/revision_20260920/creep_sensitivity_20260925/fits/m5p9_published_w024_free.json,m5p9_published_5576893ff079330731c9ea497b40928bf65943d38a39fe5098e53b15889b6403,5.9
m5p9_published_5576893ff079330731c9ea497b40928bf65943d38a39fe5098e53b15889b6403,published,P-LCO,4.0,dCh1,check,1.123355946282708,1.113918608732717,-0.009437337549990987,science_lab/papers/cathode_response/revision_20260920/creep_sensitivity_20260925/fits/m5p9_published_w024_free.json,m5p9_published_5576893ff079330731c9ea497b40928bf65943d38a39fe5098e53b15889b6403,5.9
m5p9_published_5576893ff079330731c9ea497b40928bf65943d38a39fe5098e53b15889b6403,published,P-LCO,4.0,dCh2,check,1.1635054686418387,1.147158292389702,-0.016347176252136775,science_lab/papers/cathode_response/revision_20260920/creep_sensitivity_20260925/fits/m5p9_published_w024_free.json,m5p9_published_5576893ff079330731c9ea497b40928bf65943d38a39fe5098e53b15889b6403,5.9
m5p9_published_5576893ff079330731c9ea497b40928bf65943d38a39fe5098e53b15889b6403,published,N-LCO,0.2,dCh1,train,1.0086092715231787,1.0067890156240458,-0.0018202558991329276,science_lab/papers/cathode_response/revision_20260920/creep_sensitivity_20260925/fits/m5p9_published_w024_free.json,m5p9_published_5576893ff079330731c9ea497b40928bf65943d38a39fe5098e53b15889b6403,5.9
m5p9_published_5576893ff079330731c9ea497b40928bf65943d38a39fe5098e53b15889b6403,published,N-LCO,0.2,dCh2,train,1.0,0.9834910070456866,-0.016508992954313406,science_lab/papers/cathode_response/revision_20260920/creep_sensitivity_20260925/fits/m5p9_published_w024_free.json,m5p9_published_5576893ff079330731c9ea497b40928bf65943d38a39fe5098e53b15889b6403,5.9
m5p9_published_5576893ff079330731c9ea497b40928bf65943d38a39fe5098e53b15889b6403,published,N-LCO,2.0,dCh1,train,1.0255596391580355,1.0379625767119651,0.012402937553929627,science_lab/papers/cathode_response/revision_20260920/creep_sensitivity_20260925/fits/m5p9_published_w024_free.json,m5p9_published_5576893ff079330731c9ea497b40928bf65943d38a39fe5098e53b15889b6403,5.9
m5p9_published_5576893ff079330731c9ea497b40928bf65943d38a39fe5098e53b15889b6403,published,N-LCO,2.0,dCh2,train,1.0304042766455062,1.0469132698063393,0.016508993160833096,science_lab/papers/cathode_response/revision_20260920/creep_sensitivity_20260925/fits/m5p9_published_w024_free.json,m5p9_published_5576893ff079330731c9ea497b40928bf65943d38a39fe5098e53b15889b6403,5.9
m5p9_published_5576893ff079330731c9ea497b40928bf65943d38a39fe5098e53b15889b6403,published,N-LCO,4.0,dCh1,check,1.046460550768711,1.0325094387545313,-0.013951112014179756,science_lab/papers/cathode_response/revision_20260920/creep_sensitivity_20260925/fits/m5p9_published_w024_free.json,m5p9_published_5576893ff079330731c9ea497b40928bf65943d38a39fe5098e53b15889b6403,5.9
m5p9_published_5576893ff079330731c9ea497b40928bf65943d38a39fe5098e53b15889b6403,published,N-LCO,4.0,dCh2,check,1.0393647575603988,1.04709364412193,0.007728886561531256,science_lab/papers/cathode_response/revision_20260920/creep_sensitivity_20260925/fits/m5p9_published_w024_free.json,m5p9_published_5576893ff079330731c9ea497b40928bf65943d38a39fe5098e53b15889b6403,5.9
m5p9_published_771859d9ea81922bf1c5105e8a938a2ec7846b0d4b91778d8038a89520849be0,published,P-LCO,0.2,dCh1,train,1.046875,1.0623512417497365,0.015476241749736497,science_lab/papers/cathode_response/revision_20260920/creep_sensitivity_20260925/fits/m5p9_published_w037_free.json,m5p9_published_771859d9ea81922bf1c5105e8a938a2ec7846b0d4b91778d8038a89520849be0,5.9
m5p9_published_771859d9ea81922bf1c5105e8a938a2ec7846b0d4b91778d8038a89520849be0,published,P-LCO,0.2,dCh2,train,1.13171875,1.1152097614167358,-0.016508988583264328,science_lab/papers/cathode_response/revision_20260920/creep_sensitivity_20260925/fits/m5p9_published_w037_free.json,m5p9_published_771859d9ea81922bf1c5105e8a938a2ec7846b0d4b91778d8038a89520849be0,5.9
m5p9_published_771859d9ea81922bf1c5105e8a938a2ec7846b0d4b91778d8038a89520849be0,published,P-LCO,0.5,dCh1,check,1.0293294030950626,1.0293034460065584,-2.5957088504169334e-05,science_lab/papers/cathode_response/revision_20260920/creep_sensitivity_20260925/fits/m5p9_published_w037_free.json,m5p9_published_771859d9ea81922bf1c5105e8a938a2ec7846b0d4b91778d8038a89520849be0,5.9
m5p9_published_771859d9ea81922bf1c5105e8a938a2ec7846b0d4b91778d8038a89520849be0,published,P-LCO,0.5,dCh2,check,1.1516580692704494,1.1351490823418213,-0.016508986928628122,science_lab/papers/cathode_response/revision_20260920/creep_sensitivity_20260925/fits/m5p9_published_w037_free.json,m5p9_published_771859d9ea81922bf1c5105e8a938a2ec7846b0d4b91778d8038a89520849be0,5.9
m5p9_published_771859d9ea81922bf1c5105e8a938a2ec7846b0d4b91778d8038a89520849be0,published,P-LCO,2.0,dCh1,train,1.1113235294117647,1.1130652083159662,0.0017416789042015157,science_lab/papers/cathode_response/revision_20260920/creep_sensitivity_20260925/fits/m5p9_published_w037_free.json,m5p9_published_771859d9ea81922bf1c5105e8a938a2ec7846b0d4b91778d8038a89520849be0,5.9
m5p9_published_771859d9ea81922bf1c5105e8a938a2ec7846b0d4b91778d8038a89520849be0,published,P-LCO,2.0,dCh2,train,1.1247058823529412,1.1412146615812744,0.01650877922833316,science_lab/papers/cathode_response/revision_20260920/creep_sensitivity_20260925/fits/m5p9_published_w037_free.json,m5p9_published_771859d9ea81922bf1c5105e8a938a2ec7846b0d4b91778d8038a89520849be0,5.9
m5p9_published_771859d9ea81922bf1c5105e8a938a2ec7846b0d4b91778d8038a89520849be0,published,P-LCO,4.0,dCh1,check,1.123355946282708,1.1139194332480549,-0.009436513034653204,science_lab/papers/cathode_response/revision_20260920/creep_sensitivity_20260925/fits/m5p9_published_w037_free.json,m5p9_published_771859d9ea81922bf1c5105e8a938a2ec7846b0d4b91778d8038a89520849be0,5.9
m5p9_published_771859d9ea81922bf1c5105e8a938a2ec7846b0d4b91778d8038a89520849be0,published,P-LCO,4.0,dCh2,check,1.1635054686418387,1.1471592522144647,-0.016346216427373994,science_lab/papers/cathode_response/revision_20260920/creep_sensitivity_20260925/fits/m5p9_published_w037_free.json,m5p9_published_771859d9ea81922bf1c5105e8a938a2ec7846b0d4b91778d8038a89520849be0,5.9
m5p9_published_771859d9ea81922bf1c5105e8a938a2ec7846b0d4b91778d8038a89520849be0,published,N-LCO,0.2,dCh1,train,1.0086092715231787,1.0067890177615104,-0.001820253761668278,science_lab/papers/cathode_response/revision_20260920/creep_sensitivity_20260925/fits/m5p9_published_w037_free.json,m5p9_published_771859d9ea81922bf1c5105e8a938a2ec7846b0d4b91778d8038a89520849be0,5.9
m5p9_published_771859d9ea81922bf1c5105e8a938a2ec7846b0d4b91778d8038a89520849be0,published,N-LCO,0.2,dCh2,train,1.0,0.9834910064889253,-0.01650899351107471,science_lab/papers/cathode_response/revision_20260920/creep_sensitivity_20260925/fits/m5p9_published_w037_free.json,m5p9_published_771859d9ea81922bf1c5105e8a938a2ec7846b0d4b91778d8038a89520849be0,5.9
m5p9_published_771859d9ea81922bf1c5105e8a938a2ec7846b0d4b91778d8038a89520849be0,published,N-LCO,2.0,dCh1,train,1.0255596391580355,1.037962539185539,0.012402900027503438,science_lab/papers/cathode_response/revision_20260920/creep_sensitivity_20260925/fits/m5p9_published_w037_free.json,m5p9_published_771859d9ea81922bf1c5105e8a938a2ec7846b0d4b91778d8038a89520849be0,5.9
m5p9_published_771859d9ea81922bf1c5105e8a938a2ec7846b0d4b91778d8038a89520849be0,published,N-LCO,2.0,dCh2,train,1.0304042766455062,1.0469132440199498,0.01650896737444363,science_lab/papers/cathode_response/revision_20260920/creep_sensitivity_20260925/fits/m5p9_published_w037_free.json,m5p9_published_771859d9ea81922bf1c5105e8a938a2ec7846b0d4b91778d8038a89520849be0,5.9
m5p9_published_771859d9ea81922bf1c5105e8a938a2ec7846b0d4b91778d8038a89520849be0,published,N-LCO,4.0,dCh1,check,1.046460550768711,1.0325094372899726,-0.013951113478738453,science_lab/papers/cathode_response/revision_20260920/creep_sensitivity_20260925/fits/m5p9_published_w037_free.json,m5p9_published_771859d9ea81922bf1c5105e8a938a2ec7846b0d4b91778d8038a89520849be0,5.9
m5p9_published_771859d9ea81922bf1c5105e8a938a2ec7846b0d4b91778d8038a89520849be0,published,N-LCO,4.0,dCh2,check,1.0393647575603988,1.0470936422570487,0.007728884696649896,science_lab/papers/cathode_response/revision_20260920/creep_sensitivity_20260925/fits/m5p9_published_w037_free.json,m5p9_published_771859d9ea81922bf1c5105e8a938a2ec7846b0d4b91778d8038a89520849be0,5.9
m5p9_robust_538269d67d2cce6e9613478e672a9f0d4938632555d3f1f1e855e59abd2f674b,robust,P-LCO,0.2,dCh1,train,1.0453503770924053,1.0505500240076655,0.005199646915260203,science_lab/papers/cathode_response/revision_20260920/creep_sensitivity_20260925/fits/m5p9_robust_w033_free.json,m5p9_robust_538269d67d2cce6e9613478e672a9f0d4938632555d3f1f1e855e59abd2f674b,5.9
m5p9_robust_538269d67d2cce6e9613478e672a9f0d4938632555d3f1f1e855e59abd2f674b,robust,P-LCO,0.2,dCh2,train,1.1142607011764938,1.0941329250873284,-0.020127776089165383,science_lab/papers/cathode_response/revision_20260920/creep_sensitivity_20260925/fits/m5p9_robust_w033_free.json,m5p9_robust_538269d67d2cce6e9613478e672a9f0d4938632555d3f1f1e855e59abd2f674b,5.9
m5p9_robust_538269d67d2cce6e9613478e672a9f0d4938632555d3f1f1e855e59abd2f674b,robust,P-LCO,0.5,dCh1,check,1.016764675743518,1.0335877456056857,0.01682306986216764,science_lab/papers/cathode_response/revision_20260920/creep_sensitivity_20260925/fits/m5p9_robust_w033_free.json,m5p9_robust_538269d67d2cce6e9613478e672a9f0d4938632555d3f1f1e855e59abd2f674b,5.9
m5p9_robust_538269d67d2cce6e9613478e672a9f0d4938632555d3f1f1e855e59abd2f674b,robust,P-LCO,0.5,dCh2,check,1.095053633162125,1.115181409022427,0.02012777586030201,science_lab/papers/cathode_response/revision_20260920/creep_sensitivity_20260925/fits/m5p9_robust_w033_free.json,m5p9_robust_538269d67d2cce6e9613478e672a9f0d4938632555d3f1f1e855e59abd2f674b,5.9
m5p9_robust_538269d67d2cce6e9613478e672a9f0d4938632555d3f1f1e855e59abd2f674b,robust,P-LCO,2.0,dCh1,train,1.1117832872784075,1.1073795444697039,-0.004403742808703592,science_lab/papers/cathode_response/revision_20260920/creep_sensitivity_20260925/fits/m5p9_robust_w033_free.json,m5p9_robust_538269d67d2cce6e9613478e672a9f0d4938632555d3f1f1e855e59abd2f674b,5.9
m5p9_robust_538269d67d2cce6e9613478e672a9f0d4938632555d3f1f1e855e59abd2f674b,robust,P-LCO,2.0,dCh2,train,1.1188968899800256,1.139024664530072,0.02012777455004633,science_lab/papers/cathode_response/revision_20260920/creep_sensitivity_20260925/fits/m5p9_robust_w033_free.json,m5p9_robust_538269d67d2cce6e9613478e672a9f0d4938632555d3f1f1e855e59abd2f674b,5.9
m5p9_robust_538269d67d2cce6e9613478e672a9f0d4938632555d3f1f1e855e59abd2f674b,robust,P-LCO,4.0,dCh1,check,1.1095175835524622,1.0918081981395074,-0.01770938541295486,science_lab/papers/cathode_response/revision_20260920/creep_sensitivity_20260925/fits/m5p9_robust_w033_free.json,m5p9_robust_538269d67d2cce6e9613478e672a9f0d4938632555d3f1f1e855e59abd2f674b,5.9
m5p9_robust_538269d67d2cce6e9613478e672a9f0d4938632555d3f1f1e855e59abd2f674b,robust,P-LCO,4.0,dCh2,check,1.119590945453795,1.1276328475168702,0.008041902063075312,science_lab/papers/cathode_response/revision_20260920/creep_sensitivity_20260925/fits/m5p9_robust_w033_free.json,m5p9_robust_538269d67d2cce6e9613478e672a9f0d4938632555d3f1f1e855e59abd2f674b,5.9
m5p9_robust_538269d67d2cce6e9613478e672a9f0d4938632555d3f1f1e855e59abd2f674b,robust,N-LCO,0.2,dCh1,train,1.0021270660735158,1.0164652314771794,0.014338165403663616,science_lab/papers/cathode_response/revision_20260920/creep_sensitivity_20260925/fits/m5p9_robust_w033_free.json,m5p9_robust_538269d67d2cce6e9613478e672a9f0d4938632555d3f1f1e855e59abd2f674b,5.9
m5p9_robust_538269d67d2cce6e9613478e672a9f0d4938632555d3f1f1e855e59abd2f674b,robust,N-LCO,0.2,dCh2,train,1.0548699940642448,1.034742215988866,-0.0201277780753788,science_lab/papers/cathode_response/revision_20260920/creep_sensitivity_20260925/fits/m5p9_robust_w033_free.json,m5p9_robust_538269d67d2cce6e9613478e672a9f0d4938632555d3f1f1e855e59abd2f674b,5.9
m5p9_robust_538269d67d2cce6e9613478e672a9f0d4938632555d3f1f1e855e59abd2f674b,robust,N-LCO,2.0,dCh1,train,1.0252842384911032,1.030388731326404,0.005104492835300789,science_lab/papers/cathode_response/revision_20260920/creep_sensitivity_20260925/fits/m5p9_robust_w033_free.json,m5p9_robust_538269d67d2cce6e9613478e672a9f0d4938632555d3f1f1e855e59abd2f674b,5.9
m5p9_robust_538269d67d2cce6e9613478e672a9f0d4938632555d3f1f1e855e59abd2f674b,robust,N-LCO,2.0,dCh2,train,1.02969348160086,1.0475146546283367,0.017821173027476656,science_lab/papers/cathode_response/revision_20260920/creep_sensitivity_20260925/fits/m5p9_robust_w033_free.json,m5p9_robust_538269d67d2cce6e9613478e672a9f0d4938632555d3f1f1e855e59abd2f674b,5.9
m5p9_robust_538269d67d2cce6e9613478e672a9f0d4938632555d3f1f1e855e59abd2f674b,robust,N-LCO,4.0,dCh1,check,1.0324750314259366,1.0205925190685432,-0.011882512357393349,science_lab/papers/cathode_response/revision_20260920/creep_sensitivity_20260925/fits/m5p9_robust_w033_free.json,m5p9_robust_538269d67d2cce6e9613478e672a9f0d4938632555d3f1f1e855e59abd2f674b,5.9
m5p9_robust_538269d67d2cce6e9613478e672a9f0d4938632555d3f1f1e855e59abd2f674b,robust,N-LCO,4.0,dCh2,check,1.0380410531938569,1.031154136813181,-0.006886916380675956,science_lab/papers/cathode_response/revision_20260920/creep_sensitivity_20260925/fits/m5p9_robust_w033_free.json,m5p9_robust_538269d67d2cce6e9613478e672a9f0d4938632555d3f1f1e855e59abd2f674b,5.9
m5p9_robust_a71fce8e3b3a46a23633f7ef592bb16038521a915bd7afbf3fe35038b5c1f41d,robust,P-LCO,0.2,dCh1,train,1.0453503770924053,1.050550387492056,0.00520001039965079,science_lab/papers/cathode_response/revision_20260920/creep_sensitivity_20260925/fits/m5p9_robust_w049_free.json,m5p9_robust_a71fce8e3b3a46a23633f7ef592bb16038521a915bd7afbf3fe35038b5c1f41d,5.9
m5p9_robust_a71fce8e3b3a46a23633f7ef592bb16038521a915bd7afbf3fe35038b5c1f41d,robust,P-LCO,0.2,dCh2,train,1.1142607011764938,1.094133308476844,-0.020127392699649693,science_lab/papers/cathode_response/revision_20260920/creep_sensitivity_20260925/fits/m5p9_robust_w049_free.json,m5p9_robust_a71fce8e3b3a46a23633f7ef592bb16038521a915bd7afbf3fe35038b5c1f41d,5.9
m5p9_robust_a71fce8e3b3a46a23633f7ef592bb16038521a915bd7afbf3fe35038b5c1f41d,robust,P-LCO,0.5,dCh1,check,1.016764675743518,1.0335877445742243,0.016823068830706278,science_lab/papers/cathode_response/revision_20260920/creep_sensitivity_20260925/fits/m5p9_robust_w049_free.json,m5p9_robust_a71fce8e3b3a46a23633f7ef592bb16038521a915bd7afbf3fe35038b5c1f41d,5.9
m5p9_robust_a71fce8e3b3a46a23633f7ef592bb16038521a915bd7afbf3fe35038b5c1f41d,robust,P-LCO,0.5,dCh2,check,1.095053633162125,1.1151814066025125,0.02012777344038752,science_lab/papers/cathode_response/revision_20260920/creep_sensitivity_20260925/fits/m5p9_robust_w049_free.json,m5p9_robust_a71fce8e3b3a46a23633f7ef592bb16038521a915bd7afbf3fe35038b5c1f41d,5.9
m5p9_robust_a71fce8e3b3a46a23633f7ef592bb16038521a915bd7afbf3fe35038b5c1f41d,robust,P-LCO,2.0,dCh1,train,1.1117832872784075,1.1073795441768894,-0.004403743101518032,science_lab/papers/cathode_response/revision_20260920/creep_sensitivity_20260925/fits/m5p9_robust_w049_free.json,m5p9_robust_a71fce8e3b3a46a23633f7ef592bb16038521a915bd7afbf3fe35038b5c1f41d,5.9
m5p9_robust_a71fce8e3b3a46a23633f7ef592bb16038521a915bd7afbf3fe35038b5c1f41d,robust,P-LCO,2.0,dCh2,train,1.1188968899800256,1.1390246649944629,0.0201277750144373,science_lab/papers/cathode_response/revision_20260920/creep_sensitivity_20260925/fits/m5p9_robust_w049_free.json,m5p9_robust_a71fce8e3b3a46a23633f7ef592bb16038521a915bd7afbf3fe35038b5c1f41d,5.9
m5p9_robust_a71fce8e3b3a46a23633f7ef592bb16038521a915bd7afbf3fe35038b5c1f41d,robust,P-LCO,4.0,dCh1,check,1.1095175835524622,1.0918081971673632,-0.017709386385099002,science_lab/papers/cathode_response/revision_20260920/creep_sensitivity_20260925/fits/m5p9_robust_w049_free.json,m5p9_robust_a71fce8e3b3a46a23633f7ef592bb16038521a915bd7afbf3fe35038b5c1f41d,5.9
m5p9_robust_a71fce8e3b3a46a23633f7ef592bb16038521a915bd7afbf3fe35038b5c1f41d,robust,P-LCO,4.0,dCh2,check,1.119590945453795,1.1276328466045644,0.008041901150769526,science_lab/papers/cathode_response/revision_20260920/creep_sensitivity_20260925/fits/m5p9_robust_w049_free.json,m5p9_robust_a71fce8e3b3a46a23633f7ef592bb16038521a915bd7afbf3fe35038b5c1f41d,5.9
m5p9_robust_a71fce8e3b3a46a23633f7ef592bb16038521a915bd7afbf3fe35038b5c1f41d,robust,N-LCO,0.2,dCh1,train,1.0021270660735158,1.016465232290881,0.014338166217365167,science_lab/papers/cathode_response/revision_20260920/creep_sensitivity_20260925/fits/m5p9_robust_w049_free.json,m5p9_robust_a71fce8e3b3a46a23633f7ef592bb16038521a915bd7afbf3fe35038b5c1f41d,5.9
m5p9_robust_a71fce8e3b3a46a23633f7ef592bb16038521a915bd7afbf3fe35038b5c1f41d,robust,N-LCO,0.2,dCh2,train,1.0548699940642448,1.0347422172269851,-0.020127776837259637,science_lab/papers/cathode_response/revision_20260920/creep_sensitivity_20260925/fits/m5p9_robust_w049_free.json,m5p9_robust_a71fce8e3b3a46a23633f7ef592bb16038521a915bd7afbf3fe35038b5c1f41d,5.9
m5p9_robust_a71fce8e3b3a46a23633f7ef592bb16038521a915bd7afbf3fe35038b5c1f41d,robust,N-LCO,2.0,dCh1,train,1.0252842384911032,1.0303887321212677,0.005104493630164519,science_lab/papers/cathode_response/revision_20260920/creep_sensitivity_20260925/fits/m5p9_robust_w049_free.json,m5p9_robust_a71fce8e3b3a46a23633f7ef592bb16038521a915bd7afbf3fe35038b5c1f41d,5.9
m5p9_robust_a71fce8e3b3a46a23633f7ef592bb16038521a915bd7afbf3fe35038b5c1f41d,robust,N-LCO,2.0,dCh2,train,1.02969348160086,1.0475146559935706,0.01782117439271058,science_lab/papers/cathode_response/revision_20260920/creep_sensitivity_20260925/fits/m5p9_robust_w049_free.json,m5p9_robust_a71fce8e3b3a46a23633f7ef592bb16038521a915bd7afbf3fe35038b5c1f41d,5.9
m5p9_robust_a71fce8e3b3a46a23633f7ef592bb16038521a915bd7afbf3fe35038b5c1f41d,robust,N-LCO,4.0,dCh1,check,1.0324750314259366,1.0205925198162638,-0.011882511609672797,science_lab/papers/cathode_response/revision_20260920/creep_sensitivity_20260925/fits/m5p9_robust_w049_free.json,m5p9_robust_a71fce8e3b3a46a23633f7ef592bb16038521a915bd7afbf3fe35038b5c1f41d,5.9
m5p9_robust_a71fce8e3b3a46a23633f7ef592bb16038521a915bd7afbf3fe35038b5c1f41d,robust,N-LCO,4.0,dCh2,check,1.0380410531938569,1.0311541378919165,-0.006886915301940411,science_lab/papers/cathode_response/revision_20260920/creep_sensitivity_20260925/fits/m5p9_robust_w049_free.json,m5p9_robust_a71fce8e3b3a46a23633f7ef592bb16038521a915bd7afbf3fe35038b5c1f41d,5.9
m7p3_ordinary_71789dbd17707f4935d281b384558e4e9abffbbf10b38a04e6904b566c935f88,ordinary,P-LCO,0.2,dCh1,train,1.0352079988263148,1.0501237728222823,0.014915773995967552,science_lab/papers/cathode_response/revision_20260920/creep_sensitivity_20260925/fits/m7p3_ordinary_s47_seed0_best_screen_free.json,m7p3_ordinary_71789dbd17707f4935d281b384558e4e9abffbbf10b38a04e6904b566c935f88,7.3
m7p3_ordinary_71789dbd17707f4935d281b384558e4e9abffbbf10b38a04e6904b566c935f88,ordinary,P-LCO,0.2,dCh2,train,1.0946896141019296,1.0944952587482273,-0.00019435535370226908,science_lab/papers/cathode_response/revision_20260920/creep_sensitivity_20260925/fits/m7p3_ordinary_s47_seed0_best_screen_free.json,m7p3_ordinary_71789dbd17707f4935d281b384558e4e9abffbbf10b38a04e6904b566c935f88,7.3
m7p3_ordinary_71789dbd17707f4935d281b384558e4e9abffbbf10b38a04e6904b566c935f88,ordinary,P-LCO,0.5,dCh1,check,1.0111612229645737,1.0275633806170954,0.01640215765252173,science_lab/papers/cathode_response/revision_20260920/creep_sensitivity_20260925/fits/m7p3_ordinary_s47_seed0_best_screen_free.json,m7p3_ordinary_71789dbd17707f4935d281b384558e4e9abffbbf10b38a04e6904b566c935f88,7.3
m7p3_ordinary_71789dbd17707f4935d281b384558e4e9abffbbf10b38a04e6904b566c935f88,ordinary,P-LCO,0.5,dCh2,check,1.092314263673691,1.1039269645147078,0.011612700841016732,science_lab/papers/cathode_response/revision_20260920/creep_sensitivity_20260925/fits/m7p3_ordinary_s47_seed0_best_screen_free.json,m7p3_ordinary_71789dbd17707f4935d281b384558e4e9abffbbf10b38a04e6904b566c935f88,7.3
m7p3_ordinary_71789dbd17707f4935d281b384558e4e9abffbbf10b38a04e6904b566c935f88,ordinary,P-LCO,2.0,dCh1,train,1.101360751606481,1.0905923580786605,-0.010768393527820441,science_lab/papers/cathode_response/revision_20260920/creep_sensitivity_20260925/fits/m7p3_ordinary_s47_seed0_best_screen_free.json,m7p3_ordinary_71789dbd17707f4935d281b384558e4e9abffbbf10b38a04e6904b566c935f88,7.3
m7p3_ordinary_71789dbd17707f4935d281b384558e4e9abffbbf10b38a04e6904b566c935f88,ordinary,P-LCO,2.0,dCh2,train,1.1081470881349442,1.114487240076883,0.006340151941938821,science_lab/papers/cathode_response/revision_20260920/creep_sensitivity_20260925/fits/m7p3_ordinary_s47_seed0_best_screen_free.json,m7p3_ordinary_71789dbd17707f4935d281b384558e4e9abffbbf10b38a04e6904b566c935f88,7.3
m7p3_ordinary_71789dbd17707f4935d281b384558e4e9abffbbf10b38a04e6904b566c935f88,ordinary,P-LCO,4.0,dCh1,check,1.0943594437669857,1.0779572869941987,-0.016402156772787002,science_lab/papers/cathode_response/revision_20260920/creep_sensitivity_20260925/fits/m7p3_ordinary_s47_seed0_best_screen_free.json,m7p3_ordinary_71789dbd17707f4935d281b384558e4e9abffbbf10b38a04e6904b566c935f88,7.3
m7p3_ordinary_71789dbd17707f4935d281b384558e4e9abffbbf10b38a04e6904b566c935f88,ordinary,P-LCO,4.0,dCh2,check,1.1045321963996184,1.1041894936160468,-0.00034270278357162454,science_lab/papers/cathode_response/revision_20260920/creep_sensitivity_20260925/fits/m7p3_ordinary_s47_seed0_best_screen_free.json,m7p3_ordinary_71789dbd17707f4935d281b384558e4e9abffbbf10b38a04e6904b566c935f88,7.3
m7p3_ordinary_71789dbd17707f4935d281b384558e4e9abffbbf10b38a04e6904b566c935f88,ordinary,N-LCO,0.2,dCh1,train,1.0021618079950132,1.0185639648804825,0.01640215688546931,science_lab/papers/cathode_response/revision_20260920/creep_sensitivity_20260925/fits/m7p3_ordinary_s47_seed0_best_screen_free.json,m7p3_ordinary_71789dbd17707f4935d281b384558e4e9abffbbf10b38a04e6904b566c935f88,7.3
m7p3_ordinary_71789dbd17707f4935d281b384558e4e9abffbbf10b38a04e6904b566c935f88,ordinary,N-LCO,0.2,dCh2,train,1.0542202875094844,1.0378181304641767,-0.016402157045307675,science_lab/papers/cathode_response/revision_20260920/creep_sensitivity_20260925/fits/m7p3_ordinary_s47_seed0_best_screen_free.json,m7p3_ordinary_71789dbd17707f4935d281b384558e4e9abffbbf10b38a04e6904b566c935f88,7.3
m7p3_ordinary_71789dbd17707f4935d281b384558e4e9abffbbf10b38a04e6904b566c935f88,ordinary,N-LCO,2.0,dCh1,train,1.025318751306497,1.030770390538171,0.0054516392316741324,science_lab/papers/cathode_response/revision_20260920/creep_sensitivity_20260925/fits/m7p3_ordinary_s47_seed0_best_screen_free.json,m7p3_ordinary_71789dbd17707f4935d281b384558e4e9abffbbf10b38a04e6904b566c935f88,7.3
m7p3_ordinary_71789dbd17707f4935d281b384558e4e9abffbbf10b38a04e6904b566c935f88,ordinary,N-LCO,2.0,dCh2,train,1.030666033295323,1.0470681902311754,0.01640215693585234,science_lab/papers/cathode_response/revision_20260920/creep_sensitivity_20260925/fits/m7p3_ordinary_s47_seed0_best_screen_free.json,m7p3_ordinary_71789dbd17707f4935d281b384558e4e9abffbbf10b38a04e6904b566c935f88,7.3
m7p3_ordinary_71789dbd17707f4935d281b384558e4e9abffbbf10b38a04e6904b566c935f88,ordinary,N-LCO,4.0,dCh1,check,1.0296564425945025,1.0224343673317178,-0.007222075262784733,science_lab/papers/cathode_response/revision_20260920/creep_sensitivity_20260925/fits/m7p3_ordinary_s47_seed0_best_screen_free.json,m7p3_ordinary_71789dbd17707f4935d281b384558e4e9abffbbf10b38a04e6904b566c935f88,7.3
m7p3_ordinary_71789dbd17707f4935d281b384558e4e9abffbbf10b38a04e6904b566c935f88,ordinary,N-LCO,4.0,dCh2,check,1.0375876232087635,1.0337611774754039,-0.0038264457333596624,science_lab/papers/cathode_response/revision_20260920/creep_sensitivity_20260925/fits/m7p3_ordinary_s47_seed0_best_screen_free.json,m7p3_ordinary_71789dbd17707f4935d281b384558e4e9abffbbf10b38a04e6904b566c935f88,7.3
m7p3_ordinary_a06844c0d500244708c6897ea3685e1ecf0d21eb9fe66aa9bfadf75f23950200,ordinary,P-LCO,0.2,dCh1,train,1.0352079988263148,1.050123772998628,0.014915774172313156,science_lab/papers/cathode_response/revision_20260920/creep_sensitivity_20260925/fits/m7p3_ordinary_w026_free.json,m7p3_ordinary_a06844c0d500244708c6897ea3685e1ecf0d21eb9fe66aa9bfadf75f23950200,7.3
m7p3_ordinary_a06844c0d500244708c6897ea3685e1ecf0d21eb9fe66aa9bfadf75f23950200,ordinary,P-LCO,0.2,dCh2,train,1.0946896141019296,1.094495260749981,-0.00019435335194861736,science_lab/papers/cathode_response/revision_20260920/creep_sensitivity_20260925/fits/m7p3_ordinary_w026_free.json,m7p3_ordinary_a06844c0d500244708c6897ea3685e1ecf0d21eb9fe66aa9bfadf75f23950200,7.3
m7p3_ordinary_a06844c0d500244708c6897ea3685e1ecf0d21eb9fe66aa9bfadf75f23950200,ordinary,P-LCO,0.5,dCh1,check,1.0111612229645737,1.027563379299027,0.01640215633445341,science_lab/papers/cathode_response/revision_20260920/creep_sensitivity_20260925/fits/m7p3_ordinary_w026_free.json,m7p3_ordinary_a06844c0d500244708c6897ea3685e1ecf0d21eb9fe66aa9bfadf75f23950200,7.3
m7p3_ordinary_a06844c0d500244708c6897ea3685e1ecf0d21eb9fe66aa9bfadf75f23950200,ordinary,P-LCO,0.5,dCh2,check,1.092314263673691,1.1039271149202212,0.01161285124653011,science_lab/papers/cathode_response/revision_20260920/creep_sensitivity_20260925/fits/m7p3_ordinary_w026_free.json,m7p3_ordinary_a06844c0d500244708c6897ea3685e1ecf0d21eb9fe66aa9bfadf75f23950200,7.3
m7p3_ordinary_a06844c0d500244708c6897ea3685e1ecf0d21eb9fe66aa9bfadf75f23950200,ordinary,P-LCO,2.0,dCh1,train,1.101360751606481,1.0905923572868033,-0.010768394319677688,science_lab/papers/cathode_response/revision_20260920/creep_sensitivity_20260925/fits/m7p3_ordinary_w026_free.json,m7p3_ordinary_a06844c0d500244708c6897ea3685e1ecf0d21eb9fe66aa9bfadf75f23950200,7.3
m7p3_ordinary_a06844c0d500244708c6897ea3685e1ecf0d21eb9fe66aa9bfadf75f23950200,ordinary,P-LCO,2.0,dCh2,train,1.1081470881349442,1.114487239174941,0.006340151039996744,science_lab/papers/cathode_response/revision_20260920/creep_sensitivity_20260925/fits/m7p3_ordinary_w026_free.json,m7p3_ordinary_a06844c0d500244708c6897ea3685e1ecf0d21eb9fe66aa9bfadf75f23950200,7.3
m7p3_ordinary_a06844c0d500244708c6897ea3685e1ecf0d21eb9fe66aa9bfadf75f23950200,ordinary,P-LCO,4.0,dCh1,check,1.0943594437669857,1.077957288081136,-0.016402155685849795,science_lab/papers/cathode_response/revision_20260920/creep_sensitivity_20260925/fits/m7p3_ordinary_w026_free.json,m7p3_ordinary_a06844c0d500244708c6897ea3685e1ecf0d21eb9fe66aa9bfadf75f23950200,7.3
m7p3_ordinary_a06844c0d500244708c6897ea3685e1ecf0d21eb9fe66aa9bfadf75f23950200,ordinary,P-LCO,4.0,dCh2,check,1.1045321963996184,1.1041894941178403,-0.0003427022817781289,science_lab/papers/cathode_response/revision_20260920/creep_sensitivity_20260925/fits/m7p3_ordinary_w026_free.json,m7p3_ordinary_a06844c0d500244708c6897ea3685e1ecf0d21eb9fe66aa9bfadf75f23950200,7.3
m7p3_ordinary_a06844c0d500244708c6897ea3685e1ecf0d21eb9fe66aa9bfadf75f23950200,ordinary,N-LCO,0.2,dCh1,train,1.0021618079950132,1.0185639651712395,0.016402157176226284,science_lab/papers/cathode_response/revision_20260920/creep_sensitivity_20260925/fits/m7p3_ordinary_w026_free.json,m7p3_ordinary_a06844c0d500244708c6897ea3685e1ecf0d21eb9fe66aa9bfadf75f23950200,7.3
m7p3_ordinary_a06844c0d500244708c6897ea3685e1ecf0d21eb9fe66aa9bfadf75f23950200,ordinary,N-LCO,0.2,dCh2,train,1.0542202875094844,1.0378181308804477,-0.016402156629036657,science_lab/papers/cathode_response/revision_20260920/creep_sensitivity_20260925/fits/m7p3_ordinary_w026_free.json,m7p3_ordinary_a06844c0d500244708c6897ea3685e1ecf0d21eb9fe66aa9bfadf75f23950200,7.3
m7p3_ordinary_a06844c0d500244708c6897ea3685e1ecf0d21eb9fe66aa9bfadf75f23950200,ordinary,N-LCO,2.0,dCh1,train,1.025318751306497,1.030770390700943,0.0054516393944459285,science_lab/papers/cathode_response/revision_20260920/creep_sensitivity_20260925/fits/m7p3_ordinary_w026_free.json,m7p3_ordinary_a06844c0d500244708c6897ea3685e1ecf0d21eb9fe66aa9bfadf75f23950200,7.3
m7p3_ordinary_a06844c0d500244708c6897ea3685e1ecf0d21eb9fe66aa9bfadf75f23950200,ordinary,N-LCO,2.0,dCh2,train,1.030666033295323,1.0470681903283283,0.016402157033005293,science_lab/papers/cathode_response/revision_20260920/creep_sensitivity_20260925/fits/m7p3_ordinary_w026_free.json,m7p3_ordinary_a06844c0d500244708c6897ea3685e1ecf0d21eb9fe66aa9bfadf75f23950200,7.3
m7p3_ordinary_a06844c0d500244708c6897ea3685e1ecf0d21eb9fe66aa9bfadf75f23950200,ordinary,N-LCO,4.0,dCh1,check,1.0296564425945025,1.0224343675070642,-0.007222075087438329,science_lab/papers/cathode_response/revision_20260920/creep_sensitivity_20260925/fits/m7p3_ordinary_w026_free.json,m7p3_ordinary_a06844c0d500244708c6897ea3685e1ecf0d21eb9fe66aa9bfadf75f23950200,7.3
m7p3_ordinary_a06844c0d500244708c6897ea3685e1ecf0d21eb9fe66aa9bfadf75f23950200,ordinary,N-LCO,4.0,dCh2,check,1.0375876232087635,1.0337611777311604,-0.0038264454776031354,science_lab/papers/cathode_response/revision_20260920/creep_sensitivity_20260925/fits/m7p3_ordinary_w026_free.json,m7p3_ordinary_a06844c0d500244708c6897ea3685e1ecf0d21eb9fe66aa9bfadf75f23950200,7.3
m7p3_published_a5cf8798916a2c5192d0252f864297c51bcbb88d68378f09d7cbfaf2ce3295b0,published,P-LCO,0.2,dCh1,train,1.046875,1.0738610277438232,0.026986027743823193,science_lab/papers/cathode_response/revision_20260920/creep_sensitivity_20260925/fits/m7p3_published_w024_free.json,m7p3_published_a5cf8798916a2c5192d0252f864297c51bcbb88d68378f09d7cbfaf2ce3295b0,7.3
m7p3_published_a5cf8798916a2c5192d0252f864297c51bcbb88d68378f09d7cbfaf2ce3295b0,published,P-LCO,0.2,dCh2,train,1.13171875,1.1397794911315071,0.00806074113150701,science_lab/papers/cathode_response/revision_20260920/creep_sensitivity_20260925/fits/m7p3_published_w024_free.json,m7p3_published_a5cf8798916a2c5192d0252f864297c51bcbb88d68378f09d7cbfaf2ce3295b0,7.3
m7p3_published_a5cf8798916a2c5192d0252f864297c51bcbb88d68378f09d7cbfaf2ce3295b0,published,P-LCO,0.5,dCh1,check,1.0293294030950626,1.0266249573390762,-0.0027044457559863844,science_lab/papers/cathode_response/revision_20260920/creep_sensitivity_20260925/fits/m7p3_published_w024_free.json,m7p3_published_a5cf8798916a2c5192d0252f864297c51bcbb88d68378f09d7cbfaf2ce3295b0,7.3
m7p3_published_a5cf8798916a2c5192d0252f864297c51bcbb88d68378f09d7cbfaf2ce3295b0,published,P-LCO,0.5,dCh2,check,1.1516580692704494,1.1385283679764742,-0.013129701293975282,science_lab/papers/cathode_response/revision_20260920/creep_sensitivity_20260925/fits/m7p3_published_w024_free.json,m7p3_published_a5cf8798916a2c5192d0252f864297c51bcbb88d68378f09d7cbfaf2ce3295b0,7.3
m7p3_published_a5cf8798916a2c5192d0252f864297c51bcbb88d68378f09d7cbfaf2ce3295b0,published,P-LCO,2.0,dCh1,train,1.1113235294117647,1.1248423652571249,0.013518835845360178,science_lab/papers/cathode_response/revision_20260920/creep_sensitivity_20260925/fits/m7p3_published_w024_free.json,m7p3_published_a5cf8798916a2c5192d0252f864297c51bcbb88d68378f09d7cbfaf2ce3295b0,7.3
m7p3_published_a5cf8798916a2c5192d0252f864297c51bcbb88d68378f09d7cbfaf2ce3295b0,published,P-LCO,2.0,dCh2,train,1.1247058823529412,1.152654440408859,0.027948558055917783,science_lab/papers/cathode_response/revision_20260920/creep_sensitivity_20260925/fits/m7p3_published_w024_free.json,m7p3_published_a5cf8798916a2c5192d0252f864297c51bcbb88d68378f09d7cbfaf2ce3295b0,7.3
m7p3_published_a5cf8798916a2c5192d0252f864297c51bcbb88d68378f09d7cbfaf2ce3295b0,published,P-LCO,4.0,dCh1,check,1.123355946282708,1.1098590541448414,-0.013496892137866645,science_lab/papers/cathode_response/revision_20260920/creep_sensitivity_20260925/fits/m7p3_published_w024_free.json,m7p3_published_a5cf8798916a2c5192d0252f864297c51bcbb88d68378f09d7cbfaf2ce3295b0,7.3
m7p3_published_a5cf8798916a2c5192d0252f864297c51bcbb88d68378f09d7cbfaf2ce3295b0,published,P-LCO,4.0,dCh2,check,1.1635054686418387,1.137603131170843,-0.025902337470995684,science_lab/papers/cathode_response/revision_20260920/creep_sensitivity_20260925/fits/m7p3_published_w024_free.json,m7p3_published_a5cf8798916a2c5192d0252f864297c51bcbb88d68378f09d7cbfaf2ce3295b0,7.3
m7p3_published_a5cf8798916a2c5192d0252f864297c51bcbb88d68378f09d7cbfaf2ce3295b0,published,N-LCO,0.2,dCh1,train,1.0086092715231787,0.9788131499373495,-0.029796121585829227,science_lab/papers/cathode_response/revision_20260920/creep_sensitivity_20260925/fits/m7p3_published_w024_free.json,m7p3_published_a5cf8798916a2c5192d0252f864297c51bcbb88d68378f09d7cbfaf2ce3295b0,7.3
m7p3_published_a5cf8798916a2c5192d0252f864297c51bcbb88d68378f09d7cbfaf2ce3295b0,published,N-LCO,0.2,dCh2,train,1.0,0.9704450451014419,-0.029554954898558083,science_lab/papers/cathode_response/revision_20260920/creep_sensitivity_20260925/fits/m7p3_published_w024_free.json,m7p3_published_a5cf8798916a2c5192d0252f864297c51bcbb88d68378f09d7cbfaf2ce3295b0,7.3
m7p3_published_a5cf8798916a2c5192d0252f864297c51bcbb88d68378f09d7cbfaf2ce3295b0,published,N-LCO,2.0,dCh1,train,1.0255596391580355,1.0270371132677198,0.0014774741096843513,science_lab/papers/cathode_response/revision_20260920/creep_sensitivity_20260925/fits/m7p3_published_w024_free.json,m7p3_published_a5cf8798916a2c5192d0252f864297c51bcbb88d68378f09d7cbfaf2ce3295b0,7.3
m7p3_published_a5cf8798916a2c5192d0252f864297c51bcbb88d68378f09d7cbfaf2ce3295b0,published,N-LCO,2.0,dCh2,train,1.0304042766455062,1.0190224791512923,-0.011381797494213863,science_lab/papers/cathode_response/revision_20260920/creep_sensitivity_20260925/fits/m7p3_published_w024_free.json,m7p3_published_a5cf8798916a2c5192d0252f864297c51bcbb88d68378f09d7cbfaf2ce3295b0,7.3
m7p3_published_a5cf8798916a2c5192d0252f864297c51bcbb88d68378f09d7cbfaf2ce3295b0,published,N-LCO,4.0,dCh1,check,1.046460550768711,1.0430214237749769,-0.003439126993734165,science_lab/papers/cathode_response/revision_20260920/creep_sensitivity_20260925/fits/m7p3_published_w024_free.json,m7p3_published_a5cf8798916a2c5192d0252f864297c51bcbb88d68378f09d7cbfaf2ce3295b0,7.3
m7p3_published_a5cf8798916a2c5192d0252f864297c51bcbb88d68378f09d7cbfaf2ce3295b0,published,N-LCO,4.0,dCh2,check,1.0393647575603988,1.0566430137241152,0.017278256163716366,science_lab/papers/cathode_response/revision_20260920/creep_sensitivity_20260925/fits/m7p3_published_w024_free.json,m7p3_published_a5cf8798916a2c5192d0252f864297c51bcbb88d68378f09d7cbfaf2ce3295b0,7.3
m7p3_published_abf89306eb196e0db7b5fcd4753d944882dbe7967caeaf6495b6e05c87e3c6ee,published,P-LCO,0.2,dCh1,train,1.046875,1.0646055632701363,0.017730563270136335,science_lab/papers/cathode_response/revision_20260920/creep_sensitivity_20260925/fits/m7p3_published_w024_free.json,m7p3_published_abf89306eb196e0db7b5fcd4753d944882dbe7967caeaf6495b6e05c87e3c6ee,7.3
m7p3_published_abf89306eb196e0db7b5fcd4753d944882dbe7967caeaf6495b6e05c87e3c6ee,published,P-LCO,0.2,dCh2,train,1.13171875,1.1179280003942205,-0.01379074960577964,science_lab/papers/cathode_response/revision_20260920/creep_sensitivity_20260925/fits/m7p3_published_w024_free.json,m7p3_published_abf89306eb196e0db7b5fcd4753d944882dbe7967caeaf6495b6e05c87e3c6ee,7.3
m7p3_published_abf89306eb196e0db7b5fcd4753d944882dbe7967caeaf6495b6e05c87e3c6ee,published,P-LCO,0.5,dCh1,check,1.0293294030950626,1.0269711199102713,-0.0023582831847912544,science_lab/papers/cathode_response/revision_20260920/creep_sensitivity_20260925/fits/m7p3_published_w024_free.json,m7p3_published_abf89306eb196e0db7b5fcd4753d944882dbe7967caeaf6495b6e05c87e3c6ee,7.3
m7p3_published_abf89306eb196e0db7b5fcd4753d944882dbe7967caeaf6495b6e05c87e3c6ee,published,P-LCO,0.5,dCh2,check,1.1516580692704494,1.134641868617412,-0.01701620065303744,science_lab/papers/cathode_response/revision_20260920/creep_sensitivity_20260925/fits/m7p3_published_w024_free.json,m7p3_published_abf89306eb196e0db7b5fcd4753d944882dbe7967caeaf6495b6e05c87e3c6ee,7.3
m7p3_published_abf89306eb196e0db7b5fcd4753d944882dbe7967caeaf6495b6e05c87e3c6ee,published,P-LCO,2.0,dCh1,train,1.1113235294117647,1.1130441773550515,0.001720647943286746,science_lab/papers/cathode_response/revision_20260920/creep_sensitivity_20260925/fits/m7p3_published_w024_free.json,m7p3_published_abf89306eb196e0db7b5fcd4753d944882dbe7967caeaf6495b6e05c87e3c6ee,7.3
m7p3_published_abf89306eb196e0db7b5fcd4753d944882dbe7967caeaf6495b6e05c87e3c6ee,published,P-LCO,2.0,dCh2,train,1.1247058823529412,1.1424364450561146,0.017730562703173414,science_lab/papers/cathode_response/revision_20260920/creep_sensitivity_20260925/fits/m7p3_published_w024_free.json,m7p3_published_abf89306eb196e0db7b5fcd4753d944882dbe7967caeaf6495b6e05c87e3c6ee,7.3
m7p3_published_abf89306eb196e0db7b5fcd4753d944882dbe7967caeaf6495b6e05c87e3c6ee,published,P-LCO,4.0,dCh1,check,1.123355946282708,1.1106846825393586,-0.012671263743349481,science_lab/papers/cathode_response/revision_20260920/creep_sensitivity_20260925/fits/m7p3_published_w024_free.json,m7p3_published_abf89306eb196e0db7b5fcd4753d944882dbe7967caeaf6495b6e05c87e3c6ee,7.3
m7p3_published_abf89306eb196e0db7b5fcd4753d944882dbe7967caeaf6495b6e05c87e3c6ee,published,P-LCO,4.0,dCh2,check,1.1635054686418387,1.145774907573943,-0.017730561067895723,science_lab/papers/cathode_response/revision_20260920/creep_sensitivity_20260925/fits/m7p3_published_w024_free.json,m7p3_published_abf89306eb196e0db7b5fcd4753d944882dbe7967caeaf6495b6e05c87e3c6ee,7.3
m7p3_published_abf89306eb196e0db7b5fcd4753d944882dbe7967caeaf6495b6e05c87e3c6ee,published,N-LCO,0.2,dCh1,train,1.0086092715231787,1.0057765877269418,-0.0028326837962369122,science_lab/papers/cathode_response/revision_20260920/creep_sensitivity_20260925/fits/m7p3_published_w024_free.json,m7p3_published_abf89306eb196e0db7b5fcd4753d944882dbe7967caeaf6495b6e05c87e3c6ee,7.3
m7p3_published_abf89306eb196e0db7b5fcd4753d944882dbe7967caeaf6495b6e05c87e3c6ee,published,N-LCO,0.2,dCh2,train,1.0,0.9822694368276264,-0.017730563172373648,science_lab/papers/cathode_response/revision_20260920/creep_sensitivity_20260925/fits/m7p3_published_w024_free.json,m7p3_published_abf89306eb196e0db7b5fcd4753d944882dbe7967caeaf6495b6e05c87e3c6ee,7.3
m7p3_published_abf89306eb196e0db7b5fcd4753d944882dbe7967caeaf6495b6e05c87e3c6ee,published,N-LCO,2.0,dCh1,train,1.0255596391580355,1.0333344036752132,0.007774764517177735,science_lab/papers/cathode_response/revision_20260920/creep_sensitivity_20260925/fits/m7p3_published_w024_free.json,m7p3_published_abf89306eb196e0db7b5fcd4753d944882dbe7967caeaf6495b6e05c87e3c6ee,7.3
m7p3_published_abf89306eb196e0db7b5fcd4753d944882dbe7967caeaf6495b6e05c87e3c6ee,published,N-LCO,2.0,dCh2,train,1.0304042766455062,1.038656456271941,0.008252179626434764,science_lab/papers/cathode_response/revision_20260920/creep_sensitivity_20260925/fits/m7p3_published_w024_free.json,m7p3_published_abf89306eb196e0db7b5fcd4753d944882dbe7967caeaf6495b6e05c87e3c6ee,7.3
m7p3_published_abf89306eb196e0db7b5fcd4753d944882dbe7967caeaf6495b6e05c87e3c6ee,published,N-LCO,4.0,dCh1,check,1.046460550768711,1.028729987534106,-0.01773056323460498,science_lab/papers/cathode_response/revision_20260920/creep_sensitivity_20260925/fits/m7p3_published_w024_free.json,m7p3_published_abf89306eb196e0db7b5fcd4753d944882dbe7967caeaf6495b6e05c87e3c6ee,7.3
m7p3_published_abf89306eb196e0db7b5fcd4753d944882dbe7967caeaf6495b6e05c87e3c6ee,published,N-LCO,4.0,dCh2,check,1.0393647575603988,1.041460179077899,0.0020954215175001956,science_lab/papers/cathode_response/revision_20260920/creep_sensitivity_20260925/fits/m7p3_published_w024_free.json,m7p3_published_abf89306eb196e0db7b5fcd4753d944882dbe7967caeaf6495b6e05c87e3c6ee,7.3
m7p3_published_c3c227610fd6d463c004d1960483bd63aae6e4bc35aa9899924d79c45d054767,published,P-LCO,0.2,dCh1,train,1.046875,1.0700859288240478,0.02321092882404785,science_lab/papers/cathode_response/revision_20260920/creep_sensitivity_20260925/fits/m7p3_published_w037_free.json,m7p3_published_c3c227610fd6d463c004d1960483bd63aae6e4bc35aa9899924d79c45d054767,7.3
m7p3_published_c3c227610fd6d463c004d1960483bd63aae6e4bc35aa9899924d79c45d054767,published,P-LCO,0.2,dCh2,train,1.13171875,1.1361137831111165,0.004395033111116442,science_lab/papers/cathode_response/revision_20260920/creep_sensitivity_20260925/fits/m7p3_published_w037_free.json,m7p3_published_c3c227610fd6d463c004d1960483bd63aae6e4bc35aa9899924d79c45d054767,7.3
m7p3_published_c3c227610fd6d463c004d1960483bd63aae6e4bc35aa9899924d79c45d054767,published,P-LCO,0.5,dCh1,check,1.0293294030950626,1.019606282491064,-0.009723120603998492,science_lab/papers/cathode_response/revision_20260920/creep_sensitivity_20260925/fits/m7p3_published_w037_free.json,m7p3_published_c3c227610fd6d463c004d1960483bd63aae6e4bc35aa9899924d79c45d054767,7.3
m7p3_published_c3c227610fd6d463c004d1960483bd63aae6e4bc35aa9899924d79c45d054767,published,P-LCO,0.5,dCh2,check,1.1516580692704494,1.1297213891415234,-0.021936680128926023,science_lab/papers/cathode_response/revision_20260920/creep_sensitivity_20260925/fits/m7p3_published_w037_free.json,m7p3_published_c3c227610fd6d463c004d1960483bd63aae6e4bc35aa9899924d79c45d054767,7.3
m7p3_published_c3c227610fd6d463c004d1960483bd63aae6e4bc35aa9899924d79c45d054767,published,P-LCO,2.0,dCh1,train,1.1113235294117647,1.123129152971073,0.011805623559308254,science_lab/papers/cathode_response/revision_20260920/creep_sensitivity_20260925/fits/m7p3_published_w037_free.json,m7p3_published_c3c227610fd6d463c004d1960483bd63aae6e4bc35aa9899924d79c45d054767,7.3
m7p3_published_c3c227610fd6d463c004d1960483bd63aae6e4bc35aa9899924d79c45d054767,published,P-LCO,2.0,dCh2,train,1.1247058823529412,1.1514379363453722,0.02673205399243095,science_lab/papers/cathode_response/revision_20260920/creep_sensitivity_20260925/fits/m7p3_published_w037_free.json,m7p3_published_c3c227610fd6d463c004d1960483bd63aae6e4bc35aa9899924d79c45d054767,7.3
m7p3_published_c3c227610fd6d463c004d1960483bd63aae6e4bc35aa9899924d79c45d054767,published,P-LCO,4.0,dCh1,check,1.123355946282708,1.1061154861290745,-0.017240460153633563,science_lab/papers/cathode_response/revision_20260920/creep_sensitivity_20260925/fits/m7p3_published_w037_free.json,m7p3_published_c3c227610fd6d463c004d1960483bd63aae6e4bc35aa9899924d79c45d054767,7.3
m7p3_published_c3c227610fd6d463c004d1960483bd63aae6e4bc35aa9899924d79c45d054767,published,P-LCO,4.0,dCh2,check,1.1635054686418387,1.1341435327356606,-0.029361935906178083,science_lab/papers/cathode_response/revision_20260920/creep_sensitivity_20260925/fits/m7p3_published_w037_free.json,m7p3_published_c3c227610fd6d463c004d1960483bd63aae6e4bc35aa9899924d79c45d054767,7.3
m7p3_published_c3c227610fd6d463c004d1960483bd63aae6e4bc35aa9899924d79c45d054767,published,N-LCO,0.2,dCh1,train,1.0086092715231787,0.9872062605106248,-0.02140301101255393,science_lab/papers/cathode_response/revision_20260920/creep_sensitivity_20260925/fits/m7p3_published_w037_free.json,m7p3_published_c3c227610fd6d463c004d1960483bd63aae6e4bc35aa9899924d79c45d054767,7.3
m7p3_published_c3c227610fd6d463c004d1960483bd63aae6e4bc35aa9899924d79c45d054767,published,N-LCO,0.2,dCh2,train,1.0,0.9807736003192156,-0.019226399680784434,science_lab/papers/cathode_response/revision_20260920/creep_sensitivity_20260925/fits/m7p3_published_w037_free.json,m7p3_published_c3c227610fd6d463c004d1960483bd63aae6e4bc35aa9899924d79c45d054767,7.3
m7p3_published_c3c227610fd6d463c004d1960483bd63aae6e4bc35aa9899924d79c45d054767,published,N-LCO,2.0,dCh1,train,1.0255596391580355,1.0300404875186653,0.0044808483606297855,science_lab/papers/cathode_response/revision_20260920/creep_sensitivity_20260925/fits/m7p3_published_w037_free.json,m7p3_published_c3c227610fd6d463c004d1960483bd63aae6e4bc35aa9899924d79c45d054767,7.3
m7p3_published_c3c227610fd6d463c004d1960483bd63aae6e4bc35aa9899924d79c45d054767,published,N-LCO,2.0,dCh2,train,1.0304042766455062,1.0245583484452805,-0.00584592820022567,science_lab/papers/cathode_response/revision_20260920/creep_sensitivity_20260925/fits/m7p3_published_w037_free.json,m7p3_published_c3c227610fd6d463c004d1960483bd63aae6e4bc35aa9899924d79c45d054767,7.3
m7p3_published_c3c227610fd6d463c004d1960483bd63aae6e4bc35aa9899924d79c45d054767,published,N-LCO,4.0,dCh1,check,1.046460550768711,1.044802889225233,-0.0016576615434780173,science_lab/papers/cathode_response/revision_20260920/creep_sensitivity_20260925/fits/m7p3_published_w037_free.json,m7p3_published_c3c227610fd6d463c004d1960483bd63aae6e4bc35aa9899924d79c45d054767,7.3
m7p3_published_c3c227610fd6d463c004d1960483bd63aae6e4bc35aa9899924d79c45d054767,published,N-LCO,4.0,dCh2,check,1.0393647575603988,1.0594299378700505,0.020065180309651653,science_lab/papers/cathode_response/revision_20260920/creep_sensitivity_20260925/fits/m7p3_published_w037_free.json,m7p3_published_c3c227610fd6d463c004d1960483bd63aae6e4bc35aa9899924d79c45d054767,7.3
m7p3_published_e2b064b1d754323caed757dba3404e6e1480c8d89f4968c2577a08c98a3c830a,published,P-LCO,0.2,dCh1,train,1.046875,1.0659455857688138,0.01907058576881382,science_lab/papers/cathode_response/revision_20260920/creep_sensitivity_20260925/fits/m7p3_published_w037_free.json,m7p3_published_e2b064b1d754323caed757dba3404e6e1480c8d89f4968c2577a08c98a3c830a,7.3
m7p3_published_e2b064b1d754323caed757dba3404e6e1480c8d89f4968c2577a08c98a3c830a,published,P-LCO,0.2,dCh2,train,1.13171875,1.1244517966755363,-0.00726695332446381,science_lab/papers/cathode_response/revision_20260920/creep_sensitivity_20260925/fits/m7p3_published_w037_free.json,m7p3_published_e2b064b1d754323caed757dba3404e6e1480c8d89f4968c2577a08c98a3c830a,7.3
m7p3_published_e2b064b1d754323caed757dba3404e6e1480c8d89f4968c2577a08c98a3c830a,published,P-LCO,0.5,dCh1,check,1.0293294030950626,1.0225138314519504,-0.006815571643112195,science_lab/papers/cathode_response/revision_20260920/creep_sensitivity_20260925/fits/m7p3_published_w037_free.json,m7p3_published_e2b064b1d754323caed757dba3404e6e1480c8d89f4968c2577a08c98a3c830a,7.3
m7p3_published_e2b064b1d754323caed757dba3404e6e1480c8d89f4968c2577a08c98a3c830a,published,P-LCO,0.5,dCh2,check,1.1516580692704494,1.1310704040949646,-0.020587665175484826,science_lab/papers/cathode_response/revision_20260920/creep_sensitivity_20260925/fits/m7p3_published_w037_free.json,m7p3_published_e2b064b1d754323caed757dba3404e6e1480c8d89f4968c2577a08c98a3c830a,7.3
m7p3_published_e2b064b1d754323caed757dba3404e6e1480c8d89f4968c2577a08c98a3c830a,published,P-LCO,2.0,dCh1,train,1.1113235294117647,1.1176884499146453,0.006364920502880622,science_lab/papers/cathode_response/revision_20260920/creep_sensitivity_20260925/fits/m7p3_published_w037_free.json,m7p3_published_e2b064b1d754323caed757dba3404e6e1480c8d89f4968c2577a08c98a3c830a,7.3
m7p3_published_e2b064b1d754323caed757dba3404e6e1480c8d89f4968c2577a08c98a3c830a,published,P-LCO,2.0,dCh2,train,1.1247058823529412,1.147394924575638,0.022689042222696854,science_lab/papers/cathode_response/revision_20260920/creep_sensitivity_20260925/fits/m7p3_published_w037_free.json,m7p3_published_e2b064b1d754323caed757dba3404e6e1480c8d89f4968c2577a08c98a3c830a,7.3
m7p3_published_e2b064b1d754323caed757dba3404e6e1480c8d89f4968c2577a08c98a3c830a,published,P-LCO,4.0,dCh1,check,1.123355946282708,1.1089298779762335,-0.014426068306474527,science_lab/papers/cathode_response/revision_20260920/creep_sensitivity_20260925/fits/m7p3_published_w037_free.json,m7p3_published_e2b064b1d754323caed757dba3404e6e1480c8d89f4968c2577a08c98a3c830a,7.3
m7p3_published_e2b064b1d754323caed757dba3404e6e1480c8d89f4968c2577a08c98a3c830a,published,P-LCO,4.0,dCh2,check,1.1635054686418387,1.1417373169785392,-0.021768151663299484,science_lab/papers/cathode_response/revision_20260920/creep_sensitivity_20260925/fits/m7p3_published_w037_free.json,m7p3_published_e2b064b1d754323caed757dba3404e6e1480c8d89f4968c2577a08c98a3c830a,7.3
m7p3_published_e2b064b1d754323caed757dba3404e6e1480c8d89f4968c2577a08c98a3c830a,published,N-LCO,0.2,dCh1,train,1.0086092715231787,0.9944996250307193,-0.014109646492459382,science_lab/papers/cathode_response/revision_20260920/creep_sensitivity_20260925/fits/m7p3_published_w037_free.json,m7p3_published_e2b064b1d754323caed757dba3404e6e1480c8d89f4968c2577a08c98a3c830a,7.3
m7p3_published_e2b064b1d754323caed757dba3404e6e1480c8d89f4968c2577a08c98a3c830a,published,N-LCO,0.2,dCh2,train,1.0,0.9784597676469113,-0.021540232353088662,science_lab/papers/cathode_response/revision_20260920/creep_sensitivity_20260925/fits/m7p3_published_w037_free.json,m7p3_published_e2b064b1d754323caed757dba3404e6e1480c8d89f4968c2577a08c98a3c830a,7.3
m7p3_published_e2b064b1d754323caed757dba3404e6e1480c8d89f4968c2577a08c98a3c830a,published,N-LCO,2.0,dCh1,train,1.0255596391580355,1.033326607715995,0.007766968557959553,science_lab/papers/cathode_response/revision_20260920/creep_sensitivity_20260925/fits/m7p3_published_w037_free.json,m7p3_published_e2b064b1d754323caed757dba3404e6e1480c8d89f4968c2577a08c98a3c830a,7.3
m7p3_published_e2b064b1d754323caed757dba3404e6e1480c8d89f4968c2577a08c98a3c830a,published,N-LCO,2.0,dCh2,train,1.0304042766455062,1.0323170511740625,0.0019127745285563158,science_lab/papers/cathode_response/revision_20260920/creep_sensitivity_20260925/fits/m7p3_published_w037_free.json,m7p3_published_e2b064b1d754323caed757dba3404e6e1480c8d89f4968c2577a08c98a3c830a,7.3
m7p3_published_e2b064b1d754323caed757dba3404e6e1480c8d89f4968c2577a08c98a3c830a,published,N-LCO,4.0,dCh1,check,1.046460550768711,1.0355401776239266,-0.010920373144784445,science_lab/papers/cathode_response/revision_20260920/creep_sensitivity_20260925/fits/m7p3_published_w037_free.json,m7p3_published_e2b064b1d754323caed757dba3404e6e1480c8d89f4968c2577a08c98a3c830a,7.3
m7p3_published_e2b064b1d754323caed757dba3404e6e1480c8d89f4968c2577a08c98a3c830a,published,N-LCO,4.0,dCh2,check,1.0393647575603988,1.0496512083158922,0.010286450755493393,science_lab/papers/cathode_response/revision_20260920/creep_sensitivity_20260925/fits/m7p3_published_w037_free.json,m7p3_published_e2b064b1d754323caed757dba3404e6e1480c8d89f4968c2577a08c98a3c830a,7.3
m7p3_robust_ceef5a50b1ebb27f46fcf415f8592d1a251d3dff5715b103f125c2fcd062877a,robust,P-LCO,0.2,dCh1,train,1.0453503770924053,1.0511900361143316,0.005839659021926291,science_lab/papers/cathode_response/revision_20260920/creep_sensitivity_20260925/fits/m7p3_robust_w033_free.json,m7p3_robust_ceef5a50b1ebb27f46fcf415f8592d1a251d3dff5715b103f125c2fcd062877a,7.3
m7p3_robust_ceef5a50b1ebb27f46fcf415f8592d1a251d3dff5715b103f125c2fcd062877a,robust,P-LCO,0.2,dCh2,train,1.1142607011764938,1.0982899014458127,-0.01597079973068105,science_lab/papers/cathode_response/revision_20260920/creep_sensitivity_20260925/fits/m7p3_robust_w033_free.json,m7p3_robust_ceef5a50b1ebb27f46fcf415f8592d1a251d3dff5715b103f125c2fcd062877a,7.3
m7p3_robust_ceef5a50b1ebb27f46fcf415f8592d1a251d3dff5715b103f125c2fcd062877a,robust,P-LCO,0.5,dCh1,check,1.016764675743518,1.030619384237311,0.013854708493793,science_lab/papers/cathode_response/revision_20260920/creep_sensitivity_20260925/fits/m7p3_robust_w033_free.json,m7p3_robust_ceef5a50b1ebb27f46fcf415f8592d1a251d3dff5715b103f125c2fcd062877a,7.3
m7p3_robust_ceef5a50b1ebb27f46fcf415f8592d1a251d3dff5715b103f125c2fcd062877a,robust,P-LCO,0.5,dCh2,check,1.095053633162125,1.115852830840578,0.020799197678452952,science_lab/papers/cathode_response/revision_20260920/creep_sensitivity_20260925/fits/m7p3_robust_w033_free.json,m7p3_robust_ceef5a50b1ebb27f46fcf415f8592d1a251d3dff5715b103f125c2fcd062877a,7.3
m7p3_robust_ceef5a50b1ebb27f46fcf415f8592d1a251d3dff5715b103f125c2fcd062877a,robust,P-LCO,2.0,dCh1,train,1.1117832872784075,1.0909840849961798,-0.020799202282227647,science_lab/papers/cathode_response/revision_20260920/creep_sensitivity_20260925/fits/m7p3_robust_w033_free.json,m7p3_robust_ceef5a50b1ebb27f46fcf415f8592d1a251d3dff5715b103f125c2fcd062877a,7.3
m7p3_robust_ceef5a50b1ebb27f46fcf415f8592d1a251d3dff5715b103f125c2fcd062877a,robust,P-LCO,2.0,dCh2,train,1.1188968899800256,1.1139027463234557,-0.004994143656569916,science_lab/papers/cathode_response/revision_20260920/creep_sensitivity_20260925/fits/m7p3_robust_w033_free.json,m7p3_robust_ceef5a50b1ebb27f46fcf415f8592d1a251d3dff5715b103f125c2fcd062877a,7.3
m7p3_robust_ceef5a50b1ebb27f46fcf415f8592d1a251d3dff5715b103f125c2fcd062877a,robust,P-LCO,4.0,dCh1,check,1.1095175835524622,1.0887184610135359,-0.02079912253892635,science_lab/papers/cathode_response/revision_20260920/creep_sensitivity_20260925/fits/m7p3_robust_w033_free.json,m7p3_robust_ceef5a50b1ebb27f46fcf415f8592d1a251d3dff5715b103f125c2fcd062877a,7.3
m7p3_robust_ceef5a50b1ebb27f46fcf415f8592d1a251d3dff5715b103f125c2fcd062877a,robust,P-LCO,4.0,dCh2,check,1.119590945453795,1.1159930471438126,-0.0035978983099822504,science_lab/papers/cathode_response/revision_20260920/creep_sensitivity_20260925/fits/m7p3_robust_w033_free.json,m7p3_robust_ceef5a50b1ebb27f46fcf415f8592d1a251d3dff5715b103f125c2fcd062877a,7.3
m7p3_robust_ceef5a50b1ebb27f46fcf415f8592d1a251d3dff5715b103f125c2fcd062877a,robust,N-LCO,0.2,dCh1,train,1.0021270660735158,1.0229262696693548,0.02079920359583909,science_lab/papers/cathode_response/revision_20260920/creep_sensitivity_20260925/fits/m7p3_robust_w033_free.json,m7p3_robust_ceef5a50b1ebb27f46fcf415f8592d1a251d3dff5715b103f125c2fcd062877a,7.3
m7p3_robust_ceef5a50b1ebb27f46fcf415f8592d1a251d3dff5715b103f125c2fcd062877a,robust,N-LCO,0.2,dCh2,train,1.0548699940642448,1.0340707911789393,-0.020799202885305457,science_lab/papers/cathode_response/revision_20260920/creep_sensitivity_20260925/fits/m7p3_robust_w033_free.json,m7p3_robust_ceef5a50b1ebb27f46fcf415f8592d1a251d3dff5715b103f125c2fcd062877a,7.3
m7p3_robust_ceef5a50b1ebb27f46fcf415f8592d1a251d3dff5715b103f125c2fcd062877a,robust,N-LCO,2.0,dCh1,train,1.0252842384911032,1.0337287884235833,0.008444549932480117,science_lab/papers/cathode_response/revision_20260920/creep_sensitivity_20260925/fits/m7p3_robust_w033_free.json,m7p3_robust_ceef5a50b1ebb27f46fcf415f8592d1a251d3dff5715b103f125c2fcd062877a,7.3
m7p3_robust_ceef5a50b1ebb27f46fcf415f8592d1a251d3dff5715b103f125c2fcd062877a,robust,N-LCO,2.0,dCh2,train,1.02969348160086,1.0499951481692802,0.02030166656842014,science_lab/papers/cathode_response/revision_20260920/creep_sensitivity_20260925/fits/m7p3_robust_w033_free.json,m7p3_robust_ceef5a50b1ebb27f46fcf415f8592d1a251d3dff5715b103f125c2fcd062877a,7.3
m7p3_robust_ceef5a50b1ebb27f46fcf415f8592d1a251d3dff5715b103f125c2fcd062877a,robust,N-LCO,4.0,dCh1,check,1.0324750314259366,1.0247029914043446,-0.0077720400215919305,science_lab/papers/cathode_response/revision_20260920/creep_sensitivity_20260925/fits/m7p3_robust_w033_free.json,m7p3_robust_ceef5a50b1ebb27f46fcf415f8592d1a251d3dff5715b103f125c2fcd062877a,7.3
m7p3_robust_ceef5a50b1ebb27f46fcf415f8592d1a251d3dff5715b103f125c2fcd062877a,robust,N-LCO,4.0,dCh2,check,1.0380410531938569,1.0368787995127449,-0.0011622536811120021,science_lab/papers/cathode_response/revision_20260920/creep_sensitivity_20260925/fits/m7p3_robust_w033_free.json,m7p3_robust_ceef5a50b1ebb27f46fcf415f8592d1a251d3dff5715b103f125c2fcd062877a,7.3
m7p3_robust_e68d8674828edc799df4dbdcade2a8f1e169db881444d16e59641c922318d8fc,robust,P-LCO,0.2,dCh1,train,1.0453503770924053,1.0559442432300281,0.01059386613762281,science_lab/papers/cathode_response/revision_20260920/creep_sensitivity_20260925/fits/m7p3_robust_w049_free.json,m7p3_robust_e68d8674828edc799df4dbdcade2a8f1e169db881444d16e59641c922318d8fc,7.3
m7p3_robust_e68d8674828edc799df4dbdcade2a8f1e169db881444d16e59641c922318d8fc,robust,P-LCO,0.2,dCh2,train,1.1142607011764938,1.0989897940903783,-0.015270907086115448,science_lab/papers/cathode_response/revision_20260920/creep_sensitivity_20260925/fits/m7p3_robust_w049_free.json,m7p3_robust_e68d8674828edc799df4dbdcade2a8f1e169db881444d16e59641c922318d8fc,7.3
m7p3_robust_e68d8674828edc799df4dbdcade2a8f1e169db881444d16e59641c922318d8fc,robust,P-LCO,0.5,dCh1,check,1.016764675743518,1.037473229252757,0.020708553509239058,science_lab/papers/cathode_response/revision_20260920/creep_sensitivity_20260925/fits/m7p3_robust_w049_free.json,m7p3_robust_e68d8674828edc799df4dbdcade2a8f1e169db881444d16e59641c922318d8fc,7.3
m7p3_robust_e68d8674828edc799df4dbdcade2a8f1e169db881444d16e59641c922318d8fc,robust,P-LCO,0.5,dCh2,check,1.095053633162125,1.1157621837837113,0.020708550621586275,science_lab/papers/cathode_response/revision_20260920/creep_sensitivity_20260925/fits/m7p3_robust_w049_free.json,m7p3_robust_e68d8674828edc799df4dbdcade2a8f1e169db881444d16e59641c922318d8fc,7.3
m7p3_robust_e68d8674828edc799df4dbdcade2a8f1e169db881444d16e59641c922318d8fc,robust,P-LCO,2.0,dCh1,train,1.1117832872784075,1.0910747328056625,-0.020708554472745,science_lab/papers/cathode_response/revision_20260920/creep_sensitivity_20260925/fits/m7p3_robust_w049_free.json,m7p3_robust_e68d8674828edc799df4dbdcade2a8f1e169db881444d16e59641c922318d8fc,7.3
m7p3_robust_e68d8674828edc799df4dbdcade2a8f1e169db881444d16e59641c922318d8fc,robust,P-LCO,2.0,dCh2,train,1.1188968899800256,1.1137831839019097,-0.005113706078115898,science_lab/papers/cathode_response/revision_20260920/creep_sensitivity_20260925/fits/m7p3_robust_w049_free.json,m7p3_robust_e68d8674828edc799df4dbdcade2a8f1e169db881444d16e59641c922318d8fc,7.3
m7p3_robust_e68d8674828edc799df4dbdcade2a8f1e169db881444d16e59641c922318d8fc,robust,P-LCO,4.0,dCh1,check,1.1095175835524622,1.088809028241594,-0.020708555310868126,science_lab/papers/cathode_response/revision_20260920/creep_sensitivity_20260925/fits/m7p3_robust_w049_free.json,m7p3_robust_e68d8674828edc799df4dbdcade2a8f1e169db881444d16e59641c922318d8fc,7.3
m7p3_robust_e68d8674828edc799df4dbdcade2a8f1e169db881444d16e59641c922318d8fc,robust,P-LCO,4.0,dCh2,check,1.119590945453795,1.115858476650499,-0.0037324688032958075,science_lab/papers/cathode_response/revision_20260920/creep_sensitivity_20260925/fits/m7p3_robust_w049_free.json,m7p3_robust_e68d8674828edc799df4dbdcade2a8f1e169db881444d16e59641c922318d8fc,7.3
m7p3_robust_e68d8674828edc799df4dbdcade2a8f1e169db881444d16e59641c922318d8fc,robust,N-LCO,0.2,dCh1,train,1.0021270660735158,1.0215530265843231,0.01942596051080736,science_lab/papers/cathode_response/revision_20260920/creep_sensitivity_20260925/fits/m7p3_robust_w049_free.json,m7p3_robust_e68d8674828edc799df4dbdcade2a8f1e169db881444d16e59641c922318d8fc,7.3
m7p3_robust_e68d8674828edc799df4dbdcade2a8f1e169db881444d16e59641c922318d8fc,robust,N-LCO,0.2,dCh2,train,1.0548699940642448,1.0418675971632734,-0.01300239690097138,science_lab/papers/cathode_response/revision_20260920/creep_sensitivity_20260925/fits/m7p3_robust_w049_free.json,m7p3_robust_e68d8674828edc799df4dbdcade2a8f1e169db881444d16e59641c922318d8fc,7.3
m7p3_robust_e68d8674828edc799df4dbdcade2a8f1e169db881444d16e59641c922318d8fc,robust,N-LCO,2.0,dCh1,train,1.0252842384911032,1.0328856134255533,0.0076013749344501225,science_lab/papers/cathode_response/revision_20260920/creep_sensitivity_20260925/fits/m7p3_robust_w049_free.json,m7p3_robust_e68d8674828edc799df4dbdcade2a8f1e169db881444d16e59641c922318d8fc,7.3
m7p3_robust_e68d8674828edc799df4dbdcade2a8f1e169db881444d16e59641c922318d8fc,robust,N-LCO,2.0,dCh2,train,1.02969348160086,1.0504020369745097,0.020708555373649684,science_lab/papers/cathode_response/revision_20260920/creep_sensitivity_20260925/fits/m7p3_robust_w049_free.json,m7p3_robust_e68d8674828edc799df4dbdcade2a8f1e169db881444d16e59641c922318d8fc,7.3
m7p3_robust_e68d8674828edc799df4dbdcade2a8f1e169db881444d16e59641c922318d8fc,robust,N-LCO,4.0,dCh1,check,1.0324750314259366,1.0232093399541673,-0.009265691471769255,science_lab/papers/cathode_response/revision_20260920/creep_sensitivity_20260925/fits/m7p3_robust_w049_free.json,m7p3_robust_e68d8674828edc799df4dbdcade2a8f1e169db881444d16e59641c922318d8fc,7.3
m7p3_robust_e68d8674828edc799df4dbdcade2a8f1e169db881444d16e59641c922318d8fc,robust,N-LCO,4.0,dCh2,check,1.0380410531938569,1.034750334156256,-0.003290719037600809,science_lab/papers/cathode_response/revision_20260920/creep_sensitivity_20260925/fits/m7p3_robust_w049_free.json,m7p3_robust_e68d8674828edc799df4dbdcade2a8f1e169db881444d16e59641c922318d8fc,7.3
