cathode,q_mAh_cm2,increment_kPa
P-LCO,0.0,0.0
P-LCO,4.079999999994754e-05,0.0007650000000012369
P-LCO,0.0003648000000000451,-0.18313500000000005
P-LCO,0.0007008000000001146,-0.5467349999999982
P-LCO,0.001036799999999971,-0.392434999999999
P-LCO,0.0013728000000000405,-0.5975350000000006
P-LCO,0.0017088000000001103,-0.6123350000000016
P-LCO,0.0020327999999999943,-0.447535000000002
P-LCO,0.002368800000000064,-0.6526349999999965
P-LCO,0.0027047999999999205,-0.3610350000000011
P-LCO,0.00304079999999999,-0.5238349999999983
P-LCO,0.0033768000000000595,-0.3801350000000028
P-LCO,0.003700799999999944,-0.18363500000000244
P-LCO,0.004036800000000014,-0.5261349999999965
P-LCO,0.004372800000000083,-0.24503500000000145
P-LCO,0.004708799999999939,-0.3021349999999998
P-LCO,0.005044800000000009,-0.29593500000000006
P-LCO,0.005368800000000107,-0.05713500000000238
P-LCO,0.005704799999999963,-0.10373500000000035
P-LCO,0.006040800000000033,0.27246499999999685
P-LCO,0.0063768000000001025,-0.0911350000000013
P-LCO,0.006700799999999987,0.4012650000000022
P-LCO,0.007036800000000056,0.3335650000000001
P-LCO,0.0073728000000001254,0.04386500000000382
P-LCO,0.007708799999999982,0.007865000000002453
P-LCO,0.008044800000000052,0.35236499999999893
P-LCO,0.008368799999999937,0.3374650000000017
P-LCO,0.008704800000000006,0.6713650000000015
P-LCO,0.009040800000000074,0.4450649999999996
P-LCO,0.009376799999999932,0.018064999999999998
P-LCO,0.0097128,0.10886500000000154
P-LCO,0.010036800000000099,0.3476649999999992
P-LCO,0.010372799999999955,0.19536500000000245
P-LCO,0.010708800000000025,0.36016500000000207
P-LCO,0.011044800000000094,0.091664999999999
P-LCO,0.011380799999999951,0.23526499999999828
P-LCO,0.011704800000000048,0.47406500000000307
P-LCO,0.012040800000000117,0.40626499999999766
P-LCO,0.012376799999999974,0.07436500000000024
P-LCO,0.012712800000000043,0.23916499999999985
P-LCO,0.013036799999999928,0.3404650000000018
P-LCO,0.013372799999999997,0.5263649999999984
P-LCO,0.013708800000000068,0.16276500000000027
P-LCO,0.014044799999999923,0.0104650000000035
P-LCO,0.014380799999999992,0.13296499999999867
P-LCO,0.01470480000000009,-0.05103499999999883
P-LCO,0.015040799999999946,0.2617649999999969
P-LCO,0.015376800000000017,0.07776499999999942
P-LCO,0.015712800000000086,0.2213649999999987
P-LCO,0.016048799999999943,-0.06833499999999759
P-LCO,0.01637280000000004,0.4028649999999985
P-LCO,0.01670880000000011,-0.01353499999999741
P-LCO,0.017044799999999968,0.1617650000000026
P-LCO,0.017380800000000036,-0.022235000000002003
P-LCO,0.017716800000000105,0.5123650000000026
P-LCO,0.01804079999999999,0.22266499999999922
P-LCO,0.018376800000000058,0.1126649999999998
P-LCO,0.018712799999999915,0.3514649999999975
P-LCO,0.019048799999999984,-0.1285349999999994
P-LCO,0.019372800000000082,-0.04823499999999825
P-LCO,0.01970879999999994,0.21156500000000023
P-LCO,0.02004480000000001,-0.28943499999999744
P-LCO,0.020380800000000077,0.05496500000000282
P-LCO,0.020716799999999935,-0.21363499999999647
P-LCO,0.021040800000000033,0.27876499999999993
P-LCO,0.021376800000000102,0.14756500000000017
P-LCO,0.02171279999999996,-0.004734999999996603
P-LCO,0.022048800000000028,0.13886500000000268
P-LCO,0.022384800000000097,-0.341034999999998
P-LCO,0.02270879999999998,-0.10233499999999651
P-LCO,0.023044800000000053,-0.265234999999997
P-LCO,0.02338080000000012,-0.08993499999999699
P-LCO,0.023716799999999975,-0.31623499999999893
P-LCO,0.024052800000000048,-0.19373499999999666
P-LCO,0.02437679999999993,-0.2826349999999991
P-LCO,0.0247128,-0.1390349999999998
P-LCO,0.02504880000000007,0.0256650000000036
P-LCO,0.025384799999999926,-0.05263500000000221
P-LCO,0.025720799999999995,0.038065000000003124
P-LCO,0.026044800000000094,-0.1776350000000022
P-LCO,0.02638079999999995,-0.10803500000000099
P-LCO,0.02671680000000002,0.268065
P-LCO,0.02705280000000009,0.27426499999999976
P-LCO,0.027388799999999946,0.10076500000000266
P-LCO,0.027712800000000044,0.21266500000000121
P-LCO,0.028048800000000113,0.6204650000000029
P-LCO,0.02838479999999997,0.37296500000000066
P-LCO,0.02872080000000004,0.6962650000000039
P-LCO,0.029056800000000108,0.6072649999999982
P-LCO,0.02938079999999999,0.6451649999999987
P-LCO,0.02971680000000006,0.6725649999999987
P-LCO,0.030052799999999918,0.6047650000000004
P-LCO,0.030388799999999987,0.45236500000000035
P-LCO,0.03072480000000006,1.060965000000003
P-LCO,0.031048799999999942,0.5070649999999972
P-LCO,0.03138480000000001,0.7457649999999987
P-LCO,0.031720800000000084,0.8681649999999976
P-LCO,0.03205679999999994,0.8003649999999993
P-LCO,0.032392800000000006,0.954464999999999
P-LCO,0.0327168000000001,0.47456499999999835
P-LCO,0.03305279999999996,0.7554650000000009
P-LCO,0.03338880000000003,1.131565000000002
P-LCO,0.0337248000000001,0.651564999999998
P-LCO,0.03404879999999998,0.8691650000000024
P-LCO,0.034384800000000056,0.801364999999997
P-LCO,0.03472080000000012,1.3147650000000013
P-LCO,0.03505679999999998,0.9721649999999968
P-LCO,0.03539280000000005,0.9149650000000022
P-LCO,0.03571679999999993,1.4706650000000039
P-LCO,0.0360528,1.1280649999999994
P-LCO,0.036388800000000075,1.1130649999999989
P-LCO,0.03672479999999993,1.0347650000000002
P-LCO,0.0370608,1.4952650000000034
P-LCO,0.0373848000000001,1.3851650000000006
P-LCO,0.03772079999999995,1.0214649999999992
P-LCO,0.03805680000000002,1.006565000000002
P-LCO,0.038392800000000095,0.8330649999999977
P-LCO,0.038728799999999945,0.9976649999999978
P-LCO,0.03905280000000005,0.9827650000000006
P-LCO,0.03938880000000011,0.8303650000000005
P-LCO,0.03972479999999997,0.8787650000000014
P-LCO,0.04006080000000004,0.7898649999999989
P-LCO,0.040396800000000115,0.6374649999999988
P-LCO,0.040720799999999995,0.9923649999999995
P-LCO,0.04105680000000007,0.7131650000000036
P-LCO,0.041392799999999924,0.7932649999999981
P-LCO,0.04172879999999999,1.0530650000000037
P-LCO,0.04206480000000006,0.9218649999999968
P-LCO,0.04238879999999994,0.9702649999999977
P-LCO,0.042724800000000014,0.9763650000000013
P-LCO,0.043060800000000087,1.426364999999997
P-LCO,0.043396799999999944,0.8512649999999979
P-LCO,0.04373280000000001,0.9736649999999969
P-LCO,0.044056800000000104,0.8847650000000016
P-LCO,0.04439279999999996,1.2607649999999992
P-LCO,0.044728800000000034,0.9920650000000037
P-LCO,0.045064800000000106,1.0404649999999975
P-LCO,0.045388799999999986,0.9620650000000026
P-LCO,0.04572480000000006,1.4966650000000001
P-LCO,0.046060799999999916,1.5978649999999988
P-LCO,0.04639679999999998,1.4877650000000031
P-LCO,0.04673280000000005,1.631264999999999
P-LCO,0.04705679999999994,1.5845649999999978
P-LCO,0.047392800000000006,1.2947649999999982
P-LCO,0.04772880000000008,1.5756650000000008
P-LCO,0.048064799999999935,1.4232650000000007
P-LCO,0.0484008,1.2708650000000006
P-LCO,0.0487248000000001,1.2030650000000023
P-LCO,0.04906079999999995,1.621265000000001
P-LCO,0.049396800000000025,1.743665
P-LCO,0.0497328000000001,1.242564999999999
P-LCO,0.05006879999999995,1.6396650000000008
P-LCO,0.05039280000000005,1.5083649999999977
P-LCO,0.050728800000000115,1.398265000000002
P-LCO,0.05106479999999997,1.4572649999999996
P-LCO,0.051400800000000045,1.8543650000000014
P-LCO,0.05172479999999993,1.4165649999999985
P-LCO,0.0520608,1.7925650000000033
P-LCO,0.05239680000000007,1.6824650000000005
P-LCO,0.05273279999999993,1.1813649999999996
P-LCO,0.05306879999999999,0.8915649999999999
P-LCO,0.053392800000000094,0.7179649999999995
P-LCO,0.053728799999999945,1.0199649999999991
P-LCO,0.05406480000000002,1.395965000000004
P-LCO,0.05440080000000009,1.3809650000000033
P-LCO,0.05473679999999995,1.1967649999999992
P-LCO,0.05506080000000004,1.2980650000000011
P-LCO,0.055396800000000114,1.0082650000000015
P-LCO,0.055732799999999964,0.8769649999999984
P-LCO,0.05606880000000004,1.3585649999999987
P-LCO,0.05640480000000011,0.7411650000000023
P-LCO,0.05672879999999999,1.0537649999999985
P-LCO,0.05706480000000006,0.9013649999999984
P-LCO,0.05740079999999992,0.7911649999999995
P-LCO,0.057736799999999984,1.1882650000000012
P-LCO,0.058060800000000086,1.2577649999999991
P-LCO,0.05839679999999994,1.0630650000000017
P-LCO,0.05873280000000001,1.618665
P-LCO,0.05906880000000008,1.0012650000000036
P-LCO,0.05940479999999994,1.0813649999999981
P-LCO,0.05972880000000003,1.2882650000000027
P-LCO,0.060064800000000106,1.4633650000000031
P-LCO,0.060400799999999956,0.9093650000000011
P-LCO,0.06073680000000003,1.4966650000000001
P-LCO,0.0610728000000001,1.7035649999999976
P-LCO,0.06139679999999998,1.5511649999999975
P-LCO,0.06173280000000005,1.5571649999999977
P-LCO,0.06206880000000012,1.8169650000000033
P-LCO,0.062404799999999976,1.6855649999999969
P-LCO,0.06274080000000004,1.279564999999998
P-LCO,0.06306479999999993,1.6554649999999995
P-LCO,0.06340080000000001,1.661565000000003
P-LCO,0.06373680000000007,1.8472650000000002
P-LCO,0.06407279999999993,1.620865000000002
P-LCO,0.06439680000000003,1.6797650000000033
P-LCO,0.06473280000000009,1.358265000000003
P-LCO,0.06506879999999995,1.945565000000002
P-LCO,0.06540480000000003,1.814264999999999
P-LCO,0.06574080000000009,1.4504650000000012
P-LCO,0.06606479999999998,1.266264999999997
P-LCO,0.06640080000000004,1.2511650000000003
P-LCO,0.06673680000000011,2.0921650000000014
P-LCO,0.06707279999999997,1.1470649999999978
P-LCO,0.06740880000000005,1.406765
P-LCO,0.06773279999999993,1.021765000000002
P-LCO,0.0680688,0.7953650000000039
P-LCO,0.06840480000000006,0.9916649999999976
P-LCO,0.06874079999999992,0.8814649999999986
P-LCO,0.0690768,0.9720650000000006
P-LCO,0.06940080000000008,0.7561650000000029
P-LCO,0.06973679999999995,0.5508650000000017
P-LCO,0.07007280000000002,0.6520650000000003
P-LCO,0.07040880000000008,0.6052650000000028
P-LCO,0.07073279999999997,0.643065
P-LCO,0.07106880000000003,0.5750650000000022
P-LCO,0.0714048000000001,0.8347649999999973
P-LCO,0.07174079999999997,0.8619649999999979
P-LCO,0.07207680000000004,0.7306650000000019
P-LCO,0.07240079999999992,0.8529649999999975
P-LCO,0.07273679999999999,0.7638650000000027
P-LCO,0.07307280000000005,0.6536650000000037
P-LCO,0.07340879999999991,0.6913649999999976
P-LCO,0.07374479999999999,0.5283650000000009
P-LCO,0.07406880000000007,1.0205649999999977
P-LCO,0.07440479999999994,0.8468650000000011
P-LCO,0.07474080000000001,1.0114650000000012
P-LCO,0.07507680000000007,0.8801649999999981
P-LCO,0.07541279999999993,0.8333650000000006
P-LCO,0.07573680000000003,1.0718650000000025
P-LCO,0.0760728000000001,0.5494649999999979
P-LCO,0.07640879999999996,0.8831649999999982
P-LCO,0.07674480000000003,0.5826649999999987
P-LCO,0.07708080000000009,0.8634649999999979
P-LCO,0.07740479999999998,0.8483650000000011
P-LCO,0.07774080000000004,1.065764999999999
P-LCO,0.07807680000000011,0.7230649999999983
P-LCO,0.07841279999999998,0.6128649999999993
P-LCO,0.07873680000000007,0.6716649999999973
P-LCO,0.07907279999999993,0.5614649999999983
P-LCO,0.0794088,0.3561649999999972
P-LCO,0.07974480000000006,0.8694649999999982
P-LCO,0.08008079999999992,0.6218649999999997
P-LCO,0.08040480000000003,0.3953649999999982
P-LCO,0.08074080000000008,0.7501650000000026
P-LCO,0.08107679999999995,0.428564999999999
P-LCO,0.08141280000000002,0.39226500000000186
P-LCO,0.08174880000000008,0.6730650000000011
P-LCO,0.08207279999999997,0.7319650000000024
P-LCO,0.08240880000000005,0.5688650000000024
P-LCO,0.0827448000000001,0.37406500000000165
P-LCO,0.08308079999999997,0.3800650000000019
P-LCO,0.08341680000000004,0.2698650000000029
P-LCO,0.08374079999999992,0.18076500000000095
P-LCO,0.0840768,0.26076499999999925
P-LCO,0.08441280000000005,0.48866499999999746
P-LCO,0.08474879999999992,0.5474650000000025
P-LCO,0.08508479999999999,0.43726500000000357
P-LCO,0.08540880000000008,0.3270649999999975
P-LCO,0.08574479999999994,0.3118649999999974
P-LCO,0.08608080000000001,0.3812649999999991
P-LCO,0.08641680000000007,0.3450649999999982
P-LCO,0.08675279999999994,0.0022650000000012938
P-LCO,0.08707680000000004,0.39926499999999976
P-LCO,0.0874128000000001,-0.04913499999999971
P-LCO,0.08774879999999996,-0.04313499999999948
P-LCO,0.08808480000000003,0.026265000000002203
P-LCO,0.08840879999999991,-0.14733499999999822
P-LCO,0.08874479999999998,-0.2576350000000005
P-LCO,0.08908080000000004,-0.44183499999999754
P-LCO,0.08941680000000012,-0.0660349999999994
P-LCO,0.08975279999999998,-0.007134999999998115
P-LCO,0.09007680000000007,-0.3921349999999961
P-LCO,0.09041279999999993,-0.2488349999999997
P-LCO,0.0907488,-0.24283499999999947
P-LCO,0.09108480000000006,-0.3108349999999973
P-LCO,0.09142079999999993,-0.3259350000000012
P-LCO,0.09174480000000003,-0.573635000000003
P-LCO,0.09208080000000009,-0.17663499999999743
P-LCO,0.09241679999999995,-0.3819349999999986
P-LCO,0.09275280000000002,-0.8515349999999984
P-LCO,0.09308880000000008,-0.00013500000000021828
P-LCO,0.09341279999999998,-0.5014350000000007
P-LCO,0.09374880000000005,-1.1400349999999975
P-LCO,0.09408480000000011,-0.3943349999999981
P-LCO,0.09442079999999997,-0.6419349999999966
P-LCO,0.09475680000000004,-0.6360349999999997
P-LCO,0.09508079999999992,-0.5560350000000014
P-LCO,0.0954168,-0.507835
P-LCO,0.09575280000000005,-0.7554349999999985
P-LCO,0.09608879999999992,-0.7706349999999986
P-LCO,0.09641280000000002,-0.5321349999999967
P-LCO,0.09674880000000008,-0.9700350000000029
P-LCO,0.09708479999999994,-0.4568349999999981
P-LCO,0.09742080000000002,-0.7995349999999988
P-LCO,0.09775680000000007,-0.8781350000000003
P-LCO,0.09808079999999997,-0.8933350000000004
P-LCO,0.09841680000000004,-0.7077349999999996
P-LCO,0.0987528000000001,-0.860235000000003
P-LCO,0.09908879999999996,-0.653534999999998
P-LCO,0.09942480000000004,-0.8060350000000014
P-LCO,0.09974879999999992,-0.6098349999999968
P-LCO,0.10008479999999999,-0.7941349999999971
P-LCO,0.10042080000000005,-0.3760350000000017
P-LCO,0.10075680000000012,-0.8456350000000015
P-LCO,0.10109279999999998,-0.6177349999999961
P-LCO,0.10141680000000007,-0.5166350000000008
P-LCO,0.10175279999999993,-0.6269350000000031
P-LCO,0.10208880000000001,-0.3673349999999971
P-LCO,0.10242480000000007,-0.7101350000000011
P-LCO,0.10276079999999993,-0.7041350000000008
P-LCO,0.10308480000000003,-0.7827350000000024
P-LCO,0.10342080000000009,-0.7979350000000025
P-LCO,0.10375679999999995,-0.7497350000000012
P-LCO,0.10409280000000003,-0.817734999999999
P-LCO,0.10442880000000009,-0.8329349999999991
P-LCO,0.10475279999999998,-0.4148349999999965
P-LCO,0.10508880000000005,-0.8844349999999963
P-LCO,0.10542480000000011,-0.9736350000000016
P-LCO,0.10576079999999997,-0.8091349999999977
P-LCO,0.10609680000000005,-0.9406350000000003
P-LCO,0.10642079999999993,-0.4696349999999967
P-LCO,0.1067568,-1.298535000000001
P-LCO,0.10709280000000006,-1.0390349999999984
P-LCO,0.10742879999999992,-1.4029349999999994
P-LCO,0.1077648,-1.1222349999999963
P-LCO,0.10808880000000008,-1.2008349999999979
P-LCO,0.10842479999999995,-1.0786349999999985
P-LCO,0.10876080000000002,-1.0727350000000015
P-LCO,0.10909680000000008,-1.4366350000000025
P-LCO,0.10942079999999997,-1.272235000000002
P-LCO,0.10975680000000004,-1.3825349999999972
P-LCO,0.1100928000000001,-1.0490349999999964
P-LCO,0.11042879999999997,-1.2544350000000009
P-LCO,0.11076480000000004,-1.0160350000000022
P-LCO,0.11108879999999992,-0.8726350000000025
P-LCO,0.11142479999999999,-1.1204350000000005
P-LCO,0.11176080000000006,-1.3681350000000023
P-LCO,0.11209679999999991,-1.2248349999999988
P-LCO,0.11243279999999999,-1.282235
P-LCO,0.11275680000000007,-1.4454349999999963
P-LCO,0.11309279999999994,-1.1858349999999973
P-LCO,0.11342880000000001,-1.412435000000002
P-LCO,0.11376480000000007,-1.4276350000000022
P-LCO,0.11410079999999993,-1.2843349999999987
P-LCO,0.11442480000000003,-2.0393350000000012
P-LCO,0.1147608000000001,-1.4944350000000028
P-LCO,0.11509679999999996,-1.9323349999999984
P-LCO,0.11543280000000003,-1.4614350000000016
P-LCO,0.11575680000000012,-1.8465349999999994
P-LCO,0.11609279999999998,-1.7561350000000004
P-LCO,0.11642880000000005,-1.792435000000001
P-LCO,0.11676480000000011,-1.765435
P-LCO,0.11710079999999998,-1.6644349999999974
P-LCO,0.11742480000000007,-1.8170350000000006
P-LCO,0.11776079999999993,-2.022434999999998
P-LCO,0.1180968,-1.7629349999999988
P-LCO,0.11843280000000006,-1.577334999999998
P-LCO,0.11876879999999992,-1.7299349999999976
P-LCO,0.11909280000000003,-1.7240350000000007
P-LCO,0.11942880000000008,-1.8343349999999994
P-LCO,0.11976479999999995,-1.6382350000000017
P-LCO,0.12010080000000002,-1.8860349999999997
P-LCO,0.12043680000000008,-1.8800349999999995
P-LCO,0.12076079999999997,-2.148934999999998
P-LCO,0.12109680000000005,-1.7520349999999993
P-LCO,0.1214328000000001,-2.1371350000000007
P-LCO,0.12176879999999997,-1.8564350000000012
P-LCO,0.12210480000000004,-1.8083349999999996
P-LCO,0.12242879999999992,-2.0137350000000005
P-LCO,0.1227648,-1.9550349999999987
P-LCO,0.12310080000000007,-2.023135
P-LCO,0.12343679999999992,-1.9221350000000008
P-LCO,0.12377279999999999,-1.6837349999999986
P-LCO,0.12409680000000008,-2.2062349999999995
P-LCO,0.12443279999999994,-2.3165349999999982
P-LCO,0.12476880000000001,-2.3846349999999994
P-LCO,0.12510480000000007,-2.495034999999998
P-LCO,0.12544079999999994,-2.182635000000001
P-LCO,0.12576480000000004,-2.2295349999999985
P-LCO,0.1261008000000001,-2.1497349999999997
P-LCO,0.12643679999999996,-2.1438349999999993
P-LCO,0.12677280000000002,-2.2753349999999983
P-LCO,0.1271088000000001,-2.480834999999999
P-LCO,0.12743279999999998,-2.0099349999999987
P-LCO,0.12776880000000004,-2.469034999999998
P-LCO,0.12810480000000013,-2.3469349999999984
P-LCO,0.12844079999999997,-1.8337350000000008
P-LCO,0.12877680000000005,-2.662734999999998
P-LCO,0.12910079999999993,-2.4243349999999992
P-LCO,0.1294368,-2.5347350000000013
P-LCO,0.12977280000000008,-2.3175349999999995
P-LCO,0.1301087999999999,-2.776634999999999
P-LCO,0.13043280000000002,-2.4642349999999986
P-LCO,0.1307688000000001,-2.8811350000000004
P-LCO,0.13110479999999994,-2.8224349999999987
P-LCO,0.13144080000000002,-2.795334999999998
P-LCO,0.13177680000000008,-2.9269350000000003
P-LCO,0.13210079999999996,-2.5088350000000013
P-LCO,0.13243680000000005,-2.6615350000000007
P-LCO,0.1327728000000001,-2.7296349999999983
P-LCO,0.13310879999999997,-3.0619349999999983
P-LCO,0.13344480000000003,-2.9398349999999986
P-LCO,0.1337687999999999,-2.891635000000001
P-LCO,0.1341048,-3.2134350000000005
P-LCO,0.13444080000000005,-3.1547349999999987
P-LCO,0.13477679999999992,-2.8106350000000013
P-LCO,0.13511279999999998,-3.354334999999999
P-LCO,0.13543680000000008,-3.369634999999999
P-LCO,0.13577279999999994,-3.501134999999998
P-LCO,0.1361088,-3.0831349999999986
P-LCO,0.1364448000000001,-3.5634349999999984
P-LCO,0.13678079999999992,-3.8322350000000007
P-LCO,0.13710480000000003,-3.245235000000001
P-LCO,0.1374408000000001,-3.609234999999998
P-LCO,0.13777679999999995,-3.624534999999998
P-LCO,0.13811280000000004,-3.534134999999999
P-LCO,0.1384488000000001,-3.5282349999999987
P-LCO,0.13877279999999997,-3.9345350000000003
P-LCO,0.13910880000000006,-3.6327350000000003
P-LCO,0.1394447999999999,-3.2359350000000013
P-LCO,0.13978079999999998,-3.293434999999999
P-LCO,0.14011680000000004,-3.2453350000000007
P-LCO,0.14044079999999992,-3.440335000000001
P-LCO,0.1407768,-3.3921349999999997
P-LCO,0.14111280000000007,-3.5660349999999994
P-LCO,0.14144879999999993,-2.778134999999999
P-LCO,0.14177280000000003,-3.1950350000000007
P-LCO,0.1421088000000001,-3.5273350000000008
P-LCO,0.14244479999999995,-3.246735000000001
P-LCO,0.1427808,-3.336034999999999
P-LCO,0.1431168000000001,-3.235035
P-LCO,0.14344079999999998,-3.419435
P-LCO,0.14377680000000004,-3.667234999999998
P-LCO,0.14411280000000012,-3.354935000000001
P-LCO,0.14444879999999996,-3.792935
P-LCO,0.14478480000000005,-3.5545350000000013
P-LCO,0.14510879999999993,-3.9820349999999998
P-LCO,0.14544479999999999,-3.8388349999999996
P-LCO,0.14578080000000007,-3.600435000000001
P-LCO,0.1461167999999999,-3.689734999999999
P-LCO,0.1464528,-3.7790350000000004
P-LCO,0.1467768000000001,-3.7732349999999997
P-LCO,0.14711279999999993,-3.5560350000000014
P-LCO,0.14744880000000002,-3.6875350000000005
P-LCO,0.14778480000000008,-3.6183349999999983
P-LCO,0.14810879999999996,-3.6970349999999996
P-LCO,0.14844480000000004,-3.765135000000001
P-LCO,0.1487808000000001,-4.287734999999998
P-LCO,0.14911679999999997,-4.007134999999998
P-LCO,0.14945280000000002,-3.959035
P-LCO,0.1497767999999999,-3.974335
P-LCO,0.1501128,-3.810034999999999
P-LCO,0.15044880000000005,-3.8042349999999985
P-LCO,0.1507847999999999,-4.020334999999999
P-LCO,0.15112079999999997,-4.046234999999999
P-LCO,0.15144480000000007,-4.198934999999999
P-LCO,0.15178079999999994,-3.9394349999999996
P-LCO,0.1521168,-4.2295349999999985
P-LCO,0.15245280000000008,-4.022935
P-LCO,0.15278879999999992,-4.038235
P-LCO,0.15311280000000002,-4.095835000000001
P-LCO,0.1534488000000001,-3.910335
P-LCO,0.15378479999999994,-4.105335
P-LCO,0.15412080000000003,-3.8987349999999985
P-LCO,0.1544568000000001,-3.988035
P-LCO,0.15478079999999997,-3.9822349999999993
P-LCO,0.15511680000000005,-4.177135
P-LCO,0.1554528000000001,-3.801434999999998
P-LCO,0.15578879999999998,-3.774535
P-LCO,0.15612480000000004,-4.3499349999999986
P-LCO,0.15644879999999992,-4.249034999999999
P-LCO,0.1567848,-3.9684349999999995
P-LCO,0.15712080000000006,-3.983834999999999
P-LCO,0.15745679999999992,-3.956834999999998
P-LCO,0.15779279999999998,-4.0884350000000005
P-LCO,0.15811680000000009,-4.124935000000001
P-LCO,0.15845279999999995,-4.309335000000001
P-LCO,0.1587888,-4.525434999999998
P-LCO,0.1591248000000001,-4.318835
P-LCO,0.15944879999999997,-4.513835
P-LCO,0.15978480000000003,-4.074735
P-LCO,0.16012080000000012,-4.026634999999999
P-LCO,0.16045679999999996,-4.137135000000001
P-LCO,0.16079280000000004,-4.2158349999999984
P-LCO,0.1611288000000001,-4.516535000000001
P-LCO,0.16145279999999998,-4.8277350000000006
P-LCO,0.16178880000000007,-4.3887350000000005
P-LCO,0.16212479999999993,-4.520334999999999
P-LCO,0.1624608,-4.789234999999998
P-LCO,0.1627848000000001,-4.878534999999999
P-LCO,0.16312079999999993,-4.407834999999999
P-LCO,0.1634568,-4.845835000000001
P-LCO,0.16379280000000007,-4.861235000000001
P-LCO,0.16412879999999994,-4.781434999999998
P-LCO,0.16445280000000004,-5.103234999999998
P-LCO,0.1647888000000001,-4.8861349999999995
P-LCO,0.16512479999999996,-4.954335
P-LCO,0.16546080000000002,-5.011935000000001
P-LCO,0.1657968000000001,-5.217534999999998
P-LCO,0.16612079999999999,-4.841835
P-LCO,0.16645680000000004,-5.047435
P-LCO,0.1667927999999999,-5.432635000000001
P-LCO,0.16712879999999997,-5.056934999999999
P-LCO,0.16746480000000005,-5.484435000000001
P-LCO,0.16778879999999993,-5.616035
P-LCO,0.1681248,-5.177035
P-LCO,0.16846080000000008,-4.896435
P-LCO,0.1687967999999999,-5.112635000000001
P-LCO,0.1691328,-4.927235
P-LCO,0.1694568000000001,-5.016535000000001
P-LCO,0.16979279999999994,-4.989635
P-LCO,0.17012880000000002,-4.730235
P-LCO,0.17046480000000008,-5.083735000000001
P-LCO,0.17078879999999996,-4.940635
P-LCO,0.17112480000000005,-4.892534999999999
P-LCO,0.1714608000000001,-4.865635000000001
P-LCO,0.17179679999999997,-4.6696349999999995
P-LCO,0.17213280000000003,-4.917535000000001
P-LCO,0.1724567999999999,-5.080835
P-LCO,0.1727928,-4.768535
P-LCO,0.17312880000000005,-4.974135
P-LCO,0.17346479999999992,-4.757034999999998
P-LCO,0.17380079999999998,-5.332535
P-LCO,0.17412480000000008,-4.9146350000000005
P-LCO,0.17446079999999994,-4.929935
P-LCO,0.1747968,-4.786835
P-LCO,0.1751328000000001,-5.119235
P-LCO,0.17546879999999992,-4.796434999999999
P-LCO,0.17579280000000003,-5.139434999999999
P-LCO,0.1761288000000001,-4.901135
P-LCO,0.17646479999999995,-5.212434999999999
P-LCO,0.17680080000000004,-5.143235000000001
P-LCO,0.1771368000000001,-5.222034999999998
P-LCO,0.17746079999999997,-5.057735000000001
P-LCO,0.17779680000000006,-4.935735000000001
P-LCO,0.17813279999999992,-5.141334999999998
P-LCO,0.17846879999999998,-5.177834999999998
P-LCO,0.17880480000000004,-5.341235000000001
P-LCO,0.17912879999999992,-5.029035
P-LCO,0.1794648,-5.276834999999998
P-LCO,0.17980080000000007,-5.461334999999998
P-LCO,0.18013679999999993,-5.170234999999998
P-LCO,0.18046080000000003,-5.333635000000001
P-LCO,0.1807968000000001,-5.232734999999998
P-LCO,0.18113279999999995,-5.385535000000001
P-LCO,0.1814688,-5.4009350000000005
P-LCO,0.1818048000000001,-5.5431349999999995
P-LCO,0.18212879999999998,-5.484535000000001
P-LCO,0.18246480000000004,-5.785235
P-LCO,0.18280080000000012,-5.589234999999999
P-LCO,0.18313679999999996,-5.625734999999999
P-LCO,0.18347280000000005,-5.736335
P-LCO,0.1838088000000001,-5.434635
P-LCO,0.18413279999999999,-5.7565349999999995
P-LCO,0.18446880000000007,-5.380835000000001
P-LCO,0.18480479999999994,-5.375135
P-LCO,0.1851408,-5.527934999999999
P-LCO,0.1854648000000001,-5.564435
P-LCO,0.18580079999999993,-5.653835000000001
P-LCO,0.18613680000000002,-5.278234999999999
P-LCO,0.18647280000000008,-5.6635349999999995
P-LCO,0.18680879999999994,-5.129335000000001
P-LCO,0.18713280000000004,-5.979634999999998
P-LCO,0.1874688000000001,-5.371534999999998
P-LCO,0.18780479999999997,-5.714534999999998
P-LCO,0.18814080000000002,-5.751034999999998
P-LCO,0.1884768000000001,-5.745335000000001
P-LCO,0.1888008,-5.623335000000001
P-LCO,0.18913680000000005,-5.670435000000001
P-LCO,0.1894727999999999,-5.939534999999999
P-LCO,0.18980879999999997,-5.954934999999999
P-LCO,0.19014480000000006,-5.906935000000001
P-LCO,0.19046879999999994,-6.2393350000000005
P-LCO,0.1908048,-6.096235
P-LCO,0.19114080000000008,-6.3018350000000005
P-LCO,0.19147679999999995,-6.105934999999999
P-LCO,0.1918128,-6.797635
P-LCO,0.1921368000000001,-6.464334999999998
P-LCO,0.19247279999999994,-6.532634999999999
P-LCO,0.19280880000000003,-6.548034999999999
P-LCO,0.1931448000000001,-6.6585350000000005
P-LCO,0.19348079999999995,-6.557735000000001
P-LCO,0.19380480000000005,-6.393435
P-LCO,0.1941408000000001,-6.525134999999999
P-LCO,0.19447679999999998,-6.519434999999998
P-LCO,0.19481280000000004,-6.534835000000001
P-LCO,0.19513679999999992,-6.434034999999998
P-LCO,0.1954728,-6.502234999999999
P-LCO,0.19580880000000006,-6.285135
P-LCO,0.19614479999999992,-6.416834999999999
P-LCO,0.19648079999999998,-6.559034999999998
P-LCO,0.19680480000000009,-6.384235
P-LCO,0.19714079999999995,-6.103835
P-LCO,0.1974768,-6.076934999999999
P-LCO,0.1978128000000001,-6.229734999999998
P-LCO,0.19814879999999993,-6.615034999999999
P-LCO,0.19847280000000003,-6.863035
P-LCO,0.19880880000000012,-6.624735000000001
P-LCO,0.19914479999999996,-6.365434999999998
P-LCO,0.19948080000000004,-6.359735000000001
P-LCO,0.1998168000000001,-6.248335000000001
P-LCO,0.20014079999999998,-6.464534999999998
P-LCO,0.20047680000000007,-6.3743349999999985
P-LCO,0.20081279999999993,-6.453135
P-LCO,0.2011488,-6.521435
P-LCO,0.20148480000000005,-6.6742349999999995
P-LCO,0.20180879999999993,-6.901035
P-LCO,0.2021448,-6.853034999999998
P-LCO,0.20248080000000007,-7.0481349999999985
P-LCO,0.20281679999999994,-7.179835000000001
P-LCO,0.2031528,-7.226935000000001
P-LCO,0.2034768000000001,-7.496034999999999
P-LCO,0.20381279999999996,-7.099335
P-LCO,0.20414880000000002,-7.230934999999999
P-LCO,0.2044848000000001,-7.066735000000001
P-LCO,0.20482079999999994,-7.198435
P-LCO,0.20514480000000004,-7.2561350000000004
P-LCO,0.2054807999999999,-7.134235
P-LCO,0.20581679999999997,-7.012235
P-LCO,0.20615280000000005,-7.408134999999998
P-LCO,0.2064888000000001,-7.000934999999998
P-LCO,0.2068128,-7.322835000000001
P-LCO,0.20714880000000008,-7.021235000000001
P-LCO,0.20748479999999994,-6.592835000000001
P-LCO,0.2078208,-6.470835000000001
P-LCO,0.20815680000000006,-6.634235
P-LCO,0.20848079999999994,-6.7870349999999995
P-LCO,0.20881680000000002,-6.939934999999998
P-LCO,0.20915280000000008,-6.617235000000001
P-LCO,0.20948879999999995,-6.421334999999999
P-LCO,0.20981280000000005,-6.436734999999999
P-LCO,0.2101488000000001,-6.800934999999999
P-LCO,0.21048479999999997,-6.679034999999999
P-LCO,0.21082080000000003,-6.102634999999999
P-LCO,0.21115680000000012,-6.530235000000001
P-LCO,0.2114808,-6.154634999999999
P-LCO,0.21181680000000006,-6.8042349999999985
P-LCO,0.21215279999999992,-6.766835
P-LCO,0.21248879999999998,-6.623735
P-LCO,0.21282480000000006,-6.892834999999998
P-LCO,0.21314879999999994,-6.749735000000001
P-LCO,0.2134848,-6.722935
P-LCO,0.2138208000000001,-6.907534999999999
P-LCO,0.21415679999999995,-6.922934999999999
P-LCO,0.2144928,-7.329435
P-LCO,0.2148168000000001,-7.112435000000001
P-LCO,0.21515279999999995,-6.831934999999998
P-LCO,0.21548880000000004,-6.784034999999999
P-LCO,0.2158248000000001,-6.799534999999999
P-LCO,0.21614879999999997,-6.952334999999998
P-LCO,0.21648480000000006,-6.883234999999999
P-LCO,0.21682079999999992,-7.363734999999998
P-LCO,0.21715679999999998,-7.305235
P-LCO,0.21749280000000004,-7.162134999999999
P-LCO,0.21781679999999995,-7.114235000000001
P-LCO,0.2181528,-6.6646350000000005
P-LCO,0.21848880000000007,-7.145135
P-LCO,0.21882479999999993,-7.2134350000000005
P-LCO,0.2191608,-7.133835000000001
P-LCO,0.2194848000000001,-7.339534999999998
P-LCO,0.21982079999999996,-7.471235
P-LCO,0.2201568,-7.507835
P-LCO,0.2204928000000001,-7.385935
P-LCO,0.22082879999999996,-7.221734999999999
P-LCO,0.22115280000000004,-7.216034999999998
P-LCO,0.22148880000000012,-7.580234999999998
P-LCO,0.22182479999999996,-7.278735000000001
P-LCO,0.22216080000000005,-7.526634999999999
P-LCO,0.2224968000000001,-7.267334999999999
P-LCO,0.22282079999999999,-7.1243349999999985
P-LCO,0.22315680000000007,-6.812235000000001
P-LCO,0.22349279999999994,-7.4512350000000005
P-LCO,0.2238288,-7.445535
P-LCO,0.22416480000000005,-7.439834999999999
P-LCO,0.22448879999999996,-7.508234999999999
P-LCO,0.22482480000000002,-7.386234999999999
P-LCO,0.22516080000000008,-7.422934999999999
P-LCO,0.22549679999999994,-7.575734999999998
P-LCO,0.2258328,-7.3693349999999995
P-LCO,0.2261568000000001,-7.543334999999999
P-LCO,0.22649279999999997,-7.960335000000001
P-LCO,0.22682880000000002,-8.113235
P-LCO,0.2271648000000001,-7.579135000000001
P-LCO,0.22750079999999995,-7.890535
P-LCO,0.22782480000000005,-8.022334999999998
P-LCO,0.2281607999999999,-7.562235000000001
P-LCO,0.22849679999999997,-8.201235
P-LCO,0.22883280000000006,-7.941935000000001
P-LCO,0.22916879999999992,-7.7672349999999994
P-LCO,0.2294928,-8.046935000000001
P-LCO,0.22982880000000008,-7.967234999999999
P-LCO,0.23016479999999995,-8.056735
P-LCO,0.2305008,-8.114435
P-LCO,0.23083680000000006,-7.770634999999999
P-LCO,0.23116079999999994,-7.986934999999999
P-LCO,0.23149680000000003,-7.917935
P-LCO,0.2318328000000001,-8.070734999999999
P-LCO,0.23216879999999995,-8.318735
P-LCO,0.2325048,-7.689634999999999
P-LCO,0.23282879999999992,-7.821335000000001
P-LCO,0.23316479999999998,-8.027034999999998
P-LCO,0.23350080000000004,-8.158835
P-LCO,0.23383680000000012,-8.174335
P-LCO,0.23417279999999996,-8.380035
P-LCO,0.23449680000000006,-8.004535
P-LCO,0.23483279999999992,-8.231435000000001
P-LCO,0.23516879999999998,-7.9932349999999985
P-LCO,0.23550480000000007,-8.198934999999999
P-LCO,0.23582879999999995,-8.330735
P-LCO,0.2361648,-8.208835
P-LCO,0.2365008000000001,-8.657634999999999
P-LCO,0.23683679999999996,-8.377234999999999
P-LCO,0.23717280000000002,-8.392734999999998
P-LCO,0.23749680000000012,-8.249735000000001
P-LCO,0.23783279999999996,-8.318034999999998
P-LCO,0.23816880000000004,-8.333535000000001
P-LCO,0.2385048000000001,-8.718934999999998
P-LCO,0.23884079999999996,-8.692235
P-LCO,0.23916480000000007,-8.845035
P-LCO,0.23950079999999993,-9.008534999999998
P-LCO,0.2398368,-8.907834999999999
P-LCO,0.24017280000000005,-9.102934999999999
P-LCO,0.2405087999999999,-8.875435
P-LCO,0.2408328,-8.986035000000001
P-LCO,0.24116880000000007,-9.086134999999999
P-LCO,0.24150479999999994,-9.175535
P-LCO,0.2418408,-9.222835
P-LCO,0.2421648000000001,-9.026934999999998
P-LCO,0.24250079999999996,-9.095334999999999
P-LCO,0.24283680000000002,-8.804334999999998
P-LCO,0.2431728000000001,-9.284835000000001
P-LCO,0.24350879999999997,-9.025635000000001
P-LCO,0.24383280000000004,-9.484935
P-LCO,0.2441687999999999,-8.993234999999999
P-LCO,0.24450479999999997,-9.336334999999998
P-LCO,0.24484080000000005,-9.277935
P-LCO,0.24517679999999992,-9.420234999999998
P-LCO,0.2455008,-8.759435
P-LCO,0.24583680000000008,-9.514634999999998
P-LCO,0.24617279999999994,-9.118034999999999
P-LCO,0.2465088,-9.165235
P-LCO,0.2468328000000001,-8.927135
P-LCO,0.24716879999999997,-9.080034999999999
P-LCO,0.24750480000000002,-9.380935000000001
P-LCO,0.24784080000000008,-8.794035000000001
P-LCO,0.24817679999999995,-9.200634999999998
P-LCO,0.24850080000000005,-9.586034999999999
P-LCO,0.2488368000000001,-9.210535
P-LCO,0.24917279999999997,-9.278935
P-LCO,0.24950880000000003,-9.231034999999999
P-LCO,0.24984480000000012,-9.193735
P-LCO,0.25016879999999997,-9.357135
P-LCO,0.2505048000000001,-9.647434999999998
P-LCO,0.2508407999999999,-9.409334999999999
P-LCO,0.2511768,-9.424935000000001
P-LCO,0.2515008000000001,-9.651834999999998
P-LCO,0.25183679999999997,-9.413734999999999
P-LCO,0.25217280000000003,-9.408134999999998
P-LCO,0.2525088000000001,-9.339034999999999
P-LCO,0.2528447999999999,-9.629335000000001
P-LCO,0.2531688,-9.507535
P-LCO,0.2535048000000001,-9.248235000000001
P-LCO,0.2538408,-9.802734999999998
P-LCO,0.25417680000000004,-9.522434999999998
P-LCO,0.2545128000000001,-9.717635000000001
P-LCO,0.2548368,-9.394935
P-LCO,0.25517280000000003,-9.082934999999999
P-LCO,0.2555087999999999,-9.288635
P-LCO,0.2558448,-9.441534999999998
P-LCO,0.25618080000000004,-9.710735
P-LCO,0.2565047999999999,-9.895335
P-LCO,0.2568408,-9.615034999999999
P-LCO,0.2571768000000001,-9.746835
P-LCO,0.25751279999999993,-10.132234999999998
P-LCO,0.2578488,-9.661635
P-LCO,0.2581728000000001,-9.909634999999998
P-LCO,0.2585088,-9.650434999999998
P-LCO,0.25884480000000004,-10.035834999999999
P-LCO,0.2591808000000001,-9.639235
P-LCO,0.25951679999999994,-9.908435
P-LCO,0.25984080000000004,-9.564634999999999
P-LCO,0.26017679999999993,-9.854935000000001
P-LCO,0.2605128,-10.102934999999999
P-LCO,0.26084880000000005,-10.002334999999999
P-LCO,0.2611727999999999,-9.859334999999998
P-LCO,0.2615088,-9.578935000000001
P-LCO,0.26184480000000004,-9.964434999999998
P-LCO,0.26218079999999994,-10.191334999999999
P-LCO,0.2625168,-10.301935
P-LCO,0.2628408000000001,-9.736235
P-LCO,0.26317679999999993,-10.216835
P-LCO,0.2635128,-9.978735
P-LCO,0.2638488000000001,-9.772334999999998
P-LCO,0.26418479999999994,-9.904135
P-LCO,0.26450880000000004,-10.078235
P-LCO,0.2648448000000001,-10.125435
P-LCO,0.2651808,-9.929635000000001
P-LCO,0.26551680000000005,-9.807835
P-LCO,0.2658528000000001,-9.855135
P-LCO,0.2661768,-9.849535
P-LCO,0.26651280000000005,-10.044735
P-LCO,0.26684879999999994,-10.208234999999998
P-LCO,0.2671848,-9.917335000000001
P-LCO,0.26752080000000006,-10.218235
P-LCO,0.26784479999999994,-9.937835
P-LCO,0.2681808,-9.646935
P-LCO,0.26851680000000006,-10.201435
P-LCO,0.26885279999999995,-10.449535000000001
P-LCO,0.26917680000000005,-10.443935
P-LCO,0.2695128000000001,-10.554635000000001
P-LCO,0.26984879999999994,-10.316534999999998
P-LCO,0.2701848,-10.237034999999999
P-LCO,0.2705208000000001,-10.833735
P-LCO,0.2708448,-10.458334999999998
P-LCO,0.27118080000000006,-10.473835000000001
P-LCO,0.2715167999999999,-10.035035
P-LCO,0.27185279999999995,-10.652935
P-LCO,0.27218880000000006,-10.552235
P-LCO,0.27251279999999994,-10.229634999999998
P-LCO,0.2728488,-10.636235
P-LCO,0.27318480000000006,-10.324234999999998
P-LCO,0.27352079999999995,-10.625135
P-LCO,0.2738568,-10.313035
P-LCO,0.2741808000000001,-10.085535
P-LCO,0.27451679999999995,-10.164535
P-LCO,0.2748528,-9.937034999999998
P-LCO,0.27518880000000007,-10.185134999999999
P-LCO,0.27552479999999996,-10.147835
P-LCO,0.27584880000000006,-10.057735000000001
P-LCO,0.2761848000000001,-9.861934999999999
P-LCO,0.27652079999999996,-9.930335
P-LCO,0.2768568,-10.294635
P-LCO,0.27719280000000013,-9.845234999999999
P-LCO,0.2775168,-10.304635000000001
P-LCO,0.27785280000000007,-10.108835
P-LCO,0.2781887999999999,-10.156134999999999
P-LCO,0.27852479999999996,-9.823035
P-LCO,0.27884880000000006,-10.303535
P-LCO,0.27918479999999996,-10.118334999999998
P-LCO,0.2795208,-10.387535
P-LCO,0.27985680000000007,-10.265735
P-LCO,0.28019279999999996,-10.534935
P-LCO,0.2805168,-9.948135
P-LCO,0.2808528000000001,-10.227934999999999
P-LCO,0.28118879999999996,-10.148335
P-LCO,0.2815248,-10.216835
P-LCO,0.2818608000000001,-10.295835
P-LCO,0.28218479999999996,-10.247934999999998
P-LCO,0.28252080000000007,-10.316334999999999
P-LCO,0.2828567999999999,-10.490434999999998
P-LCO,0.28319279999999997,-10.696234999999998
P-LCO,0.2835288,-10.500535
P-LCO,0.28385279999999996,-10.452635
P-LCO,0.2841888,-10.626735
P-LCO,0.2845248000000001,-10.716335
P-LCO,0.2848607999999999,-10.414835
P-LCO,0.2851968,-10.747535
P-LCO,0.2855208000000001,-10.520035
P-LCO,0.28585679999999997,-10.736435
P-LCO,0.2861928,-10.508935000000001
P-LCO,0.2865288000000001,-10.566735000000001
P-LCO,0.28685279999999996,-10.793734999999998
P-LCO,0.2871888,-10.714234999999999
P-LCO,0.2875247999999999,-10.920034999999999
P-LCO,0.2878608,-10.364935
P-LCO,0.28819680000000003,-10.475635
P-LCO,0.2885207999999999,-11.061834999999999
P-LCO,0.28885679999999997,-10.897835
P-LCO,0.2891928000000001,-10.638635
P-LCO,0.2895287999999999,-10.960735
P-LCO,0.2898648,-10.838835
P-LCO,0.2901888000000001,-11.171534999999999
P-LCO,0.29052479999999997,-10.637535
P-LCO,0.29086080000000003,-11.276634999999999
P-LCO,0.2911968000000001,-11.715035
P-LCO,0.2915327999999999,-11.656634999999998
P-LCO,0.2918568,-11.376335000000001
P-LCO,0.2921928000000001,-11.000834999999999
P-LCO,0.2925288,-11.206734999999998
P-LCO,0.29286480000000004,-11.380835000000001
P-LCO,0.2932008000000001,-11.375235
P-LCO,0.2935248,-11.401435
P-LCO,0.29386080000000003,-11.321935
P-LCO,0.2941967999999999,-11.221235
P-LCO,0.2945328,-11.405935
P-LCO,0.29486880000000004,-11.379235000000001
P-LCO,0.2951927999999999,-11.141234999999998
P-LCO,0.2955288,-11.621835
P-LCO,0.2958648000000001,-11.246434999999998
P-LCO,0.29620079999999993,-11.262035000000001
P-LCO,0.29652480000000003,-11.372734999999999
P-LCO,0.2968608000000001,-11.430534999999999
P-LCO,0.2971968,-11.678635
P-LCO,0.29753280000000004,-11.377234999999999
P-LCO,0.2978688000000001,-11.297735
P-LCO,0.2981928,-11.503535
P-LCO,0.29852880000000004,-11.572035
P-LCO,0.29886479999999993,-11.566434999999998
P-LCO,0.2992008,-11.349535
P-LCO,0.29953680000000005,-11.481435000000001
P-LCO,0.2998607999999999,-11.634435
P-LCO,0.3001968,-11.797934999999999
P-LCO,0.30053280000000004,-11.602235
P-LCO,0.30086879999999994,-11.892534999999999
P-LCO,0.3012048,-11.200135
P-LCO,0.3015288000000001,-11.585635
P-LCO,0.30186479999999993,-11.516635
P-LCO,0.3022008,-11.532235
P-LCO,0.3025368000000001,-11.473935
P-LCO,0.30287279999999994,-11.637435
P-LCO,0.30319680000000004,-11.748135000000001
P-LCO,0.3035328000000001,-11.457335
P-LCO,0.3038688,-11.620935
P-LCO,0.30420480000000005,-11.382835
P-LCO,0.3045408000000001,-11.324535000000001
P-LCO,0.3048648,-11.392935000000001
P-LCO,0.30520080000000005,-11.567135
P-LCO,0.30553679999999994,-11.244534999999999
P-LCO,0.3058728,-11.281234999999999
P-LCO,0.3061968000000001,-11.275735000000001
P-LCO,0.30653279999999994,-11.661235000000001
P-LCO,0.3068688,-11.497235
P-LCO,0.30720480000000006,-11.333134999999999
P-LCO,0.30754079999999995,-11.581235
P-LCO,0.30786480000000005,-11.417234999999998
P-LCO,0.3082008000000001,-11.591335
P-LCO,0.30853679999999994,-11.606935
P-LCO,0.3088728,-11.506335
P-LCO,0.3092088000000001,-11.088635
P-LCO,0.3095328,-11.410734999999999
P-LCO,0.30986880000000006,-11.584934999999998
P-LCO,0.3102047999999999,-11.695635
P-LCO,0.3105408,-11.436435
P-LCO,0.31087680000000006,-11.663435
P-LCO,0.31120079999999994,-12.070035
P-LCO,0.3115368,-11.768635
P-LCO,0.31187280000000006,-11.646935
P-LCO,0.31220879999999995,-11.821034999999998
P-LCO,0.3125448,-11.910635
P-LCO,0.3128688000000001,-11.492935
P-LCO,0.31320479999999995,-11.994734999999999
P-LCO,0.3135408,-12.105435
P-LCO,0.31387680000000007,-12.078834999999998
P-LCO,0.31421279999999996,-12.020434999999999
P-LCO,0.31453680000000006,-12.247435
P-LCO,0.3148728000000001,-12.220735000000001
P-LCO,0.31520879999999996,-12.447734999999998
P-LCO,0.3155448,-12.326035000000001
P-LCO,0.31588080000000013,-12.151435
P-LCO,0.3162048,-12.040235
P-LCO,0.31654080000000007,-11.981835
P-LCO,0.3168767999999999,-11.955234999999998
P-LCO,0.3172128,-12.456934999999998
P-LCO,0.31753680000000006,-12.176735
P-LCO,0.31787279999999996,-12.266334999999998
P-LCO,0.3182088,-12.556635
P-LCO,0.3185448000000001,-12.223534999999998
P-LCO,0.31888079999999996,-12.017235
P-LCO,0.3192048,-12.265435
P-LCO,0.3195408000000001,-12.238734999999998
P-LCO,0.31987679999999996,-12.370635
P-LCO,0.3202128,-12.111535
P-LCO,0.3205488000000001,-12.148235
P-LCO,0.3208728,-12.142734999999998
P-LCO,0.32120880000000007,-12.137235
P-LCO,0.3215447999999999,-12.311435
P-LCO,0.32188079999999997,-12.221335
P-LCO,0.3222168,-12.046734999999998
P-LCO,0.32254079999999996,-12.252634999999998
P-LCO,0.3228768,-12.183734999999999
P-LCO,0.3232128000000001,-12.061934999999998
P-LCO,0.3235487999999999,-12.024735
P-LCO,0.32388480000000003,-12.463135000000001
P-LCO,0.3242088000000001,-12.499835000000001
P-LCO,0.32454479999999997,-12.726835000000001
P-LCO,0.3248808,-12.679134999999999
P-LCO,0.3252168000000001,-12.652435
P-LCO,0.3255528,-12.689235
P-LCO,0.3258768,-12.176434999999998
P-LCO,0.3262127999999999,-12.773335
P-LCO,0.3265488,-12.852335
P-LCO,0.32688480000000003,-12.371334999999998
P-LCO,0.3272208000000001,-12.915334999999999
P-LCO,0.3275448,-12.793634999999998
P-LCO,0.3278808000000001,-13.020634999999999
P-LCO,0.3282167999999999,-12.391635
P-LCO,0.3285528,-12.914535
P-LCO,0.3288768000000001,-13.025234999999999
P-LCO,0.32921279999999997,-12.554735
P-LCO,0.32954880000000003,-12.602135
P-LCO,0.3298848000000001,-12.522635000000001
P-LCO,0.3302207999999999,-12.728535
P-LCO,0.3305448,-12.701934999999999
P-LCO,0.3308808000000001,-12.780935
P-LCO,0.3312168,-12.690935
P-LCO,0.33155280000000004,-12.727735
P-LCO,0.3318888000000001,-12.933535
P-LCO,0.3322128,-12.854035
P-LCO,0.33254880000000003,-12.668935000000001
P-LCO,0.3328847999999999,-13.054434999999998
P-LCO,0.3332208,-12.975034999999998
P-LCO,0.33355680000000004,-12.990635000000001
P-LCO,0.3338807999999999,-13.016835
P-LCO,0.3342168,-13.032535
P-LCO,0.3345528000000001,-13.069234999999999
P-LCO,0.33488879999999993,-13.106034999999999
P-LCO,0.33521280000000003,-13.132234999999998
P-LCO,0.3355488000000001,-13.602335
P-LCO,0.3358848,-13.121334999999998
P-LCO,0.33622080000000004,-13.253235
P-LCO,0.3365568000000001,-13.332235
P-LCO,0.3368808,-13.379635
P-LCO,0.33721680000000004,-13.257835
P-LCO,0.33755279999999993,-13.019935
P-LCO,0.3378888,-13.151834999999998
P-LCO,0.33822480000000005,-13.082934999999999
P-LCO,0.3385487999999999,-13.193635
P-LCO,0.3388848,-12.702034999999999
P-LCO,0.33922080000000004,-13.066434999999998
P-LCO,0.33955679999999994,-12.986934999999999
P-LCO,0.33988080000000004,-12.918135
P-LCO,0.3402168000000001,-12.701235
P-LCO,0.34055279999999993,-12.875435
P-LCO,0.3408888,-13.081335
P-LCO,0.3412248000000001,-12.705935
P-LCO,0.3415488,-13.091435
P-LCO,0.34188480000000004,-12.811235
P-LCO,0.3422208000000001,-13.059335
P-LCO,0.3425568,-12.916535
P-LCO,0.34289280000000005,-12.720835000000001
P-LCO,0.34321679999999993,-13.042935
P-LCO,0.3435528,-12.667535
P-LCO,0.34388880000000005,-13.010835
P-LCO,0.34422479999999994,-12.846834999999999
P-LCO,0.3445608,-12.862535000000001
P-LCO,0.3448848000000001,-13.036635
P-LCO,0.34522079999999994,-13.242535
P-LCO,0.3455568,-12.888334999999998
P-LCO,0.34589280000000006,-13.231635
P-LCO,0.34622879999999995,-13.363534999999999
P-LCO,0.34655280000000005,-13.284035
P-LCO,0.3468888000000001,-13.373635
P-LCO,0.34722479999999994,-13.019434999999998
P-LCO,0.3475608,-13.267634999999999
P-LCO,0.34788479999999994,-13.452334999999998
P-LCO,0.3482208,-13.330635000000001
P-LCO,0.34855680000000006,-13.642235
P-LCO,0.3488927999999999,-13.731835
P-LCO,0.3492288,-13.377634999999998
P-LCO,0.34955280000000005,-13.604634999999998
P-LCO,0.34988879999999994,-13.229235
P-LCO,0.3502248,-13.276634999999999
P-LCO,0.35056080000000006,-13.524835
P-LCO,0.35089679999999995,-13.656735000000001
P-LCO,0.3512328,-13.598434999999998
P-LCO,0.3515568000000001,-13.688035
P-LCO,0.35189279999999995,-13.777635
P-LCO,0.3522288,-13.074735
P-LCO,0.35256480000000007,-13.861835
P-LCO,0.3528888,-13.761235
P-LCO,0.35322480000000006,-13.502134999999999
P-LCO,0.3535607999999999,-13.443835
P-LCO,0.35389679999999996,-13.765934999999999
P-LCO,0.3542328,-13.897935
P-LCO,0.35455679999999995,-13.681035000000001
P-LCO,0.3548928,-13.791834999999999
P-LCO,0.35522880000000007,-13.649035000000001
P-LCO,0.3555647999999999,-13.780935
P-LCO,0.3559008,-13.849435
P-LCO,0.35622480000000006,-14.351234999999999
P-LCO,0.35656079999999996,-13.954735
P-LCO,0.3568968,-14.245135000000001
P-LCO,0.3572328000000001,-14.218535
P-LCO,0.35756879999999996,-13.748034999999998
P-LCO,0.3578928,-14.133634999999998
P-LCO,0.3582288000000001,-14.022434999999998
P-LCO,0.35856479999999996,-13.900735000000001
P-LCO,0.3589008,-14.624534999999998
P-LCO,0.3592368000000001,-14.693034999999998
P-LCO,0.3595608,-13.810434999999998
P-LCO,0.35989680000000007,-13.804935
P-LCO,0.3602327999999999,-14.190435
P-LCO,0.36056879999999997,-14.206135
P-LCO,0.3609048,-14.084435
P-LCO,0.36122879999999996,-14.174035
P-LCO,0.3615648,-14.284835000000001
P-LCO,0.3619008000000001,-14.575334999999999
P-LCO,0.3622367999999999,-14.020335
P-LCO,0.36257280000000003,-14.247335
P-LCO,0.3628968000000001,-14.400334999999998
P-LCO,0.36323279999999997,-14.215235
P-LCO,0.3635688,-14.156935
P-LCO,0.3639048000000001,-14.405135000000001
P-LCO,0.3642408,-14.241135
P-LCO,0.3645648,-14.235634999999998
P-LCO,0.3649007999999999,-14.505035
P-LCO,0.3652368,-14.552335
P-LCO,0.36557280000000003,-14.610335
P-LCO,0.3659087999999999,-14.467434999999998
P-LCO,0.3662328,-14.366934999999998
P-LCO,0.3665688000000001,-14.646735
P-LCO,0.3669047999999999,-14.451135
P-LCO,0.3672408,-14.466735
P-LCO,0.36757680000000004,-14.440134999999998
P-LCO,0.3679008,-14.043734999999998
P-LCO,0.36823680000000003,-14.291834999999999
P-LCO,0.3685728000000001,-14.423835
P-LCO,0.3689087999999999,-14.238734999999998
P-LCO,0.3692328,-14.296634999999998
P-LCO,0.3695688000000001,-14.565935
P-LCO,0.3699048,-14.264634999999998
P-LCO,0.37024080000000004,-14.375435
P-LCO,0.3705768000000001,-14.211434999999998
P-LCO,0.3709008,-14.501835
P-LCO,0.37123680000000003,-14.242735
P-LCO,0.3715727999999999,-14.353535
P-LCO,0.3719088,-14.464334999999998
P-LCO,0.37224480000000004,-14.247535
P-LCO,0.3725687999999999,-14.337235
P-LCO,0.37290480000000004,-13.866734999999998
P-LCO,0.3732408000000001,-14.305135
P-LCO,0.37357679999999993,-14.341935
P-LCO,0.3739128,-14.336535000000001
P-LCO,0.3742368000000001,-14.468435
P-LCO,0.3745728,-14.050835
P-LCO,0.37490880000000004,-14.277935
P-LCO,0.3752448000000001,-14.430934999999998
P-LCO,0.37558079999999994,-14.193034999999998
P-LCO,0.37590480000000004,-14.578534999999999
P-LCO,0.37624079999999993,-14.160934999999998
P-LCO,0.3765768,-14.451435
P-LCO,0.37691280000000005,-14.519935
P-LCO,0.3772487999999999,-14.440535
P-LCO,0.3775728,-14.466735
P-LCO,0.37790880000000004,-14.567035
P-LCO,0.37824479999999994,-14.815134999999998
P-LCO,0.3785808,-14.841435
P-LCO,0.3789048000000001,-14.783134999999998
P-LCO,0.37924079999999993,-14.545234999999998
P-LCO,0.37957680000000005,-15.163235
P-LCO,0.3799128000000001,-14.787935000000001
P-LCO,0.38024879999999994,-15.014935000000001
P-LCO,0.3805848,-14.851035
P-LCO,0.3809087999999999,-14.570834999999999
P-LCO,0.3812448,-14.470234999999999
P-LCO,0.38158080000000005,-14.834634999999999
P-LCO,0.3819168000000001,-14.829235
P-LCO,0.3822408,-15.056235000000001
P-LCO,0.38257680000000005,-14.680934999999998
P-LCO,0.38291279999999994,-14.696635
P-LCO,0.3832488,-14.691135
P-LCO,0.38358480000000006,-14.569434999999999
P-LCO,0.38390879999999994,-14.616834999999998
P-LCO,0.3842448,-15.002434999999998
P-LCO,0.38458080000000006,-14.965235
P-LCO,0.38491679999999995,-14.663934999999999
P-LCO,0.3852528,-14.795835
P-LCO,0.3855768000000001,-14.906634999999998
P-LCO,0.38591279999999994,-14.922335
P-LCO,0.38624880000000006,-14.832335
P-LCO,0.3865848000000001,-14.848035
P-LCO,0.38692079999999995,-14.789735
P-LCO,0.38724480000000006,-14.668035
P-LCO,0.3875807999999999,-14.852834999999999
P-LCO,0.3879168,-14.551535000000001
P-LCO,0.38825280000000006,-14.567235
P-LCO,0.3885887999999999,-14.815435
P-LCO,0.3889128,-14.693735
P-LCO,0.38924880000000006,-14.572035
P-LCO,0.38958479999999995,-14.661735
P-LCO,0.3899208,-14.656234999999999
P-LCO,0.39025680000000007,-14.439435
P-LCO,0.39058079999999995,-14.899035000000001
P-LCO,0.3909168,-14.861835
P-LCO,0.39125280000000007,-14.888134999999998
P-LCO,0.39158879999999996,-15.104634999999998
P-LCO,0.3919248,-14.919535
P-LCO,0.3922487999999999,-15.167635
P-LCO,0.39258479999999996,-14.813534999999998
P-LCO,0.3929208,-15.114535
P-LCO,0.39325680000000013,-15.077435000000001
P-LCO,0.3935808,-14.987435000000001
P-LCO,0.39391680000000007,-14.981935
P-LCO,0.3942527999999999,-15.177335
P-LCO,0.3945888,-15.087335
P-LCO,0.3949248000000001,-14.796534999999999
P-LCO,0.39524879999999996,-15.023634999999999
P-LCO,0.3955848,-15.271835
P-LCO,0.3959208000000001,-15.129034999999998
P-LCO,0.39625679999999996,-15.356034999999999
P-LCO,0.3965928,-15.118134999999999
P-LCO,0.3969168000000001,-15.250035
P-LCO,0.39725279999999996,-15.382034999999998
P-LCO,0.3975888,-15.492835
P-LCO,0.3979248000000001,-15.371134999999999
P-LCO,0.39826079999999997,-15.481935
P-LCO,0.3985848000000001,-15.434235000000001
P-LCO,0.3989207999999999,-15.291435
P-LCO,0.39925679999999997,-15.486735
P-LCO,0.3995928,-15.830034999999999
P-LCO,0.3999287999999999,-15.391334999999998
P-LCO,0.4002528,-15.311934999999998
P-LCO,0.4005888000000001,-15.866634999999999
P-LCO,0.4009247999999999,-15.766034999999999
P-LCO,0.40126080000000003,-15.485834999999998
P-LCO,0.4015968000000001,-15.850335000000001
P-LCO,0.40192079999999997,-15.887135
P-LCO,0.4022568,-16.114135
P-LCO,0.4025928000000001,-16.055934999999998
P-LCO,0.4029288,-15.934235000000001
P-LCO,0.40326480000000003,-16.097835
P-LCO,0.4035887999999999,-15.902235000000001
P-LCO,0.4039248,-16.150434999999998
P-LCO,0.40426080000000003,-15.944135
P-LCO,0.4045967999999999,-15.907035
P-LCO,0.4049328,-16.017834999999998
P-LCO,0.4052568000000001,-15.505135
P-LCO,0.4055927999999999,-16.006935
P-LCO,0.4059288,-16.033235
P-LCO,0.40626480000000004,-15.562835
P-LCO,0.40660079999999993,-15.303735
P-LCO,0.40692480000000003,-15.478034999999998
P-LCO,0.4072608000000001,-15.335135000000001
P-LCO,0.4075967999999999,-15.583334999999998
P-LCO,0.40793280000000004,-15.768135000000001
P-LCO,0.4082688000000001,-15.667635
P-LCO,0.4085928,-15.524835
P-LCO,0.40892880000000004,-15.635635
P-LCO,0.4092648000000001,-15.672435
P-LCO,0.4096008,-16.174235
P-LCO,0.40993680000000005,-15.936335
P-LCO,0.4102607999999999,-15.730135
P-LCO,0.4105968,-15.904335
P-LCO,0.41093280000000004,-15.603034999999998
P-LCO,0.41126879999999993,-15.893535
P-LCO,0.4116048,-15.940935
P-LCO,0.4119288000000001,-15.935434999999998
P-LCO,0.41226479999999993,-16.342235
P-LCO,0.4126008,-16.030335
P-LCO,0.41293680000000005,-16.331335
P-LCO,0.4132608,-15.998335
P-LCO,0.41359680000000004,-16.362735
P-LCO,0.4139328000000001,-16.177635
P-LCO,0.41426879999999994,-16.034835
P-LCO,0.41460480000000005,-16.304235
P-LCO,0.41492879999999993,-16.319935
P-LCO,0.4152648,-16.314435
P-LCO,0.41560080000000005,-16.383035
P-LCO,0.4159367999999999,-15.954835
P-LCO,0.4162728,-16.118535
P-LCO,0.41659680000000004,-16.313835
P-LCO,0.41693279999999994,-16.171035
P-LCO,0.4172688,-15.986035000000001
P-LCO,0.41760480000000005,-16.487835
P-LCO,0.41794079999999995,-16.799435
P-LCO,0.41826480000000005,-16.656634999999998
P-LCO,0.4186008000000001,-16.122835
P-LCO,0.41893679999999994,-16.159634999999998
P-LCO,0.4192728,-16.661435
P-LCO,0.41960880000000006,-16.381335
P-LCO,0.4199328,-16.312435
P-LCO,0.42026880000000005,-16.254235
P-LCO,0.4206048000000001,-16.481234999999998
P-LCO,0.42094079999999995,-16.845735
P-LCO,0.42126480000000005,-16.470435
P-LCO,0.42160079999999994,-16.623535
P-LCO,0.4219368,-16.924535
P-LCO,0.42227280000000006,-16.940235
P-LCO,0.4226087999999999,-16.934835
P-LCO,0.4229328,-16.813135
P-LCO,0.42326880000000006,-16.850035
P-LCO,0.42360479999999995,-16.844535
P-LCO,0.4239408,-17.071635
P-LCO,0.42427680000000006,-17.161335
P-LCO,0.42460079999999994,-16.997435
P-LCO,0.42493680000000006,-17.076535
P-LCO,0.4252728000000001,-17.208535
P-LCO,0.42560879999999995,-17.044535
P-LCO,0.4259448,-17.081435
P-LCO,0.4262687999999999,-16.970235
P-LCO,0.4266048,-17.218535
P-LCO,0.42694080000000006,-17.213034999999998
P-LCO,0.4272767999999999,-17.175935
P-LCO,0.42761279999999996,-17.012035
P-LCO,0.42793680000000006,-16.943134999999998
P-LCO,0.42827279999999995,-16.747535
P-LCO,0.4286088,-16.995735
P-LCO,0.42894480000000007,-16.969134999999998
P-LCO,0.42926879999999995,-16.826335
P-LCO,0.4296048,-17.074535
P-LCO,0.42994080000000007,-16.678135
P-LCO,0.43027679999999996,-17.127135
P-LCO,0.4306128,-16.868035
P-LCO,0.4309367999999999,-16.915435
P-LCO,0.43127279999999996,-16.445035
P-LCO,0.43160880000000007,-16.672135
P-LCO,0.4319447999999999,-16.434235
P-LCO,0.43228079999999997,-16.682434999999998
P-LCO,0.43260480000000007,-16.698135
P-LCO,0.4329407999999999,-16.439035
P-LCO,0.4332768,-16.528735
P-LCO,0.4336128000000001,-16.660735
P-LCO,0.4339487999999999,-16.338235
P-LCO,0.4342728,-16.840135
P-LCO,0.4346088000000001,-16.686735
P-LCO,0.43494479999999996,-16.681335
P-LCO,0.4352808,-16.633634999999998
P-LCO,0.4356168000000001,-17.114335
P-LCO,0.43594079999999996,-16.665035
P-LCO,0.4362768,-16.892135
P-LCO,0.4366128000000001,-17.193134999999998
P-LCO,0.43694879999999997,-17.251134999999998
P-LCO,0.43728480000000003,-17.298535
P-LCO,0.4376087999999999,-17.314335
P-LCO,0.43794479999999997,-17.837235
P-LCO,0.4382808000000001,-17.535935
P-LCO,0.4386167999999999,-17.319135
P-LCO,0.4389528,-17.239735
P-LCO,0.4392768000000001,-17.678235
P-LCO,0.4396127999999999,-17.736135
P-LCO,0.43994880000000003,-17.667335
P-LCO,0.4402848000000001,-17.894435
P-LCO,0.4406207999999999,-17.381735
P-LCO,0.4409448,-18.137235
P-LCO,0.4412808000000001,-17.994435
P-LCO,0.4416168,-17.587435
P-LCO,0.44195280000000003,-17.729935
P-LCO,0.4422888000000001,-17.534335
P-LCO,0.4426128,-17.433735
P-LCO,0.44294880000000003,-17.206435
P-LCO,0.4432847999999999,-17.518035
P-LCO,0.4436208,-17.787335
P-LCO,0.44395680000000004,-17.697435
P-LCO,0.4442807999999999,-17.913935000000002
P-LCO,0.4446168,-17.591435
P-LCO,0.4449528000000001,-17.533235
P-LCO,0.44528879999999993,-17.813135
P-LCO,0.4456248,-17.670334999999998
P-LCO,0.4459488000000001,-17.432434999999998
P-LCO,0.4462847999999999,-17.680635
P-LCO,0.44662080000000004,-17.506135
P-LCO,0.4469568000000001,-17.690935
P-LCO,0.4472808,-17.939135
P-LCO,0.44761680000000004,-17.584934999999998
P-LCO,0.4479528000000001,-17.738035
P-LCO,0.4482888,-17.510735
P-LCO,0.44862480000000005,-17.706135
P-LCO,0.4489487999999999,-17.774635
P-LCO,0.4492848,-17.790335
P-LCO,0.44962080000000004,-17.858935
P-LCO,0.44995679999999993,-17.874634999999998
P-LCO,0.4502928,-17.985435
P-LCO,0.4506168000000001,-17.726435
P-LCO,0.45095279999999993,-17.763235
P-LCO,0.4512888,-17.831834999999998
P-LCO,0.45162480000000005,-17.932135
P-LCO,0.45196079999999994,-18.116934999999998
P-LCO,0.45228480000000004,-18.111435
P-LCO,0.4526208000000001,-18.264535000000002
P-LCO,0.45295679999999994,-18.005535000000002
P-LCO,0.45329280000000005,-18.000135
P-LCO,0.4536288000000001,-18.322335
P-LCO,0.4539528,-18.264035
P-LCO,0.45428880000000005,-18.491135
P-LCO,0.4546247999999999,-18.306035
P-LCO,0.4549608,-18.163235
P-LCO,0.45529680000000006,-17.904235
P-LCO,0.45562079999999994,-18.078435
P-LCO,0.4559568,-18.442935
P-LCO,0.45629280000000005,-17.750535
P-LCO,0.45662879999999995,-17.713435
P-LCO,0.45695280000000005,-17.877135
P-LCO,0.4572888000000001,-18.146435
P-LCO,0.45762479999999994,-18.024835
P-LCO,0.4579608,-17.723435
P-LCO,0.45829680000000006,-17.940035
P-LCO,0.4586208,-17.987434999999998
P-LCO,0.45895680000000005,-18.024234999999997
P-LCO,0.4592927999999999,-18.230235
P-LCO,0.45962879999999995,-18.457234999999997
P-LCO,0.45996480000000006,-18.050235
P-LCO,0.46028879999999994,-17.706735
P-LCO,0.4606248,-17.680135
P-LCO,0.46096080000000006,-17.717035
P-LCO,0.4612967999999999,-17.922935
P-LCO,0.4616328,-18.371935
P-LCO,0.46195680000000006,-18.186935
P-LCO,0.46229279999999995,-18.318835
P-LCO,0.4626288,-18.260635
P-LCO,0.46296480000000007,-18.054335000000002
P-LCO,0.46330079999999996,-18.281435000000002
P-LCO,0.46362480000000006,-18.804434999999998
P-LCO,0.4639608000000001,-18.196635
P-LCO,0.46429679999999995,-18.423735
P-LCO,0.4646328,-18.576835
P-LCO,0.46496880000000007,-18.708734999999997
P-LCO,0.4652928,-18.449735
P-LCO,0.46562880000000006,-18.676834999999997
P-LCO,0.4659647999999999,-18.259235
P-LCO,0.46630079999999996,-18.232635000000002
P-LCO,0.4666368000000001,-18.311835000000002
P-LCO,0.46696079999999995,-18.285235
P-LCO,0.4672968,-18.903335
P-LCO,0.46763280000000007,-18.623134999999998
P-LCO,0.4679687999999999,-18.934835
P-LCO,0.4682928,-18.453834999999998
P-LCO,0.46862880000000007,-18.881735
P-LCO,0.46896479999999996,-19.013635
P-LCO,0.4693008,-19.103335
P-LCO,0.4696368000000001,-19.097935
P-LCO,0.46996079999999996,-18.860035
P-LCO,0.47029680000000007,-18.622135
P-LCO,0.4706327999999999,-18.574435
P-LCO,0.47096879999999997,-19.308735
P-LCO,0.4713048,-18.796135
P-LCO,0.4716287999999999,-18.579335
P-LCO,0.4719648,-18.964934999999997
P-LCO,0.4723008000000001,-19.054634999999998
P-LCO,0.4726367999999999,-18.911835
P-LCO,0.47297279999999997,-18.927535
P-LCO,0.4732968000000001,-18.805835000000002
P-LCO,0.47363279999999996,-18.684235
P-LCO,0.4739688,-18.773935
P-LCO,0.4743048000000001,-18.652234999999997
P-LCO,0.47462879999999996,-18.372035
P-LCO,0.4749648,-18.060135
P-LCO,0.4753008000000001,-18.562035
P-LCO,0.47563679999999997,-18.302934999999998
P-LCO,0.47597280000000003,-18.582935
P-LCO,0.4762967999999999,-18.461235000000002
P-LCO,0.47663279999999997,-18.265635
P-LCO,0.4769688000000001,-18.355335
P-LCO,0.4773047999999999,-18.233635
P-LCO,0.4776408,-18.714335
P-LCO,0.4779648000000001,-18.550435
P-LCO,0.4783007999999999,-18.375835000000002
P-LCO,0.47863680000000003,-18.624135
P-LCO,0.4789728000000001,-18.481335
P-LCO,0.4793087999999999,-18.317335
P-LCO,0.4796328,-18.724035
P-LCO,0.4799688000000001,-18.771535
P-LCO,0.4803048,-18.924635000000002
P-LCO,0.48064080000000003,-18.760635
P-LCO,0.4809768000000001,-18.956035
P-LCO,0.4813008,-18.749834999999997
P-LCO,0.48163680000000003,-18.807834999999997
P-LCO,0.4819727999999999,-18.876435
P-LCO,0.4823088,-19.050635
P-LCO,0.48264480000000004,-19.298835
P-LCO,0.4829687999999999,-18.944735
P-LCO,0.4833048,-18.875835000000002
P-LCO,0.4836408000000001,-19.219135
P-LCO,0.48397679999999993,-19.044635
P-LCO,0.4843128,-19.641635
P-LCO,0.4846368000000001,-19.107835
P-LCO,0.4849727999999999,-19.630834999999998
P-LCO,0.48530880000000004,-19.762735
P-LCO,0.4856448000000001,-19.873635
P-LCO,0.4859688,-19.519435
P-LCO,0.48630480000000004,-19.175835
P-LCO,0.4866408000000001,-19.603735
P-LCO,0.4869768,-19.418635000000002
P-LCO,0.48731280000000005,-19.455534999999998
P-LCO,0.4876367999999999,-19.333835
P-LCO,0.4879728,-19.465835
P-LCO,0.48830880000000004,-19.671734999999998
P-LCO,0.48864479999999993,-19.454935
P-LCO,0.4889808,-19.523535
P-LCO,0.4893048000000001,-19.423035
P-LCO,0.48964079999999993,-19.597234999999998
P-LCO,0.4899768,-19.570635
P-LCO,0.4903128000000001,-19.681535
P-LCO,0.49064879999999994,-19.633834999999998
P-LCO,0.49097280000000004,-19.924335
P-LCO,0.4913088000000001,-19.622935
P-LCO,0.49164479999999994,-19.596435
P-LCO,0.49198080000000005,-19.517035
P-LCO,0.49230479999999993,-19.839235000000002
P-LCO,0.4926408,-19.854934999999998
P-LCO,0.49297680000000005,-20.050335
P-LCO,0.4933127999999999,-19.822935
P-LCO,0.4936488,-20.039434999999997
P-LCO,0.4939728000000001,-20.150335
P-LCO,0.49430879999999994,-19.912335
P-LCO,0.4946448,-19.980935
P-LCO,0.49498080000000005,-20.134034999999997
P-LCO,0.49531679999999995,-19.970135
P-LCO,0.49564080000000005,-19.827334999999998
P-LCO,0.4959768000000001,-20.054434999999998
P-LCO,0.49631279999999994,-19.837635
P-LCO,0.4966488,-20.360635000000002
P-LCO,0.4969727999999999,-20.450335
P-LCO,0.4973088,-20.096135
P-LCO,0.49764480000000005,-20.048434999999998
P-LCO,0.4979807999999999,-19.969034999999998
P-LCO,0.49831679999999995,-19.942535
P-LCO,0.49864080000000005,-19.958235000000002
P-LCO,0.49897679999999994,-20.438935
P-LCO,0.4993128,-20.179834999999997
P-LCO,0.49964880000000006,-20.015935
P-LCO,0.4999847999999999,-19.820235
P-LCO,0.5003088,-20.438335000000002
P-LCO,0.5006448000000001,-19.862235
P-LCO,0.5009807999999999,-20.226734999999998
P-LCO,0.5013168,-20.083935
P-LCO,0.5016528000000001,-19.909435000000002
P-LCO,0.5019768,-20.506335
P-LCO,0.5023128,-20.289634999999997
P-LCO,0.5026488000000001,-20.358134999999997
P-LCO,0.5029848,-20.447834999999998
P-LCO,0.5033208,-20.072535000000002
P-LCO,0.5036447999999999,-19.813535
P-LCO,0.5039808,-20.177934999999998
P-LCO,0.5043168,-19.781534999999998
P-LCO,0.5046527999999999,-20.145935
P-LCO,0.5049768,-20.108835
P-LCO,0.5053128000000001,-20.198535
P-LCO,0.5056487999999999,-20.172035
P-LCO,0.5059848,-20.441335000000002
P-LCO,0.5063208000000001,-20.552135
P-LCO,0.5066448,-20.451635
P-LCO,0.5069808,-20.108035
P-LCO,0.5073168000000001,-20.535935000000002
P-LCO,0.5076527999999999,-20.762935
P-LCO,0.5079888,-20.736435
P-LCO,0.5083127999999999,-20.054634999999998
P-LCO,0.5086488,-20.218335
P-LCO,0.5089848,-20.508735
P-LCO,0.5093207999999999,-20.175735
P-LCO,0.5096568,-21.047435
P-LCO,0.5099808000000001,-20.703834999999998
P-LCO,0.5103167999999999,-20.444834999999998
P-LCO,0.5106528,-20.555635
P-LCO,0.5109888,-20.476235
P-LCO,0.5113247999999999,-21.094335
P-LCO,0.5116488,-21.184035
P-LCO,0.5119848000000001,-20.787535
P-LCO,0.5123207999999999,-20.708135
P-LCO,0.5126568,-20.702734999999997
P-LCO,0.5129928000000001,-20.972135
P-LCO,0.5133168,-20.945535
P-LCO,0.5136528,-20.866135
P-LCO,0.5139888000000001,-21.072035
P-LCO,0.5143247999999999,-21.066634999999998
P-LCO,0.5146488,-21.293734999999998
P-LCO,0.5149847999999999,-20.918435
P-LCO,0.5153208,-20.955235000000002
P-LCO,0.5156568,-21.023835
P-LCO,0.5159927999999999,-20.807035
P-LCO,0.5163168,-21.012935
P-LCO,0.5166528000000001,-21.123735
P-LCO,0.5169887999999999,-21.160635
P-LCO,0.5173248,-21.060135
P-LCO,0.5176608,-21.107535
P-LCO,0.5179847999999999,-20.964734999999997
P-LCO,0.5183208,-20.515435
P-LCO,0.5186568000000001,-20.858735
P-LCO,0.5189927999999999,-20.874435
P-LCO,0.5193288,-20.847835
P-LCO,0.5196527999999999,-20.631135
P-LCO,0.5199888,-21.132935
P-LCO,0.5203248,-20.694235
P-LCO,0.5206607999999999,-20.688834999999997
P-LCO,0.5209848,-20.662235
P-LCO,0.5213208,-20.656835
P-LCO,0.5216567999999999,-20.852134999999997
P-LCO,0.5219928,-20.825635
P-LCO,0.5223288,-20.365735
P-LCO,0.5226527999999999,-20.497735
P-LCO,0.5229888,-20.534534999999998
P-LCO,0.5233248000000001,-20.391734999999997
P-LCO,0.5236607999999999,-20.523735000000002
P-LCO,0.5239968,-20.729635000000002
P-LCO,0.5243207999999999,-20.925035
P-LCO,0.5246567999999999,-20.919535
P-LCO,0.5249928,-20.385735
P-LCO,0.5253287999999999,-20.908735
P-LCO,0.5256647999999999,-20.628535
P-LCO,0.5259888,-21.088135
P-LCO,0.5263247999999999,-20.829034999999998
P-LCO,0.5266608,-20.707335
P-LCO,0.5269968,-20.585635
P-LCO,0.5273327999999999,-20.855035
P-LCO,0.5276568,-20.870735
P-LCO,0.5279928,-20.569435
P-LCO,0.5283287999999999,-21.113535
P-LCO,0.5286648,-21.086935
P-LCO,0.5289888000000001,-21.060335000000002
P-LCO,0.5293247999999999,-20.759034999999997
P-LCO,0.5296608,-21.049535
P-LCO,0.5299968000000002,-21.086335
P-LCO,0.5303327999999999,-21.017535
P-LCO,0.5306568,-21.212835
P-LCO,0.5309927999999999,-20.985535
P-LCO,0.5313287999999999,-21.318235
P-LCO,0.5316648,-21.386834999999998
P-LCO,0.5320007999999999,-21.497635
P-LCO,0.5323248,-21.375935
P-LCO,0.5326608,-21.624135
P-LCO,0.5329967999999999,-21.174835
P-LCO,0.5333328,-21.655535
P-LCO,0.5336688,-21.533835
P-LCO,0.5339927999999999,-21.465035
P-LCO,0.5343288,-21.575834999999998
P-LCO,0.5346648,-21.591535
P-LCO,0.5350007999999999,-21.839734999999997
P-LCO,0.5353368000000001,-21.813135
P-LCO,0.5356607999999999,-21.458935
P-LCO,0.5359967999999999,-21.939635
P-LCO,0.5363328,-22.071635
P-LCO,0.5366688,-21.854835
P-LCO,0.5370048,-21.807135
P-LCO,0.5373288,-21.917935
P-LCO,0.5376647999999999,-21.997035
P-LCO,0.5380008,-22.086734999999997
P-LCO,0.5383368000000001,-22.134135
P-LCO,0.5386607999999999,-21.917335
P-LCO,0.5389968,-21.616035
P-LCO,0.5393328000000001,-21.716234999999998
P-LCO,0.5396688,-21.277535
P-LCO,0.5400048000000001,-21.346035
P-LCO,0.5403287999999999,-21.594234999999998
P-LCO,0.5406648,-21.166134999999997
P-LCO,0.5410008000000001,-21.720734999999998
P-LCO,0.5413368000000001,-21.324334999999998
P-LCO,0.5416728,-21.318835
P-LCO,0.5419968000000001,-21.630435
P-LCO,0.5423328,-21.212935
P-LCO,0.5426688,-21.186335
P-LCO,0.5430048000000001,-21.297134999999997
P-LCO,0.5433408,-21.312835
P-LCO,0.5436648000000001,-21.138334999999998
P-LCO,0.5440008000000001,-21.280835
P-LCO,0.5443368,-21.243634999999998
P-LCO,0.5446728,-21.470734999999998
P-LCO,0.5449968000000001,-21.581535
P-LCO,0.5453328,-21.512735
P-LCO,0.5456688000000001,-21.824334999999998
P-LCO,0.5460048000000001,-21.913935000000002
P-LCO,0.5463408,-21.633735
P-LCO,0.5466648000000001,-21.712835
P-LCO,0.5470008,-21.823635
P-LCO,0.5473368,-21.522334999999998
P-LCO,0.5476728000000001,-21.770535
P-LCO,0.5480087999999999,-22.039835
P-LCO,0.5483328,-21.759635
P-LCO,0.5486688000000001,-22.324835
P-LCO,0.5490048,-21.928435
P-LCO,0.5493408,-21.806735
P-LCO,0.5496768000000001,-22.086635
P-LCO,0.5500008,-22.239735
P-LCO,0.5503368000000001,-22.191935
P-LCO,0.5506728000000001,-21.647534999999998
P-LCO,0.5510088,-21.599835
P-LCO,0.5513448,-21.689535
P-LCO,0.5516687999999998,-21.662934999999997
P-LCO,0.5520048,-21.953435
P-LCO,0.5523408000000001,-21.852835
P-LCO,0.5526767999999999,-21.784035
P-LCO,0.5530128,-21.725735
P-LCO,0.5533368000000001,-21.741435
P-LCO,0.5536728,-21.461235000000002
P-LCO,0.5540088,-21.508634999999998
P-LCO,0.5543448000000001,-21.725035
P-LCO,0.5546688,-21.751334999999997
P-LCO,0.5550048,-21.904435
P-LCO,0.5553408000000001,-21.507935
P-LCO,0.5556768,-22.263435
P-LCO,0.5560128,-21.676735
P-LCO,0.5563368000000001,-21.586734999999997
P-LCO,0.5566728,-21.898335
P-LCO,0.5570088000000001,-21.755535000000002
P-LCO,0.5573448000000001,-21.824035000000002
P-LCO,0.5576808,-22.072235
P-LCO,0.5580048000000001,-22.267535
P-LCO,0.5583407999999999,-22.029635
P-LCO,0.5586768,-22.119235
P-LCO,0.5590128000000001,-22.367435
P-LCO,0.5593487999999999,-22.150635
P-LCO,0.5596728,-22.398835
P-LCO,0.5600088000000001,-22.308835000000002
P-LCO,0.5603448,-22.208235000000002
P-LCO,0.5606808,-22.202835
P-LCO,0.5610048000000001,-22.292434999999998
P-LCO,0.5613408,-22.540635
P-LCO,0.5616768,-22.323835
P-LCO,0.5620128000000001,-22.339534999999998
P-LCO,0.5623488,-22.386935
P-LCO,0.5626728000000001,-22.265234999999997
P-LCO,0.5630087999999999,-22.185834999999997
P-LCO,0.5633448,-22.687635
P-LCO,0.5636808000000001,-22.291134999999997
P-LCO,0.5640167999999999,-22.475935
P-LCO,0.5643408,-22.375335
P-LCO,0.5646768000000001,-22.412135
P-LCO,0.5650127999999999,-22.406734999999998
P-LCO,0.5653488,-22.654935000000002
P-LCO,0.5656848000000001,-22.586035
P-LCO,0.5660088,-22.210735
P-LCO,0.5663448,-22.543435
P-LCO,0.5666808000000001,-22.707034999999998
P-LCO,0.5670168,-22.627634999999998
P-LCO,0.5673528,-22.601035
P-LCO,0.5676767999999999,-22.384235
P-LCO,0.5680128,-22.410435
P-LCO,0.5683488,-22.722034999999998
P-LCO,0.5686848000000001,-22.737735
P-LCO,0.5690208,-22.922535
P-LCO,0.5693448000000001,-22.473135
P-LCO,0.5696807999999999,-22.742535
P-LCO,0.5700168,-22.652535
P-LCO,0.5703528000000001,-22.477935000000002
P-LCO,0.5706887999999999,-22.409135
P-LCO,0.5710128,-22.403635
P-LCO,0.5713488000000001,-22.884335
P-LCO,0.5716847999999999,-22.456135
P-LCO,0.5720208,-22.640935
P-LCO,0.5723568000000001,-22.656534999999998
P-LCO,0.5726808,-22.883634999999998
P-LCO,0.5730168,-22.687935
P-LCO,0.5733528000000001,-22.640234999999997
P-LCO,0.5736888,-22.264834999999998
P-LCO,0.5740248,-22.259435
P-LCO,0.5743487999999999,-22.507534999999997
P-LCO,0.5746848,-22.692335
P-LCO,0.5750208,-22.338135
P-LCO,0.5753567999999999,-22.512335
P-LCO,0.5756808,-22.390635
P-LCO,0.5760168000000001,-22.691634999999998
P-LCO,0.5763527999999999,-22.548735
P-LCO,0.5766888,-22.744135
P-LCO,0.5770248000000001,-22.950035
P-LCO,0.5773488,-22.648635
P-LCO,0.5776848,-22.273335
P-LCO,0.5780208000000001,-22.384034999999997
P-LCO,0.5783567999999999,-22.442034999999997
P-LCO,0.5786928,-22.415435000000002
P-LCO,0.5790167999999999,-22.293734999999998
P-LCO,0.5793528,-22.584135
P-LCO,0.5796888,-22.124235
P-LCO,0.5800247999999999,-22.626035
P-LCO,0.5803608,-22.229535
P-LCO,0.5806848000000001,-22.224135
P-LCO,0.5810207999999999,-22.334935
P-LCO,0.5813568,-22.192034999999997
P-LCO,0.5816928,-22.408535
P-LCO,0.5820287999999999,-22.614435
P-LCO,0.5823528,-22.630035
P-LCO,0.5826888000000001,-22.370935
P-LCO,0.5830247999999999,-22.777635
P-LCO,0.5833608,-22.708734999999997
P-LCO,0.5836968000000001,-22.333435
P-LCO,0.5840208,-22.761235
P-LCO,0.5843568,-22.597234999999998
P-LCO,0.5846928000000001,-22.803134999999997
P-LCO,0.5850287999999999,-22.913935000000002
P-LCO,0.5853648,-22.739334999999997
P-LCO,0.5856887999999999,-22.438035
P-LCO,0.5860248,-22.802435
P-LCO,0.5863608,-22.701835
P-LCO,0.5866967999999999,-22.495535
P-LCO,0.5870208,-22.511235
P-LCO,0.5873568000000001,-22.664335
P-LCO,0.5876927999999999,-22.542535
P-LCO,0.5880288,-22.632235
P-LCO,0.5883648,-22.806435
P-LCO,0.5886887999999999,-22.505035
P-LCO,0.5890248,-22.383335
P-LCO,0.5893608000000001,-22.610335
P-LCO,0.5896967999999999,-22.330135
P-LCO,0.5900328,-22.736735
P-LCO,0.5903567999999999,-22.593935000000002
P-LCO,0.5906928,-22.451034999999997
P-LCO,0.5910288,-22.582935
P-LCO,0.5913647999999999,-22.302735
P-LCO,0.5917007999999999,-22.846735
P-LCO,0.5920248,-22.883535000000002
P-LCO,0.5923607999999999,-22.539935
P-LCO,0.5926968,-22.619035
P-LCO,0.5930328,-22.898835
P-LCO,0.5933567999999999,-22.703135
P-LCO,0.5936928,-23.141534999999998
P-LCO,0.5940288000000001,-22.924635000000002
P-LCO,0.5943647999999999,-22.707835
P-LCO,0.5947008,-23.125035
P-LCO,0.5950368,-23.024535
P-LCO,0.5953607999999999,-22.997835000000002
P-LCO,0.5956968,-23.869515
P-LCO,0.5960328000000001,-22.817835
P-LCO,0.5963687999999999,-23.097635
P-LCO,0.5967048,-23.176735
P-LCO,0.5970287999999999,-23.202935
P-LCO,0.5973648,-23.049535
P-LCO,0.5977008,-22.843235
P-LCO,0.5980367999999999,-22.858935
P-LCO,0.5983727999999999,-23.181035
P-LCO,0.5986968,-22.943035000000002
P-LCO,0.5990327999999999,-22.916435
P-LCO,0.5993688,-22.932035
P-LCO,0.5997048,-22.577835
P-LCO,0.6000407999999999,-22.984535
P-LCO,0.6003648,-23.211534999999998
P-LCO,0.6007008000000001,-23.554834999999997
P-LCO,0.6010367999999999,-23.295634999999997
P-LCO,0.6013728,-23.353634999999997
P-LCO,0.6016967999999999,-23.675735
P-LCO,0.6020327999999999,-23.437735
P-LCO,0.6023688,-23.178635
P-LCO,0.6027047999999999,-23.701535
P-LCO,0.6030407999999999,-23.812295
P-LCO,0.6033648,-23.827955
P-LCO,0.6037007999999999,-23.875295
P-LCO,0.6040368,-23.848675
P-LCO,0.6043728,-23.557834999999997
P-LCO,0.6047087999999999,-23.552335
P-LCO,0.6050328,-23.853344999999997
P-LCO,0.6053688,-23.826715
P-LCO,0.6057047999999999,-23.842365
P-LCO,0.6060408,-23.445835
P-LCO,0.6063768,-23.894795000000002
P-LCO,0.6067007999999999,-24.079525
P-LCO,0.6070368,-23.841545
P-LCO,0.6073728000000002,-23.677535
P-LCO,0.6077087999999999,-24.126465
P-LCO,0.6080328,-23.941315
P-LCO,0.6083687999999999,-23.798434999999998
P-LCO,0.6087047999999999,-23.740135000000002
P-LCO,0.6090408,-24.041085
P-LCO,0.6093767999999999,-23.729135
P-LCO,0.6097008,-23.861005
P-LCO,0.6100368,-23.855515
P-LCO,0.6103727999999999,-23.533034999999998
P-LCO,0.6107088,-23.960785
P-LCO,0.6110448,-24.166635
P-LCO,0.6113687999999999,-24.118875
P-LCO,0.6117048,-24.271895
P-LCO,0.6120408,-24.424925
P-LCO,0.6123767999999999,-24.007275
P-LCO,0.6127128000000001,-24.213135
P-LCO,0.6130367999999999,-24.524684999999998
P-LCO,0.6133727999999999,-24.815085
P-LCO,0.6137088,-24.397444999999998
P-LCO,0.6140448,-24.391935
P-LCO,0.6143688,-24.523825000000002
P-LCO,0.6147048,-24.518324999999997
P-LCO,0.6150407999999999,-24.671335
P-LCO,0.6153768,-24.760955
P-LCO,0.6157128000000001,-24.459555
P-LCO,0.6160367999999999,-24.496325
P-LCO,0.6163728,-24.290025
P-LCO,0.6167088000000001,-24.485315
P-LCO,0.6170448,-24.458675
P-LCO,0.6173808000000001,-24.453175
P-LCO,0.6177047999999999,-24.817535
P-LCO,0.6180408,-24.537264999999998
P-LCO,0.6183768000000001,-24.225295
P-LCO,0.6187127999999998,-24.864424999999997
P-LCO,0.6190488,-24.520744999999998
P-LCO,0.6193848000000001,-24.599784999999997
P-LCO,0.6197088,-24.647115
P-LCO,0.6200448,-24.800125
P-LCO,0.6203808000000001,-24.889725
P-LCO,0.6207168,-24.398105
P-LCO,0.6210408000000001,-25.079515
P-LCO,0.6213768000000001,-24.714695
P-LCO,0.6217128,-24.656345
P-LCO,0.6220488,-24.841065
P-LCO,0.6223848000000001,-24.486805
P-LCO,0.6227088,-24.756065
P-LCO,0.6230448000000001,-24.824534999999997
P-LCO,0.6233808000000001,-24.681645
P-LCO,0.6237168,-24.739535
P-LCO,0.6240528000000001,-24.808014999999997
P-LCO,0.6243768,-25.024425
P-LCO,0.6247128,-24.564495
P-LCO,0.6250488000000001,-24.949984999999998
P-LCO,0.6253847999999999,-25.240385
P-LCO,0.6257208,-24.643065
P-LCO,0.6260448000000001,-24.658695
P-LCO,0.6263808,-25.340094999999998
P-LCO,0.6267168,-24.763925
P-LCO,0.6270528000000001,-24.959204999999997
P-LCO,0.6273768,-25.122774999999997
P-LCO,0.6277128000000001,-24.631135
P-LCO,0.6280488000000001,-24.805265
P-LCO,0.6283848,-24.873735
P-LCO,0.6287208,-25.164125
P-LCO,0.6290447999999998,-25.137465
P-LCO,0.6293808,-25.174225
P-LCO,0.6297168000000001,-25.221555000000002
P-LCO,0.6300527999999999,-25.258295
P-LCO,0.6303888,-25.094265
P-LCO,0.6307128000000001,-25.067605
P-LCO,0.6310488,-25.537644999999998
P-LCO,0.6313848,-25.215085000000002
P-LCO,0.6317208000000001,-25.188435
P-LCO,0.6320448,-24.992685
P-LCO,0.6323808,-25.061155
P-LCO,0.6327168000000001,-25.119035
P-LCO,0.6330528,-25.250895
P-LCO,0.6333888,-25.065714999999997
P-LCO,0.6337127999999999,-25.123595
P-LCO,0.6340488,-25.445684999999997
P-LCO,0.6343848000000001,-25.397885000000002
P-LCO,0.6347208000000001,-25.318385
P-LCO,0.6350568,-25.249454999999998
P-LCO,0.6353808000000001,-25.265075
P-LCO,0.6357167999999999,-25.375795
P-LCO,0.6360528,-25.412535
P-LCO,0.6363888000000001,-25.565525
P-LCO,0.6367247999999999,-25.285235
P-LCO,0.6370488,-25.469925
P-LCO,0.6373848000000001,-25.432695
P-LCO,0.6377208,-25.205244999999998
P-LCO,0.6380568,-25.241985
P-LCO,0.6383928000000001,-25.299855
P-LCO,0.6387168,-25.368305
P-LCO,0.6390528,-25.595255
P-LCO,0.6393888000000001,-25.494615
P-LCO,0.6397248,-25.393974999999998
P-LCO,0.6400608,-25.113675
P-LCO,0.6403847999999999,-25.361775
P-LCO,0.6407208,-25.176595
P-LCO,0.6410568000000001,-25.604345000000002
P-LCO,0.6413927999999999,-25.250065
P-LCO,0.6417288,-25.498165
P-LCO,0.6420528000000001,-25.196725
P-LCO,0.6423887999999999,-25.402555
P-LCO,0.6427248,-25.460435
P-LCO,0.6430608000000001,-25.571134999999998
P-LCO,0.6433848,-25.681855
P-LCO,0.6437208,-25.359285
P-LCO,0.6440568000000001,-25.713045
P-LCO,0.6443928,-25.601824999999998
P-LCO,0.6447288,-25.226415
P-LCO,0.6450648000000001,-25.590745
P-LCO,0.6453888,-25.352725
P-LCO,0.6457248,-25.738185
P-LCO,0.6460607999999999,-25.405054999999997
P-LCO,0.6463968,-25.843355
P-LCO,0.6467208000000001,-25.330555
P-LCO,0.6470567999999999,-25.874544999999998
P-LCO,0.6473928,-25.985245
P-LCO,0.6477288000000001,-25.472445
P-LCO,0.6480647999999999,-25.392915000000002
P-LCO,0.6484008,-25.387365
P-LCO,0.6487248000000001,-25.360695
P-LCO,0.6490607999999999,-25.407995
P-LCO,0.6493968,-25.740615
P-LCO,0.6497328000000001,-25.597685
P-LCO,0.6500687999999999,-25.803494999999998
P-LCO,0.6503928,-25.449205
P-LCO,0.6507288000000001,-25.633885
P-LCO,0.6510648,-25.807995
P-LCO,0.6514008,-25.802445
P-LCO,0.6517368000000001,-25.363625
P-LCO,0.6520608,-25.558864999999997
P-LCO,0.6523968,-25.437075
P-LCO,0.6527327999999999,-25.685155
P-LCO,0.6530688,-25.542225000000002
P-LCO,0.6533928000000001,-25.864285
P-LCO,0.6537287999999999,-25.837605
P-LCO,0.6540648,-25.800335
P-LCO,0.6544008000000001,-25.868755
P-LCO,0.6547367999999999,-25.768095
P-LCO,0.6550608,-25.677995
P-LCO,0.6553968000000001,-25.989485
P-LCO,0.6557327999999999,-25.920524999999998
P-LCO,0.6560688,-26.094625
P-LCO,0.6564048000000001,-25.740335
P-LCO,0.6567288,-25.650235000000002
P-LCO,0.6570648,-26.056825
P-LCO,0.6574007999999999,-25.977294999999998
P-LCO,0.6577368,-26.278205
P-LCO,0.6580728,-26.135265
P-LCO,0.6583967999999999,-25.802105
P-LCO,0.6587328,-25.796545000000002
P-LCO,0.6590688,-26.086885
P-LCO,0.6594047999999999,-25.690315
P-LCO,0.6597408,-25.874975
P-LCO,0.6600648000000001,-25.679195
P-LCO,0.6604007999999999,-25.768745
P-LCO,0.6607368,-25.921695
P-LCO,0.6610728000000001,-26.169775
P-LCO,0.6613968,-26.143075
P-LCO,0.6617328,-26.179785
P-LCO,0.6620688000000001,-26.036845
P-LCO,0.6624047999999999,-26.221495
P-LCO,0.6627408,-26.120825
P-LCO,0.6630647999999999,-26.020145
P-LCO,0.6634008,-26.500705
P-LCO,0.6637368,-26.400025
P-LCO,0.6640727999999999,-26.394465
P-LCO,0.6644088,-26.114134999999997
P-LCO,0.6647328000000001,-26.341055
P-LCO,0.6650687999999999,-26.198104999999998
P-LCO,0.6654048,-26.076295000000002
P-LCO,0.6657408,-26.165824999999998
P-LCO,0.6660767999999999,-26.255364999999998
P-LCO,0.6664008,-26.154674999999997
P-LCO,0.6667368000000001,-26.149105
P-LCO,0.6670727999999999,-26.323195
P-LCO,0.6674088,-26.550114999999998
P-LCO,0.6677448000000001,-26.840445
P-LCO,0.6680688,-26.771465
P-LCO,0.6684048,-26.924415
P-LCO,0.6687407999999999,-26.939965
P-LCO,0.6690767999999999,-27.050645
P-LCO,0.6694128,-26.812575
P-LCO,0.6697367999999999,-26.859845
P-LCO,0.6700728,-26.970515
P-LCO,0.6704088,-26.690175
P-LCO,0.6707447999999999,-27.117885
P-LCO,0.6710808,-26.784695
P-LCO,0.6714048000000001,-26.599474999999998
P-LCO,0.6717407999999999,-26.889795
P-LCO,0.6720768,-26.683425
P-LCO,0.6724128,-26.952615
P-LCO,0.6727487999999999,-26.503175
P-LCO,0.6730728,-26.782935
P-LCO,0.6734087999999999,-26.407474999999998
P-LCO,0.6737447999999999,-26.349055
P-LCO,0.6740808,-26.417455
P-LCO,0.6744047999999999,-26.454145
P-LCO,0.6747408,-26.268905
P-LCO,0.6750768,-26.305595
P-LCO,0.6754127999999999,-26.236605
P-LCO,0.6757487999999999,-26.061925
P-LCO,0.6760728,-26.035195
P-LCO,0.6764087999999999,-26.262115
P-LCO,0.6767448,-26.351644999999998
P-LCO,0.6770808,-26.250945
P-LCO,0.6774167999999999,-26.382725
P-LCO,0.6777408,-26.514525
P-LCO,0.6780768000000001,-26.255315
P-LCO,0.6784127999999999,-26.693565
P-LCO,0.6787488,-26.476625
P-LCO,0.6790848,-26.449894999999998
P-LCO,0.6794087999999999,-26.539414999999998
P-LCO,0.6797448,-26.206225
P-LCO,0.6800807999999999,-26.475405
P-LCO,0.6804167999999999,-26.681165
P-LCO,0.6807528,-26.443085
P-LCO,0.6810767999999999,-26.617145
P-LCO,0.6814128,-26.104285
P-LCO,0.6817488,-26.637665
P-LCO,0.6820847999999999,-26.558095
P-LCO,0.6824207999999999,-26.711025
P-LCO,0.6827448,-26.779415
P-LCO,0.6830807999999999,-26.636425
P-LCO,0.6834168,-26.556855
P-LCO,0.6837528,-26.625225
P-LCO,0.6840887999999999,-26.714745
P-LCO,0.6844128,-26.867655
P-LCO,0.6847487999999999,-26.957175
P-LCO,0.6850847999999999,-27.131235
P-LCO,0.6854208,-27.336985
P-LCO,0.6857568,-26.961515
P-LCO,0.6860807999999999,-27.040455
P-LCO,0.6864168,-27.203945
P-LCO,0.6867527999999999,-27.029265
P-LCO,0.6870887999999999,-27.530925
P-LCO,0.6874248000000001,-27.166024999999998
P-LCO,0.6877487999999999,-27.593715
P-LCO,0.6880848,-27.175955
P-LCO,0.6884208,-27.075255
P-LCO,0.6887568,-27.090795
P-LCO,0.6890808,-27.317685
P-LCO,0.6894168,-27.016185
P-LCO,0.6897527999999999,-27.169105000000002
P-LCO,0.6900888000000001,-27.163505
P-LCO,0.6904248000000001,-27.062784999999998
P-LCO,0.6907487999999999,-27.194565
P-LCO,0.6910848,-26.914195
P-LCO,0.6914208,-26.866325
P-LCO,0.6917568,-26.902995
P-LCO,0.6920928000000001,-27.087615
P-LCO,0.6924167999999999,-26.712135
P-LCO,0.6927528,-27.277205
P-LCO,0.6930888000000001,-27.070815
P-LCO,0.6934248,-26.917245
P-LCO,0.6937608,-26.869374999999998
P-LCO,0.6940848000000001,-26.451615
P-LCO,0.6944208,-26.837025
P-LCO,0.6947568000000001,-26.366435
P-LCO,0.6950928000000001,-26.920925
P-LCO,0.6954288,-26.566585
P-LCO,0.6957528000000001,-26.878014999999998
P-LCO,0.6960887999999998,-26.830135
P-LCO,0.6964248,-26.592045
P-LCO,0.6967608000000001,-26.818925
P-LCO,0.6970848,-26.855584999999998
P-LCO,0.6974208,-27.019075
P-LCO,0.6977568000000001,-26.685865
P-LCO,0.6980928,-27.029004999999998
P-LCO,0.6984288,-26.632375
P-LCO,0.6987528000000001,-26.922674999999998
P-LCO,0.6990888,-26.938205
P-LCO,0.6994248,-26.869175
P-LCO,0.6997608000000001,-26.905855
P-LCO,0.7000968,-26.836835
P-LCO,0.7004208000000001,-26.894635
P-LCO,0.7007568000000001,-26.984135
P-LCO,0.7010928,-27.211025
P-LCO,0.7014288000000001,-27.184285
P-LCO,0.7017648000000001,-27.337195
P-LCO,0.7020888,-26.771475
P-LCO,0.7024248000000001,-27.484495
P-LCO,0.7027607999999999,-27.299235
P-LCO,0.7030968,-27.568375
P-LCO,0.7034328000000001,-26.897005
P-LCO,0.7037568,-27.483195
P-LCO,0.7040928,-27.393045
P-LCO,0.7044288000000001,-27.429715
P-LCO,0.7047648,-27.540335
P-LCO,0.7051008,-27.323375
P-LCO,0.7054248000000001,-26.926745
P-LCO,0.7057608,-27.058515
P-LCO,0.7060968,-27.264265
P-LCO,0.7064328000000001,-27.438315
P-LCO,0.7067688,-27.453855
P-LCO,0.7070928000000001,-27.014955
P-LCO,0.7074287999999999,-26.988205
P-LCO,0.7077648,-27.468725
P-LCO,0.7081008000000001,-27.272905
P-LCO,0.7084367999999999,-27.172175
P-LCO,0.7087608,-27.473035
P-LCO,0.7090968000000001,-27.488575
P-LCO,0.7094327999999999,-27.091955
P-LCO,0.7097688,-27.244875
P-LCO,0.7100928000000001,-27.355505
P-LCO,0.7104288,-27.328765
P-LCO,0.7107648,-27.228045
P-LCO,0.7111008000000001,-27.317545
P-LCO,0.7114368,-27.470455
P-LCO,0.7117728,-27.369735
P-LCO,0.7120967999999999,-27.438095
P-LCO,0.7124328,-27.136595
P-LCO,0.7127688,-27.384615
P-LCO,0.7131048000000001,-27.241625
P-LCO,0.7134408,-27.436805
P-LCO,0.7137648000000001,-26.923945
P-LCO,0.7141007999999999,-27.425595
P-LCO,0.7144368,-27.145225
P-LCO,0.7147728000000001,-27.509495
P-LCO,0.7150968,-27.482745
P-LCO,0.7154328,-27.244645
P-LCO,0.7157688000000001,-27.492665
P-LCO,0.7161047999999999,-27.413085
P-LCO,0.7164408,-27.481465
P-LCO,0.7167648000000001,-27.518135
P-LCO,0.7171008,-27.079235
P-LCO,0.7174368,-27.327265
P-LCO,0.7177728000000001,-27.268825
P-LCO,0.7181088,-27.453445
P-LCO,0.7184328000000001,-27.003985
P-LCO,0.7187687999999999,-27.283725
P-LCO,0.7191048,-27.341535
P-LCO,0.7194408,-27.198545
P-LCO,0.7197647999999999,-27.076705
P-LCO,0.7201008,-26.954845
P-LCO,0.7204368000000001,-27.181735
P-LCO,0.7207727999999999,-27.155005
P-LCO,0.7211088,-26.938045
P-LCO,0.7214328000000001,-27.069825
P-LCO,0.7217688,-27.201605
P-LCO,0.7221048,-27.269975
P-LCO,0.7224408000000001,-27.084735
P-LCO,0.7227767999999999,-27.026294999999998
P-LCO,0.7231008,-27.369425
P-LCO,0.7234367999999999,-27.575184999999998
P-LCO,0.7237728,-27.474465
P-LCO,0.7241088,-27.416024999999998
P-LCO,0.7244447999999999,-27.325885
P-LCO,0.7247688,-27.552785
P-LCO,0.7251048000000001,-27.610585
P-LCO,0.7254407999999999,-27.763514999999998
P-LCO,0.7257768,-27.535995
P-LCO,0.7261008000000001,-27.942555
P-LCO,0.7264367999999999,-27.588205
P-LCO,0.7267728,-27.952495
P-LCO,0.7271088000000001,-27.693265
P-LCO,0.7274447999999999,-27.455185
P-LCO,0.7277688,-27.682074999999998
P-LCO,0.7281048000000001,-27.465125
P-LCO,0.7284408,-27.575775
P-LCO,0.7287768,-27.432795
P-LCO,0.7291128000000001,-27.701965
P-LCO,0.7294368,-27.537855
P-LCO,0.7297728,-27.574545
P-LCO,0.7301087999999999,-27.685185
P-LCO,0.7304448,-27.457675000000002
P-LCO,0.7307688000000001,-27.631735
P-LCO,0.7311047999999999,-27.805805
P-LCO,0.7314408,-27.462025
P-LCO,0.7317768000000001,-27.361325
P-LCO,0.7321127999999999,-27.176095
P-LCO,0.7324368,-27.529815
P-LCO,0.7327728000000001,-27.207185
P-LCO,0.7331087999999999,-27.518635
P-LCO,0.7334448,-27.470775
P-LCO,0.7337808000000001,-27.877335
P-LCO,0.7341048,-27.438465
P-LCO,0.7344408,-27.527985
P-LCO,0.7347767999999999,-27.934555
P-LCO,0.7351128,-27.696465
P-LCO,0.7354368000000001,-27.849395
P-LCO,0.7357727999999999,-27.643025
P-LCO,0.7361088,-27.869934999999998
P-LCO,0.7364448,-27.462775
P-LCO,0.7367807999999999,-27.827064999999997
P-LCO,0.7371048,-27.620694999999998
P-LCO,0.7374408000000001,-27.287515
P-LCO,0.7377767999999999,-27.863155
P-LCO,0.7381128,-27.466565
P-LCO,0.7384488000000001,-27.545515
P-LCO,0.7387728,-27.539935
P-LCO,0.7391088,-27.534354999999998
P-LCO,0.7394447999999999,-27.254015
P-LCO,0.7397807999999999,-27.185025
P-LCO,0.7401168,-27.401384999999998
P-LCO,0.7404407999999999,-27.142165
P-LCO,0.7407768,-26.956935
P-LCO,0.7411128,-27.046464999999998
P-LCO,0.7414487999999999,-27.178265
P-LCO,0.7417728,-27.405195
P-LCO,0.7421088000000001,-27.209395
P-LCO,0.7424447999999999,-26.886785
P-LCO,0.7427808,-26.902335
P-LCO,0.7431168,-26.896765
P-LCO,0.7434407999999999,-26.891195
P-LCO,0.7437768,-27.318905
P-LCO,0.7441128000000001,-26.880035
P-LCO,0.7444487999999999,-27.381735
P-LCO,0.7447848,-27.439565
P-LCO,0.7451087999999999,-27.391725
P-LCO,0.7454448,-27.269914999999997
P-LCO,0.7457808,-27.401735
P-LCO,0.7461167999999999,-27.216504999999998
P-LCO,0.7464527999999999,-27.232075000000002
P-LCO,0.7467768,-27.342765
P-LCO,0.7471127999999999,-27.537985
P-LCO,0.7474488,-27.447865
P-LCO,0.7477848,-27.463435
P-LCO,0.7481207999999999,-27.246515
P-LCO,0.7484448,-27.336055
P-LCO,0.7487808000000001,-27.700375
P-LCO,0.7491167999999999,-27.853335
P-LCO,0.7494528,-27.668115
P-LCO,0.7497888,-27.863345
P-LCO,0.7501127999999999,-27.604155
P-LCO,0.7504488,-28.021325
P-LCO,0.7507847999999999,-27.709285
P-LCO,0.7511207999999999,-27.915095
P-LCO,0.7514448,-27.867265
P-LCO,0.7517807999999999,-28.157605
P-LCO,0.7521168,-27.940694999999998
P-LCO,0.7524528,-28.262755
P-LCO,0.7527887999999999,-27.749945
P-LCO,0.7531128,-27.945185
P-LCO,0.7534488,-28.309495
P-LCO,0.7537847999999999,-28.124295
P-LCO,0.7541208,-27.960225
P-LCO,0.7544568,-27.975825
P-LCO,0.7547807999999999,-28.086515
P-LCO,0.7551168,-27.964734999999997
P-LCO,0.7554528000000001,-27.864065
P-LCO,0.7557887999999999,-27.742285
P-LCO,0.7561128,-28.043205
P-LCO,0.7564487999999999,-27.731195
P-LCO,0.7567847999999999,-27.630535000000002
P-LCO,0.7571208,-27.677835
P-LCO,0.7574567999999999,-27.735685
P-LCO,0.7577927999999999,-27.920365
P-LCO,0.7581168,-27.587215
P-LCO,0.7584527999999999,-27.856445
P-LCO,0.7587888,-27.491595
P-LCO,0.7591248,-27.686855
P-LCO,0.7594487999999999,-27.734144999999998
P-LCO,0.7597848,-27.443275
P-LCO,0.7601208,-27.353195
P-LCO,0.7604567999999999,-27.685825
P-LCO,0.7607928,-27.912785
P-LCO,0.7611288,-27.653624999999998
P-LCO,0.7614527999999999,-27.901725
P-LCO,0.7617888,-27.642575
P-LCO,0.7621247999999999,-27.658175
P-LCO,0.7624607999999999,-27.885135
P-LCO,0.7627848,-28.038125
P-LCO,0.7631207999999999,-27.525345
P-LCO,0.7634567999999999,-27.636055
P-LCO,0.7637928,-27.545985
P-LCO,0.7641287999999999,-27.603875
P-LCO,0.7644528,-27.577215
P-LCO,0.7647888,-27.709075
P-LCO,0.7651247999999999,-27.523905
P-LCO,0.7654608,-27.349305
P-LCO,0.7657968,-27.671395
P-LCO,0.7661207999999999,-27.369975
P-LCO,0.7664568,-27.681494999999998
P-LCO,0.7667927999999999,-27.612575
P-LCO,0.7671287999999999,-27.490814999999998
P-LCO,0.7674648000000001,-27.760065
P-LCO,0.7677887999999999,-27.680574999999997
P-LCO,0.7681247999999999,-27.474265
P-LCO,0.7684608,-27.690675
P-LCO,0.7687968,-27.505515
P-LCO,0.7691208,-27.426035
P-LCO,0.7694568,-27.927785
P-LCO,0.7697927999999999,-27.816595
P-LCO,0.7701288,-27.990745
P-LCO,0.7704648000000001,-28.143765
P-LCO,0.7707887999999999,-28.095985
P-LCO,0.7711248,-28.111615
P-LCO,0.7714608000000001,-28.127254999999998
P-LCO,0.7717968,-28.005495
P-LCO,0.7721328000000001,-28.073985
P-LCO,0.7724567999999999,-27.835985
P-LCO,0.7727928,-28.337744999999998
P-LCO,0.7731288000000001,-27.666485
P-LCO,0.7734648,-27.978025
P-LCO,0.7738008,-28.141615
P-LCO,0.7741248000000001,-28.062145
P-LCO,0.7744608,-28.194045
P-LCO,0.7747968,-28.146285
P-LCO,0.7751328000000001,-27.950564999999997
P-LCO,0.7754688,-27.923945
P-LCO,0.7757928000000001,-28.076975
P-LCO,0.7761288000000001,-28.282835
P-LCO,0.7764648,-28.139965
P-LCO,0.7768008,-27.954835
P-LCO,0.7771368000000001,-28.245255
P-LCO,0.7774608,-28.282045
P-LCO,0.7777968000000001,-28.075775
P-LCO,0.7781327999999998,-27.489055
P-LCO,0.7784688,-28.318445
P-LCO,0.7787928000000001,-28.059345
P-LCO,0.7791288,-28.001035
P-LCO,0.7794648,-27.678515
P-LCO,0.7798008000000001,-27.905545
P-LCO,0.7801367999999999,-27.667575
P-LCO,0.7804608,-27.936875
P-LCO,0.7807968000000001,-28.322415
P-LCO,0.7811328,-28.063315
P-LCO,0.7814688,-28.470005
P-LCO,0.7818048000000001,-28.052395
P-LCO,0.7821288,-28.342835
P-LCO,0.7824648000000001,-28.083735
P-LCO,0.7828008000000001,-28.405875
P-LCO,0.7831368,-28.632905
P-LCO,0.7834728,-28.416085
P-LCO,0.7837967999999998,-28.368344999999998
P-LCO,0.7841328,-28.595395
P-LCO,0.7844688000000001,-29.044365
P-LCO,0.7848047999999999,-28.764135
P-LCO,0.7851408,-28.684715
P-LCO,0.7854648000000001,-28.827215
P-LCO,0.7858008,-28.726655
P-LCO,0.7861368,-28.330185
P-LCO,0.7864728000000001,-28.641785
P-LCO,0.7868087999999999,-28.689175
P-LCO,0.7871328,-29.000775
P-LCO,0.7874688000000001,-28.741705
P-LCO,0.7878048,-28.535474999999998
P-LCO,0.7881408,-28.688555
P-LCO,0.7884647999999999,-28.450615
P-LCO,0.7888008,-28.677675
P-LCO,0.7891368000000001,-28.788485
P-LCO,0.7894727999999999,-28.529415
P-LCO,0.7898088,-28.386605
P-LCO,0.7901328000000001,-28.328335
P-LCO,0.7904687999999999,-28.787885
P-LCO,0.7908048,-28.645075
P-LCO,0.7911408000000001,-28.386015
P-LCO,0.7914767999999999,-28.222075
P-LCO,0.7918008,-28.438565
P-LCO,0.7921368000000001,-28.179515
P-LCO,0.7924728,-28.174095
P-LCO,0.7928088,-28.337764999999997
P-LCO,0.7931448000000001,-28.807904999999998
P-LCO,0.7934688,-28.136705
P-LCO,0.7938048,-28.543445
P-LCO,0.7941408000000001,-28.400635
P-LCO,0.7944768,-28.606585
P-LCO,0.7948128,-28.252435
P-LCO,0.7951367999999999,-28.384405
P-LCO,0.7954728,-28.590355
P-LCO,0.7958088000000001,-28.743475
P-LCO,0.7961447999999999,-28.325915
P-LCO,0.7964808,-28.479025
P-LCO,0.7968048000000001,-28.473625
P-LCO,0.7971407999999999,-28.563344999999998
P-LCO,0.7974768,-28.462835
P-LCO,0.7978128000000001,-28.478575
P-LCO,0.7981368,-28.843045
P-LCO,0.7984728,-28.362105
P-LCO,0.7988088000000001,-28.515235
P-LCO,0.7991448,-28.457005
P-LCO,0.7994808,-28.367065
P-LCO,0.7998047999999999,-28.425075
P-LCO,0.8001408,-28.440835
P-LCO,0.8004768,-28.530555
P-LCO,0.8008127999999999,-28.546305
P-LCO,0.8011488,-28.826255
P-LCO,0.8014728000000001,-29.137905
P-LCO,0.8018087999999999,-29.037405
P-LCO,0.8021448,-29.169415
P-LCO,0.8024808000000001,-28.730755
P-LCO,0.8028167999999999,-29.190375
P-LCO,0.8031408,-29.206135
P-LCO,0.8034768000000001,-28.968265
P-LCO,0.8038127999999999,-28.920625
P-LCO,0.8041488,-29.232305
P-LCO,0.8044848000000001,-29.026155
P-LCO,0.8048088,-28.830555
P-LCO,0.8051448,-28.983705
P-LCO,0.8054807999999999,-28.978335
P-LCO,0.8058168,-28.581965
P-LCO,0.8061528,-28.713995
P-LCO,0.8064767999999999,-28.898865
P-LCO,0.8068128,-29.030895
P-LCO,0.8071488,-28.655655
P-LCO,0.8074847999999999,-28.861665
P-LCO,0.8078208,-28.623825
P-LCO,0.8081448000000001,-28.639605
P-LCO,0.8084807999999999,-28.750505
P-LCO,0.8088168,-28.333005
P-LCO,0.8091528000000001,-28.919465
P-LCO,0.8094887999999999,-28.660495
P-LCO,0.8098128,-28.634025
P-LCO,0.8101488000000001,-28.702665
P-LCO,0.8104847999999999,-28.834715
P-LCO,0.8108208,-28.480635
P-LCO,0.8111568000000001,-28.707795
P-LCO,0.8114808,-28.797565
P-LCO,0.8118168,-28.855655
P-LCO,0.8121527999999999,-28.755205
P-LCO,0.8124888,-28.570225
P-LCO,0.8128248,-29.072155
P-LCO,0.8131487999999999,-28.908305
P-LCO,0.8134848,-28.459145
P-LCO,0.8138208,-28.781435
P-LCO,0.8141567999999999,-28.723285
P-LCO,0.8144928,-28.971595
P-LCO,0.8148168000000001,-28.554135
P-LCO,0.8151527999999999,-28.992675
P-LCO,0.8154888,-28.384995
P-LCO,0.8158248000000001,-28.749565
P-LCO,0.8161488,-28.744265
P-LCO,0.8164848,-28.622715
P-LCO,0.8168207999999999,-28.458885
P-LCO,0.8171567999999999,-28.823465
P-LCO,0.8174928,-28.469425
P-LCO,0.8178167999999999,-28.781155
P-LCO,0.8181528,-28.522225
P-LCO,0.8184888,-28.590915
P-LCO,0.8188247999999999,-28.353125
P-LCO,0.8191608,-28.580315
P-LCO,0.8194968,-28.321395
P-LCO,0.8198207999999999,-28.358385
P-LCO,0.8201568,-28.469345
P-LCO,0.8204928,-27.956805
P-LCO,0.8208287999999999,-28.458785
P-LCO,0.8211648,-28.590885
P-LCO,0.8214888000000001,-28.564484999999998
P-LCO,0.8218247999999999,-28.242165
P-LCO,0.8221608,-28.691315
P-LCO,0.8224968000000001,-28.844555
P-LCO,0.8228327999999999,-28.701895
P-LCO,0.8231568,-28.612095
P-LCO,0.8234927999999999,-28.553985
P-LCO,0.8238287999999999,-28.622705
P-LCO,0.8241648,-28.892205
P-LCO,0.8245007999999999,-29.277965000000002
P-LCO,0.8248248,-28.353295
P-LCO,0.8251608,-29.309725
P-LCO,0.8254967999999999,-29.082545
P-LCO,0.8258328,-29.024445
P-LCO,0.8261688,-28.998075
P-LCO,0.8264927999999999,-29.478945
P-LCO,0.8268288,-29.220064999999998
P-LCO,0.8271648,-29.648125
P-LCO,0.8275007999999999,-29.135615
P-LCO,0.8278368,-29.595365
P-LCO,0.8281607999999999,-29.590125
P-LCO,0.8284967999999999,-29.880805
P-LCO,0.8288328,-29.421145
P-LCO,0.8291687999999999,-29.711824999999997
P-LCO,0.8294928,-29.495235
P-LCO,0.8298288,-29.659095
P-LCO,0.8301647999999999,-29.653875
P-LCO,0.8305007999999999,-29.574685
P-LCO,0.8308368,-29.664575
P-LCO,0.8311607999999999,-29.659354999999998
P-LCO,0.8314968,-29.537895
P-LCO,0.8318328,-29.553825
P-LCO,0.8321687999999999,-29.548614999999998
P-LCO,0.8325048,-29.310915
P-LCO,0.8328287999999999,-29.495935
P-LCO,0.8331647999999999,-29.279365
P-LCO,0.8335008,-28.978275
P-LCO,0.8338368,-29.427495
P-LCO,0.8341607999999999,-29.242635
P-LCO,0.8344968,-29.300845
P-LCO,0.8348327999999999,-28.841234999999998
P-LCO,0.8351687999999999,-29.522965
P-LCO,0.8355048,-29.707995
P-LCO,0.8358287999999999,-28.572035
P-LCO,0.8361648,-29.211495
P-LCO,0.8365008,-29.269725
P-LCO,0.8368367999999999,-28.736145
P-LCO,0.8371727999999999,-29.333355
P-LCO,0.8374968,-28.894875
P-LCO,0.8378327999999999,-29.111635
P-LCO,0.8381688,-29.243845
P-LCO,0.8385048,-29.175275
P-LCO,0.8388287999999999,-28.620575
P-LCO,0.8391648,-28.795065
P-LCO,0.8395007999999999,-29.392274999999998
P-LCO,0.8398367999999999,-29.249724999999998
P-LCO,0.8401728,-29.244565
P-LCO,0.8404967999999999,-29.165445
P-LCO,0.8408327999999999,-29.392775
P-LCO,0.8411688,-29.778635
P-LCO,0.8415047999999999,-30.027115
P-LCO,0.8418408,-29.535845
P-LCO,0.8421648,-29.742065
P-LCO,0.8425007999999999,-29.874305
P-LCO,0.8428368,-29.795185
P-LCO,0.8431728000000001,-29.589255
P-LCO,0.8435088,-29.372765
P-LCO,0.8438328,-30.149665
P-LCO,0.8441687999999999,-29.912035
P-LCO,0.8445047999999999,-29.959744999999998
P-LCO,0.8448408000000001,-29.722125
P-LCO,0.8451647999999999,-30.108014999999998
P-LCO,0.8455007999999999,-30.102895
P-LCO,0.8458368,-30.002665
P-LCO,0.8461728,-30.166645
P-LCO,0.8465088,-30.246065
P-LCO,0.8468328,-30.357195
P-LCO,0.8471687999999999,-30.151295
P-LCO,0.8475048,-29.564945
P-LCO,0.8478408000000001,-29.908585
P-LCO,0.8481768,-30.104275
P-LCO,0.8485008,-30.173155
P-LCO,0.8488368000000001,-29.988395
P-LCO,0.8491728,-30.004435
P-LCO,0.8495088000000001,-30.062745
P-LCO,0.8498448000000001,-30.406395
P-LCO,0.8501688,-29.682695
P-LCO,0.8505048000000001,-30.121455
P-LCO,0.8508408,-30.116374999999998
P-LCO,0.8511768,-30.206405
P-LCO,0.8515128000000001,-29.894845
P-LCO,0.8518368,-30.513285
P-LCO,0.8521728,-30.117205
P-LCO,0.8525088000000001,-30.344625
P-LCO,0.8528448,-29.990804999999998
P-LCO,0.8531808,-30.397885
P-LCO,0.8535048000000001,-30.445655
P-LCO,0.8538408,-30.419445
P-LCO,0.8541768,-30.181905
P-LCO,0.8545128000000001,-30.356485
P-LCO,0.8548488,-30.288035
P-LCO,0.8551728000000001,-30.536615
P-LCO,0.8555087999999998,-30.045445
P-LCO,0.8558448,-30.177775
P-LCO,0.8561808000000001,-30.172735
P-LCO,0.8565048,-30.442465
P-LCO,0.8568408,-30.374015
P-LCO,0.8571768000000001,-30.115344999999998
P-LCO,0.8575128,-30.363945
P-LCO,0.8578488,-30.052445
P-LCO,0.8581728000000001,-29.984015
P-LCO,0.8585088,-29.809895
P-LCO,0.8588448,-30.174755
P-LCO,0.8591808000000001,-30.307105
P-LCO,0.8595168,-30.027315
P-LCO,0.8598408000000001,-29.980035
P-LCO,0.8601767999999999,-30.228655
P-LCO,0.8605128,-30.244775
P-LCO,0.8608488,-30.651915
P-LCO,0.8611848000000001,-30.414405
P-LCO,0.8615088,-30.303725
P-LCO,0.8618448000000001,-30.362135
P-LCO,0.8621807999999999,-30.547355
P-LCO,0.8625168,-30.140785
P-LCO,0.8628528000000001,-30.230895
P-LCO,0.8631768,-30.532384999999998
P-LCO,0.8635128,-30.294895
P-LCO,0.8638488000000001,-30.427295
P-LCO,0.8641848,-30.369475
P-LCO,0.8645088,-30.343365
P-LCO,0.8648448000000001,-30.359515
P-LCO,0.8651808,-30.756125
P-LCO,0.8655168,-30.497515
P-LCO,0.8658528000000001,-30.598225
P-LCO,0.8661768,-30.339624999999998
P-LCO,0.8665128000000001,-30.429775
P-LCO,0.8668487999999999,-30.731285
P-LCO,0.8671848,-30.324745
P-LCO,0.8675208,-30.805915
P-LCO,0.8678448,-30.758675
P-LCO,0.8681808,-30.753735
P-LCO,0.8685168000000001,-30.400045
P-LCO,0.8688527999999999,-30.786115
P-LCO,0.8691888,-30.464135
P-LCO,0.8695128000000001,-30.850195
P-LCO,0.8698488,-31.003775
P-LCO,0.8701848,-30.512715
P-LCO,0.8705208000000001,-30.602895
P-LCO,0.8708568,-30.555705
P-LCO,0.8711808,-30.571905
P-LCO,0.8715167999999999,-30.683225
P-LCO,0.8718528,-30.329565
P-LCO,0.8721888,-30.874175
P-LCO,0.8725247999999999,-30.552225
P-LCO,0.8728488,-30.526184999999998
P-LCO,0.8731848000000001,-30.637515
P-LCO,0.8735207999999999,-30.442385
P-LCO,0.8738568,-30.374074999999998
P-LCO,0.8741928,-30.411445
P-LCO,0.8745168,-30.269165
P-LCO,0.8748528,-30.359375
P-LCO,0.8751888000000001,-30.354485
P-LCO,0.8755247999999999,-30.201645
P-LCO,0.8758488,-29.763485
P-LCO,0.8761848000000001,-30.286985
P-LCO,0.8765208,-30.472345
P-LCO,0.8768568,-30.530865
P-LCO,0.8771928000000001,-30.504855
P-LCO,0.8775168,-30.542255
P-LCO,0.8778528,-30.706465
P-LCO,0.8781887999999999,-30.215474999999998
P-LCO,0.8785248,-30.464245
P-LCO,0.8788608,-30.406534999999998
P-LCO,0.8791847999999999,-30.940655
P-LCO,0.8795208,-30.449665
P-LCO,0.8798568000000001,-30.561065
P-LCO,0.8801927999999999,-30.714735
P-LCO,0.8805288,-30.456255
P-LCO,0.8808528000000001,-30.937535
P-LCO,0.8811888,-30.953834999999998
P-LCO,0.8815248,-30.653095
P-LCO,0.8818608000000001,-30.669395
P-LCO,0.8821848,-30.844225
P-LCO,0.8825208,-30.934505
P-LCO,0.8828567999999999,-30.697175
P-LCO,0.8831928,-30.787475
P-LCO,0.8835288,-30.624135
P-LCO,0.8838527999999999,-31.010334999999998
P-LCO,0.8841888,-30.614505
P-LCO,0.8845248,-30.556865
P-LCO,0.8848607999999999,-30.784545
P-LCO,0.8851968,-30.895995
P-LCO,0.8855208000000001,-30.848914999999998
P-LCO,0.8858567999999999,-30.886385
P-LCO,0.8861928,-31.526235
P-LCO,0.8865288000000001,-30.855665
P-LCO,0.8868647999999999,-31.104495
P-LCO,0.8871888,-30.455065
P-LCO,0.8875247999999999,-30.978685
P-LCO,0.8878608,-31.438885
P-LCO,0.8881968,-31.032525
P-LCO,0.8885207999999999,-30.826954999999998
P-LCO,0.8888568,-31.096955
P-LCO,0.8891928,-31.134455
P-LCO,0.8895287999999999,-30.992314999999998
P-LCO,0.8898648,-31.124925
P-LCO,0.8901888000000001,-30.729155
P-LCO,0.8905247999999999,-31.326774999999998
P-LCO,0.8908608,-31.089515
P-LCO,0.8911968,-31.570905
P-LCO,0.8915327999999999,-30.942645
P-LCO,0.8918568,-31.075285
P-LCO,0.8921928000000001,-30.542144999999998
P-LCO,0.8925287999999999,-30.970695
P-LCO,0.8928648,-30.881415
P-LCO,0.8932008000000001,-30.570215
P-LCO,0.8935248,-31.146725
P-LCO,0.8938608,-30.655874999999998
P-LCO,0.8941967999999999,-30.630015
P-LCO,0.8945328,-31.111415
P-LCO,0.8948568,-30.662855
P-LCO,0.8951927999999999,-30.795514999999998
P-LCO,0.8955288,-30.822505
P-LCO,0.8958648,-30.627585
P-LCO,0.8962007999999999,-30.781405
P-LCO,0.8965248,-30.892955
P-LCO,0.8968608000000001,-31.163015
P-LCO,0.8971967999999999,-31.190025
P-LCO,0.8975328,-31.523505
P-LCO,0.8978688,-31.011555
P-LCO,0.8981928,-31.123124999999998
P-LCO,0.8985288,-31.287525
P-LCO,0.8988647999999999,-31.504775
P-LCO,0.8992007999999999,-31.637484999999998
P-LCO,0.8995368,-31.780755
P-LCO,0.8998607999999999,-31.522465
P-LCO,0.9001968,-31.929945
P-LCO,0.9005328,-31.787905
P-LCO,0.9008687999999999,-31.762105
P-LCO,0.9012047999999999,-31.915965
P-LCO,0.9015288,-31.795075
P-LCO,0.9018647999999999,-31.399405
P-LCO,0.9022008,-31.849175
P-LCO,0.9025368,-31.992485
P-LCO,0.9028727999999999,-32.241475
P-LCO,0.9031968,-31.814125
P-LCO,0.9035328000000001,-32.623225
P-LCO,0.9038687999999999,-31.857705
P-LCO,0.9042048,-31.937615
P-LCO,0.9045408,-31.679365
P-LCO,0.9048647999999999,-31.843835
P-LCO,0.9052008,-32.092855
P-LCO,0.9055367999999999,-31.993135
P-LCO,0.9058727999999999,-32.030795
P-LCO,0.9061968,-31.825395
P-LCO,0.9065327999999999,-31.683405
P-LCO,0.9068688,-32.228355
P-LCO,0.9072048,-31.779895
P-LCO,0.9075407999999999,-31.479405
P-LCO,0.9078648,-31.886965
P-LCO,0.9082008,-31.586475
P-LCO,0.9085367999999999,-31.560755
P-LCO,0.9088728,-31.852085
P-LCO,0.9092088,-31.667855
P-LCO,0.9095327999999999,-31.335665
P-LCO,0.9098688,-31.521325
P-LCO,0.9102047999999999,-31.485055
P-LCO,0.9105407999999999,-31.512205
P-LCO,0.9108768,-32.173415
P-LCO,0.9112007999999999,-32.010345
P-LCO,0.9115367999999999,-31.868405
P-LCO,0.9118728,-31.557385
P-LCO,0.9122087999999999,-31.806475
P-LCO,0.9125447999999999,-32.520545
P-LCO,0.9128688,-31.776255
P-LCO,0.9132047999999999,-32.067614999999996
P-LCO,0.9135408,-32.115925
P-LCO,0.9138768,-32.132545
P-LCO,0.9142007999999999,-31.874395
P-LCO,0.9145368,-31.869865
P-LCO,0.9148728,-32.097845
P-LCO,0.9152087999999999,-32.294125
P-LCO,0.9155448,-32.268475
P-LCO,0.9158687999999999,-32.221695
P-LCO,0.9162047999999999,-32.354585
P-LCO,0.9165408,-32.487455
P-LCO,0.9168767999999999,-32.187065
P-LCO,0.9172127999999999,-32.404485
P-LCO,0.9175368,-32.315465
P-LCO,0.9178727999999999,-32.141885
P-LCO,0.9182087999999999,-32.391035
P-LCO,0.9185448,-32.640175
P-LCO,0.9188807999999999,-32.065045
P-LCO,0.9192048,-32.271924999999996
P-LCO,0.9195408,-32.658475
P-LCO,0.9198767999999999,-32.368665
P-LCO,0.9202128,-32.438185
P-LCO,0.9205488000000001,-32.137825
P-LCO,0.9208727999999999,-32.387005
P-LCO,0.9212088,-32.329715
P-LCO,0.9215447999999999,-32.124475
P-LCO,0.9218808,-32.669565
P-LCO,0.9222168000000001,-32.200135
P-LCO,0.9225407999999999,-32.407065
P-LCO,0.9228767999999999,-32.751365
P-LCO,0.9232128000000001,-32.303085
P-LCO,0.9235488,-32.531155
P-LCO,0.9238848,-31.839825
P-LCO,0.9242088,-32.310965
P-LCO,0.9245447999999999,-32.306545
P-LCO,0.9248808,-32.259865
P-LCO,0.9252168000000001,-32.720455
P-LCO,0.9255407999999999,-32.525825
P-LCO,0.9258768,-32.870165
P-LCO,0.9262127999999998,-32.654415
P-LCO,0.9265488,-32.607755
P-LCO,0.9268848000000001,-32.698475
P-LCO,0.9272087999999999,-32.556715
P-LCO,0.9275448,-32.827095
P-LCO,0.9278808000000001,-32.864995
P-LCO,0.9282168,-32.881755
P-LCO,0.9285528,-32.877385
P-LCO,0.9288768000000001,-32.693375
P-LCO,0.9292128,-33.037755
P-LCO,0.9295488,-33.033385
P-LCO,0.9298848000000001,-32.933925
P-LCO,0.9302208,-32.834465
P-LCO,0.9305448000000001,-32.734995
P-LCO,0.9308808000000001,-32.984285
P-LCO,0.9312168,-32.979945
P-LCO,0.9315528,-33.377195
P-LCO,0.9318888000000001,-32.950145
P-LCO,0.9322128,-33.410804999999996
P-LCO,0.9325488000000001,-32.878075
P-LCO,0.9328847999999998,-33.402155
P-LCO,0.9332208,-33.207615
P-LCO,0.9335568000000001,-33.182165
P-LCO,0.9338808,-33.156715
P-LCO,0.9342168,-33.480015
P-LCO,0.9345528000000001,-33.517995
P-LCO,0.9348888,-33.555955
N-LCO,0.0,0.0
N-LCO,0.0001775999999998845,-0.1947570370369789
N-LCO,0.000513599999999954,0.11564296296302246
N-LCO,0.0008496000000000237,0.013942962963021444
N-LCO,0.00118559999999988,-0.24625703703697965
N-LCO,0.0015215999999999496,-0.07315703703697807
N-LCO,0.0018455999999998339,-0.33345703703697893
N-LCO,0.0021815999999999034,-0.24485703703697936
N-LCO,0.002517599999999973,0.1606429629630206
N-LCO,0.0028535999999998295,-0.3109570370369781
N-LCO,0.003189599999999899,-0.0216570370369773
N-LCO,0.0035135999999999965,-0.1656570370369792
N-LCO,0.003849599999999853,-0.36245703703697885
N-LCO,0.004185599999999922,-0.04145703703697734
N-LCO,0.004521599999999992,-0.07975703703698045
N-LCO,0.004857599999999848,-0.24485703703697936
N-LCO,0.005181599999999946,-0.42055703703697844
N-LCO,0.005517600000000016,0.23864296296302
N-LCO,0.005853599999999872,-0.2223570370369785
N-LCO,0.006189599999999942,0.08804296296301928
N-LCO,0.006525600000000011,0.12364296296302157
N-LCO,0.006849599999999896,0.0008429629630199997
N-LCO,0.007185599999999965,-0.026857037036979392
N-LCO,0.007521599999999821,-0.24485703703697936
N-LCO,0.007857599999999892,-0.01895703703698004
N-LCO,0.00819359999999996,0.10124296296302049
N-LCO,0.008517599999999846,0.05234296296302077
N-LCO,0.008853599999999915,0.24654296296301936
N-LCO,0.009189599999999984,-0.055957037036979074
N-LCO,0.00952559999999984,-0.15765703703698009
N-LCO,0.00986159999999991,-0.21715703703697997
N-LCO,0.010185600000000008,0.18844296296301977
N-LCO,0.010521599999999864,0.0021429629630205227
N-LCO,0.010857599999999934,0.13294296296302122
N-LCO,0.011193600000000003,0.1897429629630203
N-LCO,0.011529599999999859,0.2782429629630201
N-LCO,0.011853599999999957,0.49354296296301925
N-LCO,0.012189599999999813,0.4869429629630204
N-LCO,0.012525599999999883,0.6176429629630213
N-LCO,0.012861599999999952,0.6744429629630204
N-LCO,0.013197600000000023,0.5304429629630221
N-LCO,0.013521599999999906,0.38654296296301993
N-LCO,0.013857599999999977,0.32704296296302005
N-LCO,0.014193599999999832,0.04564296296302217
N-LCO,0.014529599999999901,0.3137429629630226
N-LCO,0.014865599999999972,0.11694296296301943
N-LCO,0.015189599999999855,0.4062429629630202
N-LCO,0.015525599999999926,0.3362429629630199
N-LCO,0.015861599999999997,-0.07205703703698063
N-LCO,0.01619759999999985,0.01654296296302249
N-LCO,0.016533599999999923,0.16834296296302043
N-LCO,0.016857600000000018,-0.134157037036978
N-LCO,0.017193599999999875,-0.21475703703697846
N-LCO,0.017529599999999944,0.1485429629630204
N-LCO,0.017865600000000013,-0.06945703703697959
N-LCO,0.0181895999999999,-0.15005703703698003
N-LCO,0.01852559999999997,0.0018429629630212219
N-LCO,0.018861599999999826,-0.09995703703697956
N-LCO,0.019197599999999895,0.495842962963021
N-LCO,0.019533599999999963,0.003042962963021978
N-LCO,0.019857599999999847,0.05984296296302105
N-LCO,0.02019359999999992,0.05324296296302222
N-LCO,0.020529599999999988,0.47984296296302276
N-LCO,0.020865599999999842,0.039942962963021245
N-LCO,0.021201599999999914,-0.23085703703698002
N-LCO,0.02152560000000001,0.5762429629630219
N-LCO,0.021861599999999867,0.35824296296302194
N-LCO,0.022197599999999935,0.3727429629630201
N-LCO,0.022533600000000008,0.13364296296301958
N-LCO,0.02286959999999986,0.1904429629630222
N-LCO,0.02319359999999996,0.27884296296302225
N-LCO,0.023529599999999817,0.2405429629630227
N-LCO,0.023865599999999886,0.5298429629630199
N-LCO,0.024201599999999955,0.06874296296302163
N-LCO,0.024537599999999812,0.45314296296302103
N-LCO,0.02486159999999991,0.02374296296301992
N-LCO,0.02519759999999998,0.5455429629630224
N-LCO,0.025533599999999837,0.42264296296302106
N-LCO,0.025869599999999906,0.6167429629630199
N-LCO,0.026205599999999975,0.2190429629630195
N-LCO,0.026529599999999858,0.09614296296302172
N-LCO,0.026865599999999927,-0.04785703703698019
N-LCO,0.0272016,0.5161429629630199
N-LCO,0.027537599999999853,0.16084296296302014
N-LCO,0.02786159999999995,0.24924296296302018
N-LCO,0.02819760000000002,0.16864296296301973
N-LCO,0.028533599999999878,-0.049357037036980245
N-LCO,0.028869599999999947,0.1553429629630223
N-LCO,0.029205600000000016,0.21214296296302138
N-LCO,0.029529599999999902,-0.06935703703697982
N-LCO,0.02986559999999997,0.17764296296302007
N-LCO,0.03020159999999983,0.3718429629630222
N-LCO,0.030537599999999897,0.24894296296302088
N-LCO,0.030873599999999966,0.1471429629630201
N-LCO,0.03119759999999985,0.003142962963021745
N-LCO,0.03153359999999992,0.13384296296302267
N-LCO,0.03186959999999999,-0.020757037036979398
N-LCO,0.03220559999999985,0.5749429629630214
N-LCO,0.032541599999999914,0.26184296296301923
N-LCO,0.032865600000000016,0.8152429629630227
N-LCO,0.03320159999999987,0.2907429629630194
N-LCO,0.03353759999999994,0.8865429629630199
N-LCO,0.03387360000000001,0.27744296296302196
N-LCO,0.03420959999999987,0.6407429629630208
N-LCO,0.03453359999999996,0.6551429629630192
N-LCO,0.03486959999999982,0.94444296296302
N-LCO,0.035205599999999886,0.9377429629630214
N-LCO,0.03554159999999996,0.4449429629630224
N-LCO,0.035865599999999845,0.6919429629630223
N-LCO,0.03620159999999991,0.928342962963022
N-LCO,0.03653759999999998,0.8794429629630223
N-LCO,0.03687359999999984,1.0101429629630196
N-LCO,0.037209599999999905,0.8555429629630211
N-LCO,0.03753360000000001,0.5529429629630194
N-LCO,0.037869599999999864,1.0958429629630224
N-LCO,0.03820559999999993,0.698142962963022
N-LCO,0.0385416,0.8288429629630194
N-LCO,0.03887759999999986,0.7693429629630195
N-LCO,0.039201599999999955,0.9740429629630221
N-LCO,0.03953759999999981,0.9568429629630195
N-LCO,0.039873599999999884,0.7704429629630205
N-LCO,0.04020959999999995,0.8800429629630209
N-LCO,0.04054560000000002,0.9791429629630208
N-LCO,0.0408695999999999,0.9090429629630208
N-LCO,0.041205599999999974,0.8706429629630215
N-LCO,0.04154159999999983,1.0224429629630194
N-LCO,0.0418775999999999,0.603642962963022
N-LCO,0.0422016,0.7554429629630199
N-LCO,0.042537599999999856,0.8862429629630206
N-LCO,0.04287359999999992,0.8055429629630204
N-LCO,0.043209599999999994,0.6403429629630217
N-LCO,0.04354559999999985,0.6759429629630205
N-LCO,0.043869599999999946,0.320542962963021
N-LCO,0.04420560000000002,0.2927429629630218
N-LCO,0.044541599999999876,0.2755429629630193
N-LCO,0.04487759999999994,-0.23845703703698007
N-LCO,0.045213600000000014,0.2621429629630221
N-LCO,0.04553759999999989,-0.2517570370369775
N-LCO,0.045873599999999966,-0.2372570370369793
N-LCO,0.04620959999999982,-0.10655703703697839
N-LCO,0.046545599999999895,-0.2823570370369808
N-LCO,0.04688159999999996,0.10204296296302218
N-LCO,0.04720559999999985,-0.06325703703697982
N-LCO,0.04754159999999991,0.08864296296302143
N-LCO,0.047877599999999985,-0.03425703703697991
N-LCO,0.04821359999999984,0.6459429629630193
N-LCO,0.04854959999999991,0.22704296296302218
N-LCO,0.04887360000000001,0.5586429629630203
N-LCO,0.04920959999999987,0.9006429629630226
N-LCO,0.04954559999999993,0.7988429629630218
N-LCO,0.049881600000000005,1.2466429629630227
N-LCO,0.05021759999999986,1.3138429629630224
N-LCO,0.05054159999999996,1.3706429629630215
N-LCO,0.050877599999999815,1.3850429629630199
N-LCO,0.05121359999999989,1.5580429629630217
N-LCO,0.05154959999999995,1.7098429629630196
N-LCO,0.051885600000000025,1.6820429629630205
N-LCO,0.052209599999999905,2.0452429629630196
N-LCO,0.05254559999999998,2.027942962963021
N-LCO,0.052881599999999834,2.4651429629630215
N-LCO,0.0532175999999999,2.0885429629630217
N-LCO,0.05355359999999997,2.1664429629630213
N-LCO,0.05387759999999986,1.9060429629630207
N-LCO,0.054213599999999924,2.2481429629630227
N-LCO,0.0545496,1.9138429629630203
N-LCO,0.054885599999999854,1.9493429629630192
N-LCO,0.05522159999999992,1.689042962963022
N-LCO,0.05554560000000002,1.7669429629630216
N-LCO,0.05588159999999988,1.506542962963021
N-LCO,0.056217599999999944,1.4259429629630205
N-LCO,0.056553600000000016,1.2395429629630215
N-LCO,0.056877599999999896,1.2011429629630221
N-LCO,0.05721359999999997,1.0782429629630208
N-LCO,0.057549599999999826,1.12434296296302
N-LCO,0.0578855999999999,1.3924429629630204
N-LCO,0.058221599999999964,1.1215429629630194
N-LCO,0.05854559999999985,1.3473429629630225
N-LCO,0.058881599999999916,1.2032429629630208
N-LCO,0.05921759999999999,1.1648429629630215
N-LCO,0.059553599999999846,1.5702429629630217
N-LCO,0.05988959999999991,1.4050429629630194
N-LCO,0.06021360000000001,1.20814296296302
N-LCO,0.06054959999999987,0.9477429629630194
N-LCO,0.060885599999999936,1.1735429629630225
N-LCO,0.06122160000000001,1.2831429629630193
N-LCO,0.061557599999999865,1.4560429629630214
N-LCO,0.06188159999999996,1.0266429629630203
N-LCO,0.06221759999999982,1.1573429629630212
N-LCO,0.06255359999999989,1.0871429629630214
N-LCO,0.06288959999999996,1.323542962963021
N-LCO,0.06321359999999984,1.3379429629630195
N-LCO,0.06354959999999991,1.4475429629630199
N-LCO,0.06388559999999999,0.9546429629630211
N-LCO,0.06422159999999984,0.9902429629630198
N-LCO,0.06455759999999991,1.23714296296302
N-LCO,0.0648816,1.2726429629630225
N-LCO,0.06521759999999986,1.498442962963022
N-LCO,0.06555359999999993,1.5340429629630208
N-LCO,0.06588959999999999,1.5273429629630222
N-LCO,0.06622559999999986,1.5840429629630215
N-LCO,0.06654959999999996,1.3448429629630212
N-LCO,0.06688560000000002,1.84534296296302
N-LCO,0.06722159999999988,1.6801429629630213
N-LCO,0.06755759999999995,1.948142962963022
N-LCO,0.06789360000000001,1.47644296296302
N-LCO,0.0682175999999999,1.649342962963022
N-LCO,0.06855359999999998,1.737742962963022
N-LCO,0.06888959999999983,1.657042962963022
N-LCO,0.0692255999999999,1.6292429629630227
N-LCO,0.06956159999999997,1.5696429629630195
N-LCO,0.06988559999999985,1.1719429629630227
N-LCO,0.07022159999999993,1.4822429629630207
N-LCO,0.07055759999999998,1.4966429629630227
N-LCO,0.07089359999999985,1.6062429629630195
N-LCO,0.07122959999999992,1.3669429629630194
N-LCO,0.07155360000000001,1.5399429629630212
N-LCO,0.07188959999999987,1.300742962963021
N-LCO,0.07222559999999995,1.1037429629630218
N-LCO,0.0725616,0.8645429629630215
N-LCO,0.07289759999999987,1.0480429629630201
N-LCO,0.07322159999999997,1.3372429629630211
N-LCO,0.07355759999999982,1.1614429629630223
N-LCO,0.07389359999999989,1.228642962963022
N-LCO,0.07422959999999997,1.1268429629630212
N-LCO,0.07456559999999982,1.1623429629630202
N-LCO,0.07488959999999992,1.2190429629630195
N-LCO,0.07522559999999999,1.212342962963021
N-LCO,0.07556159999999984,1.5014429629630222
N-LCO,0.07589759999999991,1.0825429629630214
N-LCO,0.07623359999999998,1.1181429629630202
N-LCO,0.07655759999999986,1.1536429629630227
N-LCO,0.07689359999999994,0.9461429629630196
N-LCO,0.0772296,1.4149429629630212
N-LCO,0.07756559999999986,1.4504429629630202
N-LCO,0.07788959999999996,0.9153429629630203
N-LCO,0.07822559999999981,0.8557429629630207
N-LCO,0.07856159999999988,1.747342962963021
N-LCO,0.07889759999999996,1.3918429629630218
N-LCO,0.07923360000000002,1.5965429629630208
N-LCO,0.07956959999999988,1.5158429629630206
N-LCO,0.07989359999999998,1.7415429629630204
N-LCO,0.08022959999999983,1.227542962963021
N-LCO,0.0805655999999999,1.6540429629630218
N-LCO,0.08090159999999998,1.4360429629630218
N-LCO,0.08122559999999986,1.1016429629630196
N-LCO,0.08156159999999993,1.602142962963022
N-LCO,0.0818976,1.690542962963022
N-LCO,0.08223359999999985,1.6520429629630193
N-LCO,0.08256959999999992,1.7827429629630203
N-LCO,0.08289360000000001,1.9873429629630195
N-LCO,0.08322959999999988,1.7692429629630197
N-LCO,0.08356559999999995,2.2908429629630227
N-LCO,0.0839016,1.5020429629630208
N-LCO,0.08423759999999987,1.7172429629630201
N-LCO,0.08456159999999997,1.7316429629630221
N-LCO,0.08489759999999982,1.3761429629630193
N-LCO,0.0852335999999999,1.4645429629630193
N-LCO,0.08556959999999997,1.7747429629630211
N-LCO,0.08589359999999985,1.6518429629630198
N-LCO,0.08622959999999992,1.5499429629630193
N-LCO,0.08656559999999999,1.19444296296302
N-LCO,0.08690159999999984,1.4835429629630212
N-LCO,0.08723759999999992,1.5930429629630218
N-LCO,0.0875616,1.1953429629630214
N-LCO,0.08789759999999987,1.7169429629630208
N-LCO,0.08823359999999994,1.498842962963021
N-LCO,0.0885696,1.1433429629630218
N-LCO,0.08890559999999986,1.1154429629630194
N-LCO,0.08922959999999996,1.1298429629630213
N-LCO,0.08956559999999981,0.8905429629630213
N-LCO,0.08990159999999989,1.1374429629630214
N-LCO,0.09023759999999996,1.1201429629630226
N-LCO,0.09057359999999981,1.282442962963021
N-LCO,0.09089759999999991,1.31794296296302
N-LCO,0.09123359999999998,1.1420429629630213
N-LCO,0.09156959999999983,1.0190429629630202
N-LCO,0.0919055999999999,0.93834296296302
N-LCO,0.0922296,0.7730429629630216
N-LCO,0.09256559999999986,1.1150429629630203
N-LCO,0.09290159999999993,1.3090429629630194
N-LCO,0.0932376,1.41854296296302
N-LCO,0.09357359999999985,1.6125429629630226
N-LCO,0.09389759999999996,1.468442962963021
N-LCO,0.09423360000000001,1.4088429629630213
N-LCO,0.09456959999999988,1.5183429629630218
N-LCO,0.09490559999999995,1.3213429629630227
N-LCO,0.09524160000000001,1.3885429629630224
N-LCO,0.0955655999999999,1.719942962963021
N-LCO,0.09590159999999998,1.9245429629630202
N-LCO,0.09623759999999983,1.4950429629630193
N-LCO,0.0965735999999999,1.7207429629630226
N-LCO,0.09690959999999997,2.083842962963022
N-LCO,0.09723359999999985,1.3161429629630206
N-LCO,0.09756959999999992,1.8589429629630203
N-LCO,0.0979056,1.7359429629630228
N-LCO,0.09824159999999985,1.9087429629630215
N-LCO,0.09856559999999995,1.6695429629630212
N-LCO,0.0989016,1.778942962963022
N-LCO,0.09923759999999987,1.3706429629630215
N-LCO,0.09957359999999994,1.6914429629630199
N-LCO,0.0999096,1.6107429629630197
N-LCO,0.1002335999999999,1.4665429629630218
N-LCO,0.10056959999999997,1.8191429629630207
N-LCO,0.10090559999999982,1.632642962963022
N-LCO,0.10124159999999989,1.7421429629630225
N-LCO,0.10157759999999996,1.6825429629630193
N-LCO,0.10190159999999984,1.834242962963021
N-LCO,0.10223759999999991,2.1973429629630203
N-LCO,0.10257359999999999,1.8630429629630214
N-LCO,0.10290959999999984,2.2472429629630213
N-LCO,0.10324559999999991,2.1664429629630213
N-LCO,0.1035696,1.4939429629630219
N-LCO,0.10390559999999986,2.364242962963022
N-LCO,0.10424159999999993,2.2623429629630216
N-LCO,0.1045776,2.202742962963022
N-LCO,0.10491359999999986,1.7521429629630205
N-LCO,0.10523759999999996,2.42164296296302
N-LCO,0.10557359999999981,2.1506429629630226
N-LCO,0.10590959999999988,1.9430429629630197
N-LCO,0.10624559999999995,1.8411429629630227
N-LCO,0.10656959999999983,2.1937429629630216
N-LCO,0.1069055999999999,2.1446429629630224
N-LCO,0.10724159999999998,2.4549429629630204
N-LCO,0.10757759999999983,2.0148429629630193
N-LCO,0.1079135999999999,2.166542962963021
N-LCO,0.1082376,2.3394429629630196
N-LCO,0.10857359999999985,2.12124296296302
N-LCO,0.10890959999999993,2.0722429629630206
N-LCO,0.1092456,2.477542962963021
N-LCO,0.10958159999999985,2.3016429629630224
N-LCO,0.10990559999999995,2.11524296296302
N-LCO,0.11024160000000001,1.9393429629630212
N-LCO,0.11057759999999987,1.7000429629630212
N-LCO,0.11091359999999995,1.8095429629630218
N-LCO,0.11124960000000002,2.0774429629630227
N-LCO,0.1115735999999999,1.3309429629630216
N-LCO,0.11190959999999997,1.852542962963021
N-LCO,0.11224559999999982,1.1271429629630205
N-LCO,0.11258159999999989,1.64874296296302
N-LCO,0.11291759999999997,1.3882429629630195
N-LCO,0.11324159999999985,1.0327429629630203
N-LCO,0.11357759999999992,1.5754429629630202
N-LCO,0.11391359999999999,1.1988429629630204
N-LCO,0.11424959999999984,1.3716429629630227
N-LCO,0.11458559999999991,1.5550429629630216
N-LCO,0.1149096,1.453142962963021
N-LCO,0.11524559999999986,2.27064296296302
N-LCO,0.11558159999999994,2.0102429629630194
N-LCO,0.11591760000000001,2.161942962963021
N-LCO,0.11624159999999989,2.2185429629630207
N-LCO,0.11657759999999996,2.148342962963021
N-LCO,0.11691359999999981,2.5536429629630213
N-LCO,0.11724959999999988,2.5891429629630203
N-LCO,0.11758559999999996,2.3709429629630208
N-LCO,0.11790959999999984,2.776242962963021
N-LCO,0.11824559999999991,2.49474296296302
N-LCO,0.11858159999999998,2.9000429629630204
N-LCO,0.11891759999999983,3.326542962963021
N-LCO,0.1192535999999999,2.770142962963021
N-LCO,0.1195776,3.143742962963021
N-LCO,0.11991359999999986,3.02074296296302
N-LCO,0.12024959999999993,3.10904296296302
N-LCO,0.1205856,3.1233429629630223
N-LCO,0.12090959999999988,3.3912429629630196
N-LCO,0.12124559999999995,3.0780429629630213
N-LCO,0.12158160000000001,3.0500429629630226
N-LCO,0.12191759999999988,2.948142962963022
N-LCO,0.12225359999999995,3.1526429629630215
N-LCO,0.12257759999999983,2.9345429629630218
N-LCO,0.1229135999999999,3.2235429629630197
N-LCO,0.12324959999999997,3.3013429629630195
N-LCO,0.12358559999999982,2.8823429629630226
N-LCO,0.1239215999999999,3.192542962963021
N-LCO,0.1242456,3.122342962963021
N-LCO,0.12458159999999985,2.6927429629630204
N-LCO,0.12491759999999992,2.802242962963021
N-LCO,0.1252536,2.9539429629630227
N-LCO,0.12558959999999986,3.0421429629630197
N-LCO,0.12591359999999993,2.9614429629630195
N-LCO,0.12624960000000002,2.9228429629630206
N-LCO,0.12658559999999985,2.852642962963021
N-LCO,0.12692159999999994,2.9092429629630203
N-LCO,0.1272576,2.6699429629630202
N-LCO,0.12758159999999988,2.6419429629630216
N-LCO,0.12791759999999996,2.7196429629630217
N-LCO,0.12825359999999983,2.6917429629630227
N-LCO,0.1285895999999999,3.001942962963021
N-LCO,0.1289136,2.7837429629630215
N-LCO,0.12924959999999985,2.5972429629630227
N-LCO,0.1295855999999999,3.3195429629630198
N-LCO,0.12992159999999997,3.333842962963022
N-LCO,0.13025759999999983,3.1262429629630226
N-LCO,0.13058159999999994,2.8869429629630226
N-LCO,0.1309176,3.1231429629630227
N-LCO,0.13125359999999986,2.6830429629630217
N-LCO,0.13158959999999992,2.9721429629630194
N-LCO,0.1319256,3.1660429629630222
N-LCO,0.13224959999999988,2.8633429629630207
N-LCO,0.13258559999999994,2.941042962963021
N-LCO,0.1329215999999998,3.071642962963022
N-LCO,0.13325759999999987,2.832242962963022
N-LCO,0.13358159999999997,2.592942962963022
N-LCO,0.13391759999999983,2.977142962963022
N-LCO,0.1342535999999999,2.9914429629630206
N-LCO,0.13458959999999998,3.1430429629630225
N-LCO,0.13492559999999984,2.9354429629630197
N-LCO,0.13524959999999991,2.970942962963022
N-LCO,0.1355856,2.9640429629630205
N-LCO,0.13592159999999984,3.062842962963021
N-LCO,0.13625759999999992,2.548842962963022
N-LCO,0.13659359999999998,2.8589429629630203
N-LCO,0.13691759999999986,2.4188429629630193
N-LCO,0.13725359999999995,2.729042962963021
N-LCO,0.1375896,2.373442962963022
N-LCO,0.13792559999999987,2.599142962963022
N-LCO,0.13826159999999993,2.59224296296302
N-LCO,0.13858559999999984,2.860142962963021
N-LCO,0.1389215999999999,2.5257429629630224
N-LCO,0.13925759999999995,2.698542962963021
N-LCO,0.13959359999999982,2.596542962963021
N-LCO,0.13991759999999992,2.6637429629630205
N-LCO,0.14025359999999998,2.1179429629630206
N-LCO,0.14058959999999984,2.30124296296302
N-LCO,0.1409255999999999,2.3367429629630223
N-LCO,0.1412616,2.393242962963022
N-LCO,0.14158559999999987,2.4286429629630213
N-LCO,0.14192159999999993,2.2633429629630193
N-LCO,0.1422576,2.6686429629630197
N-LCO,0.14259359999999985,2.5455429629630224
N-LCO,0.14292959999999993,2.285042962963022
N-LCO,0.14325359999999981,2.204242962963022
N-LCO,0.14358959999999987,2.49324296296302
N-LCO,0.14392559999999996,2.3279429629630215
N-LCO,0.14426159999999982,2.6169429629630194
N-LCO,0.14459759999999988,2.5361429629630194
N-LCO,0.14493359999999994,2.5081429629630208
N-LCO,0.14525759999999985,2.1525429629630217
N-LCO,0.1455935999999999,1.9765429629630198
N-LCO,0.14592959999999996,2.22334296296302
N-LCO,0.14626559999999983,2.332742962963021
N-LCO,0.14658959999999993,2.251942962963021
N-LCO,0.1469256,2.319042962963021
N-LCO,0.14726159999999985,2.3966429629630213
N-LCO,0.1475975999999999,2.5483429629630194
N-LCO,0.1479336,2.9113429629630225
N-LCO,0.14825759999999988,2.39724296296302
N-LCO,0.14859359999999994,2.5277429629630213
N-LCO,0.14892960000000002,2.584342962963021
N-LCO,0.14926559999999986,2.714842962963022
N-LCO,0.14960159999999995,2.5917429629630213
N-LCO,0.14992559999999983,2.5848429629630196
N-LCO,0.15026159999999988,2.99014296296302
N-LCO,0.15059759999999997,2.8142429629630215
N-LCO,0.15093359999999983,2.7861429629630194
N-LCO,0.1512575999999999,2.980142962963022
N-LCO,0.1515936,3.41704296296302
N-LCO,0.15192959999999986,2.9663429629630222
N-LCO,0.15226559999999992,3.0757429629630195
N-LCO,0.15260159999999998,3.206242962963021
N-LCO,0.15292559999999986,3.24164296296302
N-LCO,0.15326159999999994,3.16084296296302
N-LCO,0.1535976,3.36524296296302
N-LCO,0.15393359999999986,3.28444296296302
N-LCO,0.15426959999999992,3.3410429629630194
N-LCO,0.15459359999999983,3.376442962963022
N-LCO,0.1549295999999999,3.03134296296302
N-LCO,0.15526559999999995,3.0139429629630214
N-LCO,0.1556015999999998,3.3558429629630204
N-LCO,0.15593759999999987,3.137542962963021
N-LCO,0.15626159999999997,3.3420429629630206
N-LCO,0.15659759999999984,3.53594296296302
N-LCO,0.1569335999999999,3.1592429629630203
N-LCO,0.15726959999999998,3.05724296296302
N-LCO,0.15760559999999985,3.4625429629630204
N-LCO,0.15792959999999992,3.1808429629630197
N-LCO,0.1582656,3.2373429629630195
N-LCO,0.15860159999999987,3.1353429629630227
N-LCO,0.15893759999999993,3.287042962963021
N-LCO,0.1592736,3.1850429629630206
N-LCO,0.15959759999999987,3.6642429629630193
N-LCO,0.15993359999999995,3.5200429629630214
N-LCO,0.1602696,3.3440429629630195
N-LCO,0.16060559999999988,3.5696429629630195
N-LCO,0.16094159999999993,3.1717429629630196
N-LCO,0.16126559999999984,3.503042962963022
N-LCO,0.1616015999999999,3.379942962963021
N-LCO,0.16193759999999996,3.6689429629630226
N-LCO,0.16227359999999982,3.31334296296302
N-LCO,0.16260959999999988,3.53894296296302
N-LCO,0.16293359999999998,3.5531429629630225
N-LCO,0.16326959999999985,2.88044296296302
N-LCO,0.1636055999999999,2.9158429629630227
N-LCO,0.1639416,3.01464296296302
N-LCO,0.16427759999999986,3.335442962963022
N-LCO,0.16460159999999993,3.2756429629630226
N-LCO,0.16493760000000002,2.803742962963021
N-LCO,0.16527359999999985,3.187942962963021
N-LCO,0.16560959999999994,3.1810429629630192
N-LCO,0.1659456,3.2692429629630197
N-LCO,0.16626959999999988,3.1460429629630227
N-LCO,0.16660559999999996,3.297742962963021
N-LCO,0.16694159999999983,3.259142962963022
N-LCO,0.1672775999999999,3.442442962963021
N-LCO,0.1676016,3.77374296296302
N-LCO,0.16793759999999985,3.4920429629630227
N-LCO,0.1682735999999999,3.527442962963022
N-LCO,0.16860959999999997,3.65784296296302
N-LCO,0.16894559999999983,3.3233429629630216
N-LCO,0.16926959999999994,3.7075429629630214
N-LCO,0.1696056,3.6583429629630224
N-LCO,0.16994159999999986,3.5985429629630197
N-LCO,0.17027759999999992,3.2429429629630206
N-LCO,0.1706136,3.7221429629630194
N-LCO,0.17093759999999988,3.3665429629630204
N-LCO,0.17127359999999994,3.4758429629630214
N-LCO,0.1716095999999998,3.416142962963022
N-LCO,0.17194559999999987,3.641742962963022
N-LCO,0.17226959999999997,3.3706429629630215
N-LCO,0.17260559999999983,3.6384429629630226
N-LCO,0.1729415999999999,3.3991429629630225
N-LCO,0.17327759999999998,3.4661429629630227
N-LCO,0.17361359999999984,3.7129429629630195
N-LCO,0.1739495999999999,3.33614296296302
N-LCO,0.1742736,3.434842962963021
N-LCO,0.17460959999999986,3.4491429629630197
N-LCO,0.17494559999999992,3.886042962963021
N-LCO,0.17528159999999998,3.160542962963021
N-LCO,0.17560559999999986,3.7665429629630225
N-LCO,0.17594159999999995,3.5271429629630227
N-LCO,0.1762776,3.5942429629630226
N-LCO,0.17661359999999987,3.629542962963022
N-LCO,0.17694959999999993,3.2528429629630224
N-LCO,0.17727359999999984,3.3092429629630224
N-LCO,0.1776095999999999,3.1438429629630207
N-LCO,0.17794559999999995,3.1580429629630196
N-LCO,0.17828159999999982,3.1723429629630218
N-LCO,0.17861759999999988,3.0702429629630217
N-LCO,0.17894159999999998,2.59834296296302
N-LCO,0.17927759999999984,2.7711429629630224
N-LCO,0.1796135999999999,2.2780429629630206
N-LCO,0.1799496,2.8523429629630215
N-LCO,0.18028559999999985,2.9088429629630213
N-LCO,0.18060959999999993,3.0604429629630197
N-LCO,0.1809456,2.5885429629630217
N-LCO,0.18128159999999988,2.7929429629630214
N-LCO,0.18161759999999993,2.9868429629630207
N-LCO,0.18194159999999981,2.8848429629630203
N-LCO,0.18227759999999987,3.3428429629630223
N-LCO,0.18261359999999996,3.4522429629630196
N-LCO,0.18294959999999982,3.783442962963022
N-LCO,0.18328559999999988,3.7765429629630205
N-LCO,0.18362159999999994,3.6956429629630208
N-LCO,0.18394559999999985,3.9423429629630213
N-LCO,0.1842815999999999,3.7769429629630196
N-LCO,0.18461759999999997,4.224442962963021
N-LCO,0.18495359999999983,3.9110429629630197
N-LCO,0.1852895999999999,3.99924296296302
N-LCO,0.1856136,4.03454296296302
N-LCO,0.18594959999999985,4.460942962963021
N-LCO,0.1862855999999999,4.253142962963022
N-LCO,0.1866216,4.489342962963022
N-LCO,0.18694559999999988,4.7571429629630195
N-LCO,0.18728159999999994,4.338042962963019
N-LCO,0.18761760000000002,4.627042962963021
N-LCO,0.1879535999999999,4.4827429629630196
N-LCO,0.18828959999999995,4.961942962963022
N-LCO,0.18861359999999983,4.902142962963023
N-LCO,0.18894959999999988,5.191142962963021
N-LCO,0.18928559999999997,4.814342962963021
N-LCO,0.18962159999999983,4.712242962963021
N-LCO,0.1899575999999999,4.610142962963021
N-LCO,0.1902816,4.698342962963022
N-LCO,0.19061759999999986,4.638542962963022
N-LCO,0.19095359999999992,4.652742962963021
N-LCO,0.19128959999999998,4.275942962963022
N-LCO,0.19161359999999988,4.290142962963021
N-LCO,0.19194959999999994,4.1881429629630205
N-LCO,0.1922856,4.318542962963022
N-LCO,0.19262159999999987,4.1953429629630214
N-LCO,0.19295759999999992,4.230642962963021
N-LCO,0.19328159999999983,3.9701429629630205
N-LCO,0.1936175999999999,4.607842962963019
N-LCO,0.19395359999999995,4.463442962963022
N-LCO,0.1942895999999998,4.12894296296302
N-LCO,0.1946255999999999,4.005742962963019
N-LCO,0.19494959999999997,3.998842962963021
N-LCO,0.19528559999999984,3.8227429629630194
N-LCO,0.1956215999999999,4.143442962963022
N-LCO,0.19595759999999998,3.713742962963021
N-LCO,0.19629359999999985,4.235242962963021
N-LCO,0.19661759999999992,3.95354296296302
N-LCO,0.1969536,3.8303429629630195
N-LCO,0.19728959999999987,3.5169429629630216
N-LCO,0.19762559999999993,3.9432429629630192
N-LCO,0.1979616,3.7566429629630207
N-LCO,0.19828559999999987,3.6545429629630206
N-LCO,0.19862159999999995,3.3939429629630204
N-LCO,0.19895759999999982,3.5666429629630194
N-LCO,0.19929359999999988,3.7711429629630224
N-LCO,0.19962959999999993,3.6690429629630223
N-LCO,0.19995359999999984,3.7677429629630197
N-LCO,0.2002895999999999,3.5600429629630206
N-LCO,0.20062559999999996,3.9335429629630205
N-LCO,0.20096159999999982,3.7258429629630214
N-LCO,0.20129759999999988,4.03594296296302
N-LCO,0.20162159999999998,3.817542962963021
N-LCO,0.20195759999999985,4.085342962963022
N-LCO,0.2022935999999999,3.824742962963022
N-LCO,0.2026296,3.743842962963022
N-LCO,0.20295359999999987,4.223042962963021
N-LCO,0.20328959999999993,3.77224296296302
N-LCO,0.20362560000000002,4.061142962963022
N-LCO,0.20396159999999988,3.8005429629630214
N-LCO,0.20429759999999994,4.163442962963021
N-LCO,0.20462159999999982,4.452442962963023
N-LCO,0.20495759999999988,4.329242962963022
N-LCO,0.20529359999999997,4.068642962963022
N-LCO,0.20562959999999983,4.06164296296302
N-LCO,0.2059655999999999,4.329442962963022
N-LCO,0.2062896,3.625042962963022
N-LCO,0.20662559999999985,3.966842962963021
N-LCO,0.2069615999999999,4.414242962963019
N-LCO,0.20729759999999997,3.963442962963022
N-LCO,0.20763359999999983,4.051642962963022
N-LCO,0.20795759999999994,4.203142962963021
N-LCO,0.2082936,4.2384429629630205
N-LCO,0.20862959999999986,4.0729429629630225
N-LCO,0.20896559999999992,4.287942962963022
N-LCO,0.2093016,4.3020429629630215
N-LCO,0.20962559999999988,4.390242962963022
N-LCO,0.20996159999999994,3.939442962963021
N-LCO,0.2102975999999998,4.238942962963019
N-LCO,0.2106335999999999,4.3904429629630215
N-LCO,0.21096959999999995,4.468042962963022
N-LCO,0.21129359999999983,4.048942962963022
N-LCO,0.2116295999999999,4.475242962963019
N-LCO,0.21196559999999998,4.85924296296302
N-LCO,0.21230159999999984,4.894542962963023
N-LCO,0.21262559999999991,4.475442962963022
N-LCO,0.2129616,4.996842962963022
N-LCO,0.21329759999999987,4.894742962963022
N-LCO,0.21363359999999992,4.908942962963021
N-LCO,0.21396959999999998,4.500342962963021
N-LCO,0.2142935999999999,5.021742962963021
N-LCO,0.21462959999999995,5.34234296296302
N-LCO,0.2149656,5.124042962963021
N-LCO,0.21530159999999987,5.00084296296302
N-LCO,0.21563759999999993,5.131242962963022
N-LCO,0.21596159999999984,4.50074296296302
N-LCO,0.2162975999999999,4.53604296296302
N-LCO,0.21663359999999995,4.687542962963022
N-LCO,0.21696959999999982,4.469242962963023
N-LCO,0.2173055999999999,4.55734296296302
N-LCO,0.21762959999999998,4.45524296296302
N-LCO,0.21796559999999984,4.9026429629630215
N-LCO,0.2183015999999999,4.208742962963022
N-LCO,0.2186376,4.265242962963022
N-LCO,0.21897359999999985,4.55414296296302
N-LCO,0.21929759999999993,4.13494296296302
N-LCO,0.2196336,4.075142962963021
N-LCO,0.21996959999999988,4.0470429629630225
N-LCO,0.22030559999999993,4.335942962963021
N-LCO,0.2206416,4.276142962963021
N-LCO,0.2209655999999999,4.1846429629630215
N-LCO,0.22130159999999996,4.304442962963019
N-LCO,0.22163759999999982,4.276342962963021
N-LCO,0.22197359999999988,4.385542962963022
N-LCO,0.22229759999999998,4.283442962963022
N-LCO,0.22263359999999985,4.065142962963019
N-LCO,0.2229695999999999,4.100342962963023
N-LCO,0.22330559999999997,3.9137429629630205
N-LCO,0.22364159999999983,4.149742962963021
N-LCO,0.22396559999999993,4.1428429629630195
N-LCO,0.2243016,3.9772429629630217
N-LCO,0.22463759999999985,4.054842962963022
N-LCO,0.2249735999999999,4.3965429629630215
N-LCO,0.2253096,3.9457429629630205
N-LCO,0.22563359999999988,4.30864296296302
N-LCO,0.22596959999999994,4.301642962963022
N-LCO,0.2263055999999998,4.10444296296302
N-LCO,0.2266415999999999,4.277042962963019
N-LCO,0.22697759999999995,4.618842962963022
N-LCO,0.22730159999999983,4.791442962963021
N-LCO,0.22763759999999988,5.038042962963022
N-LCO,0.22797359999999997,4.2913429629630215
N-LCO,0.22830959999999983,4.559042962963019
N-LCO,0.2286335999999999,4.47814296296302
N-LCO,0.2289696,5.18974296296302
N-LCO,0.22930559999999986,4.696542962963022
N-LCO,0.22964159999999992,4.869242962963021
N-LCO,0.22997759999999998,4.88334296296302
N-LCO,0.23030159999999988,4.876342962963022
N-LCO,0.23063759999999994,5.049042962963021
N-LCO,0.2309736,4.925742962963021
N-LCO,0.23130959999999987,5.26754296296302
N-LCO,0.23164559999999992,5.419042962963022
N-LCO,0.23196959999999983,5.20064296296302
N-LCO,0.2323055999999999,5.331042962963021
N-LCO,0.23264159999999995,5.503642962963021
N-LCO,0.2329775999999998,5.105642962963021
N-LCO,0.2333135999999999,5.531942962963022
N-LCO,0.23363759999999997,5.429842962963022
N-LCO,0.23397359999999984,5.24314296296302
N-LCO,0.2343095999999999,5.500342962963021
N-LCO,0.23464559999999998,5.155142962963019
N-LCO,0.23498159999999985,5.486242962963022
N-LCO,0.23530559999999992,4.8980429629630216
N-LCO,0.2356416,5.19754296296302
N-LCO,0.23597759999999987,5.27504296296302
N-LCO,0.23631359999999993,4.898142962963021
N-LCO,0.2366496,4.8488429629630225
N-LCO,0.2369735999999999,5.042642962963022
N-LCO,0.23730959999999995,5.17304296296302
N-LCO,0.23764559999999982,5.22934296296302
N-LCO,0.23798159999999988,5.12724296296302
N-LCO,0.23831759999999994,5.056842962963021
N-LCO,0.23864159999999984,4.975842962963021
N-LCO,0.2389775999999999,5.222442962963022
N-LCO,0.23931359999999996,4.517942962963019
N-LCO,0.23964959999999982,4.859642962963022
N-LCO,0.23997359999999993,4.736342962963022
N-LCO,0.24030959999999998,4.581342962963021
N-LCO,0.24064559999999985,4.732942962963023
N-LCO,0.2409815999999999,4.630742962963019
N-LCO,0.2413176,4.951342962963022
N-LCO,0.24164159999999987,5.007742962963022
N-LCO,0.24197759999999993,4.704742962963021
N-LCO,0.24231360000000002,4.803442962963022
N-LCO,0.24264959999999988,5.166242962963022
N-LCO,0.24298559999999994,4.768242962963022
N-LCO,0.24330959999999982,4.507542962963022
N-LCO,0.2436455999999999,4.93384296296302
N-LCO,0.24398159999999997,4.482942962963023
N-LCO,0.24431759999999983,5.120542962963022
N-LCO,0.2446415999999999,4.64854296296302
N-LCO,0.2449776,4.3244429629630226
N-LCO,0.24531359999999985,4.28574296296302
N-LCO,0.2456495999999999,4.902142962963023
N-LCO,0.24598559999999997,4.335042962963023
N-LCO,0.24630959999999988,4.42314296296302
N-LCO,0.24664559999999994,4.595742962963023
N-LCO,0.2469816,4.472442962963022
N-LCO,0.24731759999999986,4.76134296296302
N-LCO,0.24765359999999992,4.986742962963021
N-LCO,0.24797759999999983,4.747242962963021
N-LCO,0.24831359999999988,5.152342962963022
N-LCO,0.24864959999999994,5.356742962963022
N-LCO,0.2489855999999998,5.201742962963021
N-LCO,0.2493215999999999,5.606842962963022
N-LCO,0.24964559999999997,5.694842962963023
N-LCO,0.24998159999999983,5.687842962963021
N-LCO,0.2503175999999999,5.3954429629630205
N-LCO,0.2506536,5.89564296296302
N-LCO,0.25097759999999986,5.65614296296302
N-LCO,0.2513135999999999,6.135242962963019
N-LCO,0.2516496,6.170442962963023
N-LCO,0.25198559999999987,6.226842962963023
N-LCO,0.2523215999999999,6.240942962963022
N-LCO,0.2526455999999998,6.170442962963023
N-LCO,0.25298159999999986,6.1317429629630205
N-LCO,0.2533175999999999,5.98724296296302
N-LCO,0.2536535999999998,6.138742962963022
N-LCO,0.25398959999999987,6.195142962963022
N-LCO,0.2543136,6.188042962963021
N-LCO,0.2546495999999998,6.318442962963022
N-LCO,0.2549855999999999,6.078842962963019
N-LCO,0.2553216,5.976742962963019
N-LCO,0.2556575999999998,6.297242962963022
N-LCO,0.2559815999999999,5.867442962963022
N-LCO,0.2563176,6.040042962963021
N-LCO,0.25665359999999987,5.916742962963021
N-LCO,0.25698959999999993,5.96254296296302
N-LCO,0.25731360000000003,5.765242962963022
N-LCO,0.25764959999999987,5.800542962963021
N-LCO,0.2579855999999999,5.909642962963019
N-LCO,0.2583216,5.575042962963021
N-LCO,0.2586575999999999,5.198042962963022
N-LCO,0.2589816,5.48694296296302
N-LCO,0.2593175999999998,5.405842962963021
N-LCO,0.2596535999999999,6.096342962963021
N-LCO,0.25998959999999993,5.391742962963022
N-LCO,0.2603255999999998,5.775742962963022
N-LCO,0.2606495999999999,5.768642962963021
N-LCO,0.2609856,5.43394296296302
N-LCO,0.2613215999999998,5.701642962963021
N-LCO,0.26165759999999993,5.208542962963023
N-LCO,0.2619816,5.4762429629630205
N-LCO,0.2623175999999999,6.208942962963022
N-LCO,0.26265359999999993,6.03274296296302
N-LCO,0.2629896,5.9834429629630215
N-LCO,0.2633255999999999,6.018642962963021
N-LCO,0.26364959999999993,6.32864296296302
N-LCO,0.2639855999999998,6.0890429629630205
N-LCO,0.2643215999999999,6.335642962963021
N-LCO,0.26465759999999994,6.1171429629630225
N-LCO,0.26499359999999983,6.20524296296302
N-LCO,0.26531759999999993,6.219342962963022
N-LCO,0.2656536,6.64554296296302
N-LCO,0.2659895999999998,6.4270429629630215
N-LCO,0.2663255999999999,6.26144296296302
N-LCO,0.26666159999999994,7.09984296296302
N-LCO,0.2669855999999999,6.606642962963022
N-LCO,0.26732159999999994,6.483342962963022
N-LCO,0.2676576,7.120942962963021
N-LCO,0.26799359999999983,6.426942962963022
N-LCO,0.26831759999999993,6.800342962963022
N-LCO,0.2686535999999998,6.9834429629630215
N-LCO,0.2689895999999999,6.9446429629630195
N-LCO,0.26932559999999994,6.54654296296302
N-LCO,0.2696616,6.497242962963021
N-LCO,0.2699855999999999,6.395042962963021
N-LCO,0.27032159999999994,6.3351429629630225
N-LCO,0.27065759999999983,6.1378429629630205
N-LCO,0.2709935999999999,6.2998429629630195
N-LCO,0.27132959999999995,6.19764296296302
N-LCO,0.27165359999999983,6.137742962963021
N-LCO,0.2719895999999999,5.898142962963021
N-LCO,0.2723256,6.123542962963022
N-LCO,0.27266159999999984,6.4335429629630205
N-LCO,0.2729975999999999,6.267942962963019
N-LCO,0.2733216,6.36654296296302
N-LCO,0.2736575999999999,6.179842962963022
N-LCO,0.27399359999999995,6.6271429629630205
N-LCO,0.2743296,6.271342962963022
N-LCO,0.2746535999999999,6.24314296296302
N-LCO,0.27498959999999995,5.929542962963023
N-LCO,0.27532559999999984,6.292342962963023
N-LCO,0.2756615999999999,6.2852429629630215
N-LCO,0.27599759999999995,6.552942962963019
N-LCO,0.27632159999999983,6.218242962963021
N-LCO,0.2766575999999999,6.34854296296302
N-LCO,0.27699359999999995,6.045542962963022
N-LCO,0.27732959999999984,6.2604429629630225
N-LCO,0.2776655999999999,6.6443429629630195
N-LCO,0.2779896,6.637242962963022
N-LCO,0.27832559999999984,7.021142962963022
N-LCO,0.2786615999999999,6.432842962963022
N-LCO,0.2789976,6.679442962963019
N-LCO,0.27933359999999985,6.851942962963022
N-LCO,0.27965759999999995,6.8660429629630215
N-LCO,0.2799935999999998,7.186542962963021
N-LCO,0.2803295999999999,7.20054296296302
N-LCO,0.28066559999999996,6.908142962963019
N-LCO,0.2810016,6.51004296296302
N-LCO,0.2813255999999999,7.094742962963021
N-LCO,0.28166159999999996,7.045342962963019
N-LCO,0.28199759999999985,6.96434296296302
N-LCO,0.2823335999999999,6.99944296296302
N-LCO,0.2826576,6.812742962963021
N-LCO,0.28299359999999985,7.0592429629630224
N-LCO,0.2833295999999999,6.86194296296302
N-LCO,0.28366559999999996,6.463842962963021
N-LCO,0.28400159999999985,6.752642962963019
N-LCO,0.28432559999999996,6.745542962963022
N-LCO,0.2846616,6.780742962963021
N-LCO,0.28499759999999985,6.794742962963021
N-LCO,0.2853335999999999,6.925042962963023
N-LCO,0.2856696,6.632542962963022
N-LCO,0.2859935999999999,7.153842962963022
N-LCO,0.28632959999999996,6.523242962963021
N-LCO,0.2866655999999998,7.023442962963021
N-LCO,0.2870015999999999,6.646442962963022
N-LCO,0.28733759999999997,6.565342962963022
N-LCO,0.28766159999999985,6.81184296296302
N-LCO,0.2879975999999999,6.57234296296302
N-LCO,0.28833359999999997,6.681442962963022
N-LCO,0.28866959999999986,6.991342962963021
N-LCO,0.2890055999999999,6.635542962963022
N-LCO,0.2893296,6.818642962963022
N-LCO,0.28966559999999986,6.874942962963022
N-LCO,0.2900015999999999,6.561342962963021
N-LCO,0.2903376,6.903042962963021
N-LCO,0.29067359999999987,6.58944296296302
N-LCO,0.29099759999999997,7.026142962963021
N-LCO,0.2913335999999998,6.649242962963022
N-LCO,0.29166959999999986,6.705442962963019
N-LCO,0.2920055999999999,7.0154429629630215
N-LCO,0.29232959999999986,7.103342962963023
N-LCO,0.2926655999999999,6.55734296296302
N-LCO,0.2930016,6.76154296296302
N-LCO,0.2933375999999998,6.81784296296302
N-LCO,0.2936735999999999,6.747342962963021
N-LCO,0.29399759999999997,6.549942962963019
N-LCO,0.29433359999999986,6.95504296296302
N-LCO,0.2946695999999999,6.620342962963022
N-LCO,0.2950056,6.70824296296302
N-LCO,0.29534159999999987,6.669442962963021
N-LCO,0.2956655999999999,6.79974296296302
N-LCO,0.29600160000000003,6.908842962963021
N-LCO,0.29633759999999987,6.944042962963021
N-LCO,0.2966735999999999,6.77834296296302
N-LCO,0.2970096,6.950942962963023
N-LCO,0.2973335999999999,6.4788429629630215
N-LCO,0.2976696,6.725242962963019
N-LCO,0.2980055999999998,6.0524429629630205
N-LCO,0.2983415999999999,7.02814296296302
N-LCO,0.2986656,6.999842962963022
N-LCO,0.29900159999999987,7.24634296296302
N-LCO,0.2993375999999999,7.30264296296302
N-LCO,0.2996736,7.390642962963021
N-LCO,0.3000095999999998,7.330642962963022
N-LCO,0.3003335999999999,7.5348429629630225
N-LCO,0.3006696,7.31634296296302
N-LCO,0.3010055999999999,7.763642962963022
N-LCO,0.30134159999999993,7.85164296296302
N-LCO,0.3016776,7.495742962963021
N-LCO,0.30200159999999987,7.530942962963021
N-LCO,0.30233759999999993,7.935942962963022
N-LCO,0.3026735999999998,7.833742962963022
N-LCO,0.3030095999999999,7.752642962963019
N-LCO,0.30334559999999994,7.544742962963021
N-LCO,0.3036695999999998,7.4213429629630205
N-LCO,0.30400559999999993,7.28734296296302
N-LCO,0.3043416,7.65014296296302
N-LCO,0.3046775999999998,7.484442962963023
N-LCO,0.3050135999999999,7.656942962963022
N-LCO,0.3053376,7.850642962963022
N-LCO,0.3056735999999999,7.473642962963019
N-LCO,0.30600959999999994,7.54044296296302
N-LCO,0.3063456,7.480442962963021
N-LCO,0.3066695999999999,7.399342962963022
N-LCO,0.30700559999999993,7.81494296296302
N-LCO,0.3073415999999998,7.5753429629630205
N-LCO,0.3076775999999999,7.74784296296302
N-LCO,0.30801359999999994,8.195142962963022
N-LCO,0.3083375999999998,7.469342962963022
N-LCO,0.3086735999999999,7.906042962963021
N-LCO,0.30900959999999994,7.803842962963021
N-LCO,0.30934559999999983,7.81784296296302
N-LCO,0.3096815999999999,7.85294296296302
N-LCO,0.3100056,7.75074296296302
N-LCO,0.31034159999999983,7.4159429629630225
N-LCO,0.31067759999999994,7.292542962963022
N-LCO,0.3110136,6.8732429629630225
N-LCO,0.31134959999999984,6.79214296296302
N-LCO,0.31167359999999994,6.594742962963021
N-LCO,0.3120096,6.661542962963022
N-LCO,0.3123455999999999,6.696742962963022
N-LCO,0.31268159999999995,6.552242962963021
N-LCO,0.3130176,6.259742962963021
N-LCO,0.3133415999999999,6.157442962963021
N-LCO,0.31367759999999995,6.2876429629630195
N-LCO,0.31401359999999984,6.259442962963021
N-LCO,0.3143495999999999,6.54814296296302
N-LCO,0.31468559999999995,6.699542962963022
N-LCO,0.31500959999999983,6.766342962963019
N-LCO,0.3153455999999999,6.706342962963021
N-LCO,0.31568159999999995,7.04804296296302
N-LCO,0.31601759999999984,6.92464296296302
N-LCO,0.3163535999999999,7.371842962963022
N-LCO,0.3166776,7.343542962963021
N-LCO,0.31701359999999984,7.442142962963022
N-LCO,0.31734959999999995,7.87884296296302
N-LCO,0.3176856,7.89274296296302
N-LCO,0.31802159999999985,7.94904296296302
N-LCO,0.31834559999999995,8.216642962963022
N-LCO,0.3186815999999998,7.839542962963019
N-LCO,0.3190175999999999,8.08604296296302
N-LCO,0.31935359999999996,8.047242962963022
N-LCO,0.31967759999999984,8.13514296296302
N-LCO,0.3200135999999999,8.307642962963023
N-LCO,0.32034959999999996,7.75094296296302
N-LCO,0.32068559999999985,7.923442962963023
N-LCO,0.3210215999999999,7.84234296296302
N-LCO,0.3213456,7.9091429629630206
N-LCO,0.32168159999999985,7.77514296296302
N-LCO,0.3220175999999999,8.190742962963022
N-LCO,0.32235359999999996,8.15184296296302
N-LCO,0.32268959999999985,8.303242962963022
N-LCO,0.32301359999999996,7.862742962963022
N-LCO,0.3233496,7.7604429629630225
N-LCO,0.32368559999999985,7.774442962963022
N-LCO,0.32402159999999997,7.73554296296302
N-LCO,0.3243576,7.665042962963021
N-LCO,0.3246815999999999,7.700142962963021
N-LCO,0.32501759999999996,7.481542962963022
N-LCO,0.3253535999999998,7.453242962963021
N-LCO,0.3256895999999999,7.46724296296302
N-LCO,0.32602559999999997,7.111342962963022
N-LCO,0.32634959999999985,7.495142962963023
N-LCO,0.3266855999999999,7.477442962963021
N-LCO,0.32702159999999997,7.29064296296302
N-LCO,0.32735759999999986,7.67444296296302
N-LCO,0.32768159999999996,7.455942962963022
N-LCO,0.3280176,7.395942962963019
N-LCO,0.32835359999999986,7.504942962963021
N-LCO,0.3286895999999999,7.931142962963023
N-LCO,0.3290256,7.902742962963021
N-LCO,0.3293495999999999,7.641942962963022
N-LCO,0.32968559999999997,7.814442962963021
N-LCO,0.3300215999999998,7.9446429629630195
N-LCO,0.33035759999999986,7.821242962963019
N-LCO,0.3306935999999999,8.152242962963022
N-LCO,0.33101759999999986,8.08164296296302
N-LCO,0.3313535999999999,8.15904296296302
N-LCO,0.3316896,8.13074296296302
N-LCO,0.3320255999999998,8.16574296296302
N-LCO,0.3323615999999999,8.137442962963021
N-LCO,0.33268559999999997,8.489542962963021
N-LCO,0.33302159999999986,8.16534296296302
N-LCO,0.3333575999999999,7.9468429629630215
N-LCO,0.3336936,8.09814296296302
N-LCO,0.33401759999999986,8.207242962963022
N-LCO,0.3343535999999999,8.242342962963022
N-LCO,0.3346895999999998,8.21404296296302
N-LCO,0.33502559999999987,7.995442962963022
N-LCO,0.3353615999999999,7.914242962963019
N-LCO,0.3356855999999998,8.43544296296302
N-LCO,0.3360215999999999,8.01614296296302
N-LCO,0.3363576,7.702542962963022
N-LCO,0.3366935999999998,8.044042962963022
N-LCO,0.3370295999999999,8.12144296296302
N-LCO,0.3373536,8.50524296296302
N-LCO,0.33768959999999987,8.08584296296302
N-LCO,0.3380255999999999,7.888442962963023
N-LCO,0.3383616,7.786142962963019
N-LCO,0.3386975999999998,7.7578429629630214
N-LCO,0.3390215999999999,7.972542962963022
N-LCO,0.3393576,7.648342962963021
N-LCO,0.3396935999999999,7.704542962963021
N-LCO,0.34002959999999993,8.067242962963022
N-LCO,0.3403535999999998,8.102342962963021
N-LCO,0.34068959999999987,8.09514296296302
N-LCO,0.34102559999999993,7.97174296296302
N-LCO,0.3413615999999998,8.30264296296302
N-LCO,0.3416975999999999,7.88334296296302
N-LCO,0.3420216,8.309442962963022
N-LCO,0.3423575999999998,8.185942962963022
N-LCO,0.34269359999999993,8.199842962963022
N-LCO,0.3430296,8.13984296296302
N-LCO,0.3433655999999998,8.270042962963021
N-LCO,0.34368959999999993,8.283942962963021
N-LCO,0.3440256,8.350742962963022
N-LCO,0.3443615999999999,8.66054296296302
N-LCO,0.34469759999999994,8.05104296296302
N-LCO,0.3450215999999998,8.20234296296302
N-LCO,0.3453575999999999,7.920342962963019
N-LCO,0.34569359999999993,8.01884296296302
N-LCO,0.3460295999999998,8.18074296296302
N-LCO,0.3463655999999999,7.962142962963021
N-LCO,0.3466896,7.78584296296302
N-LCO,0.3470255999999998,7.916042962963022
N-LCO,0.3473615999999999,8.373842962963021
N-LCO,0.34769759999999994,8.081242962963021
N-LCO,0.34803359999999983,8.623642962963022
N-LCO,0.34835759999999993,8.24654296296302
N-LCO,0.3486936,8.429542962963023
N-LCO,0.34902959999999983,8.66534296296302
N-LCO,0.34936559999999994,8.54194296296302
N-LCO,0.3497016,8.60874296296302
N-LCO,0.3500255999999999,8.707142962963022
N-LCO,0.35036159999999994,8.67884296296302
N-LCO,0.3506976,8.735042962963021
N-LCO,0.3510335999999999,8.495342962963022
N-LCO,0.35136959999999995,9.016542962963022
N-LCO,0.35169359999999983,8.80854296296302
N-LCO,0.3520295999999999,8.589942962963022
N-LCO,0.35236559999999995,8.804642962963023
N-LCO,0.35270159999999984,8.501542962963022
N-LCO,0.3530375999999999,8.695042962963022
N-LCO,0.3533616,8.899242962963022
N-LCO,0.35369759999999983,9.050542962963021
N-LCO,0.3540335999999999,8.789742962963022
N-LCO,0.35436959999999995,9.289742962963022
N-LCO,0.3546935999999999,8.585042962963023
N-LCO,0.35502959999999995,8.46154296296302
N-LCO,0.3553656,8.961642962963023
N-LCO,0.35570159999999984,8.996642962963023
N-LCO,0.35603759999999995,8.683042962963022
N-LCO,0.3563736,8.696942962963021
N-LCO,0.3566975999999999,8.922242962963022
N-LCO,0.35703359999999995,8.99954296296302
N-LCO,0.3573695999999998,8.90774296296302
N-LCO,0.3577055999999999,8.689142962963022
N-LCO,0.35802959999999995,8.81934296296302
N-LCO,0.35836559999999984,9.055142962963021
N-LCO,0.3587015999999999,8.614642962963021
N-LCO,0.35903759999999996,8.76594296296302
N-LCO,0.35937359999999985,8.684742962963021
N-LCO,0.35969759999999995,8.910042962963022
N-LCO,0.3600336,8.807642962963023
N-LCO,0.36036959999999985,8.91664296296302
N-LCO,0.3607055999999999,8.972842962963021
N-LCO,0.36104159999999996,8.98674296296302
N-LCO,0.3613655999999999,9.042942962963021
N-LCO,0.36170159999999996,8.83494296296302
N-LCO,0.3620375999999998,8.774842962963021
N-LCO,0.36237359999999985,9.158642962963022
N-LCO,0.36270959999999997,8.82384296296302
N-LCO,0.36303359999999985,8.54184296296302
N-LCO,0.3633695999999999,8.788242962963022
N-LCO,0.36370559999999996,9.256542962963021
N-LCO,0.3640415999999998,8.837142962963021
N-LCO,0.3643775999999999,9.051842962963022
N-LCO,0.36470159999999996,9.29824296296302
N-LCO,0.36503759999999985,9.03734296296302
N-LCO,0.3653735999999999,9.24154296296302
N-LCO,0.36570959999999997,9.022942962963022
N-LCO,0.36603359999999985,9.15304296296302
N-LCO,0.36636959999999996,8.955642962963022
N-LCO,0.3667056,8.85324296296302
N-LCO,0.36704159999999986,9.120742962963021
N-LCO,0.3673775999999999,8.859842962963022
N-LCO,0.3677015999999998,8.894942962963022
N-LCO,0.3680375999999999,8.771442962963022
N-LCO,0.36837359999999997,8.943842962963021
N-LCO,0.3687095999999998,8.58784296296302
N-LCO,0.36904559999999986,8.81314296296302
N-LCO,0.36936959999999996,8.393742962963021
N-LCO,0.36970559999999986,8.333642962963022
N-LCO,0.3700415999999999,8.73854296296302
N-LCO,0.3703776,8.202842962963022
N-LCO,0.37070159999999985,8.724042962963022
N-LCO,0.3710375999999999,8.759042962963022
N-LCO,0.37137359999999997,8.38194296296302
N-LCO,0.37170959999999986,8.59664296296302
N-LCO,0.3720455999999999,8.705642962963022
N-LCO,0.3723695999999998,8.719542962963022
N-LCO,0.37270559999999986,8.754542962963022
N-LCO,0.3730416,8.56764296296302
N-LCO,0.3733775999999998,8.89854296296302
N-LCO,0.37371359999999987,8.870142962963023
N-LCO,0.37403759999999997,8.92634296296302
N-LCO,0.3743735999999998,8.876842962963021
N-LCO,0.3747095999999999,9.123242962963023
N-LCO,0.3750456,8.809442962963022
N-LCO,0.3753815999999998,8.802242962963021
N-LCO,0.3757055999999999,8.858342962963022
N-LCO,0.3760416,9.14704296296302
N-LCO,0.37637759999999987,8.98124296296302
N-LCO,0.3767135999999999,8.74154296296302
N-LCO,0.3770375999999998,8.61794296296302
N-LCO,0.37737359999999986,8.980542962963021
N-LCO,0.3777095999999999,8.52944296296302
N-LCO,0.3780456,8.289742962963022
N-LCO,0.3783815999999999,8.673442962963023
N-LCO,0.3787056,8.45484296296302
N-LCO,0.3790415999999998,8.236242962963022
N-LCO,0.37937759999999987,8.133842962963023
N-LCO,0.3797136,8.126642962963022
N-LCO,0.3800495999999998,8.182742962963022
N-LCO,0.3803735999999999,7.995842962963021
N-LCO,0.3807096,8.14714296296302
N-LCO,0.3810455999999998,8.414642962963022
N-LCO,0.38138159999999993,8.21714296296302
N-LCO,0.3817176,8.304942962963022
N-LCO,0.38204159999999987,8.22374296296302
N-LCO,0.38237759999999993,8.565242962963023
N-LCO,0.3827136,8.695342962963021
N-LCO,0.3830495999999999,8.84664296296302
N-LCO,0.38338559999999994,8.786542962963022
N-LCO,0.3837095999999998,8.937742962963021
N-LCO,0.3840455999999999,9.300342962963022
N-LCO,0.38438159999999993,8.96544296296302
N-LCO,0.3847175999999998,9.42324296296302
N-LCO,0.38504159999999993,9.32084296296302
N-LCO,0.3853776,9.398142962963021
N-LCO,0.3857135999999998,9.718442962963021
N-LCO,0.3860495999999999,9.36244296296302
N-LCO,0.3863856,9.513742962963022
N-LCO,0.3867095999999999,9.252842962963022
N-LCO,0.38704559999999993,9.425242962963022
N-LCO,0.3873816,9.417942962963021
N-LCO,0.38771759999999983,9.769942962963022
N-LCO,0.38805359999999994,10.01634296296302
N-LCO,0.3883775999999998,9.364442962963022
N-LCO,0.3887135999999999,9.727042962963022
N-LCO,0.38904959999999994,9.66694296296302
N-LCO,0.3893856,9.427142962963021
N-LCO,0.3897215999999999,9.673442962963023
N-LCO,0.39004559999999994,9.76134296296302
N-LCO,0.39038159999999983,9.521542962963021
N-LCO,0.3907175999999999,9.556542962963022
N-LCO,0.39105359999999995,9.82404296296302
N-LCO,0.39138959999999984,9.954142962963022
N-LCO,0.39171359999999994,9.40784296296302
N-LCO,0.3920496,9.675342962963022
N-LCO,0.39238559999999983,9.668042962963021
N-LCO,0.3927215999999999,9.724142962963022
N-LCO,0.3930456,9.632342962963023
N-LCO,0.3933815999999999,9.963242962963022
N-LCO,0.39371759999999995,9.512142962963022
N-LCO,0.3940536,9.64224296296302
N-LCO,0.39438959999999984,9.571542962963022
N-LCO,0.39472559999999995,9.722842962963021
N-LCO,0.39504959999999983,9.66264296296302
N-LCO,0.3953855999999999,9.634242962963022
N-LCO,0.39572159999999995,9.806642962963021
N-LCO,0.3960575999999998,9.79934296296302
N-LCO,0.3963815999999999,10.045642962963022
N-LCO,0.39671759999999995,10.10174296296302
N-LCO,0.39705359999999984,10.30584296296302
N-LCO,0.3973895999999999,9.992142962963023
N-LCO,0.39772559999999996,9.519842962963022
N-LCO,0.39804959999999984,9.80844296296302
N-LCO,0.39838559999999995,9.737742962963022
N-LCO,0.3987216,9.910042962963022
N-LCO,0.39905759999999985,9.84994296296302
N-LCO,0.3993935999999999,9.91664296296302
N-LCO,0.3997175999999998,10.110142962963021
N-LCO,0.4000535999999999,10.028842962963022
N-LCO,0.40038959999999996,10.11664296296302
N-LCO,0.4007255999999998,10.384142962963022
N-LCO,0.40106159999999985,10.32404296296302
N-LCO,0.40138559999999995,10.253342962963021
N-LCO,0.40172159999999985,10.35174296296302
N-LCO,0.4020575999999999,9.93224296296302
N-LCO,0.40239359999999996,9.94614296296302
N-LCO,0.40271759999999984,10.350942962963021
N-LCO,0.4030535999999999,10.111142962963022
N-LCO,0.40338959999999996,9.945342962963021
N-LCO,0.40372559999999985,10.487542962963023
N-LCO,0.4040615999999999,10.152642962963021
N-LCO,0.4043856,10.12424296296302
N-LCO,0.40472159999999985,9.51454296296302
N-LCO,0.40505759999999996,10.15194296296302
N-LCO,0.4053936,9.85924296296302
N-LCO,0.40572959999999986,10.04214296296302
N-LCO,0.40605359999999996,10.024342962963022
N-LCO,0.4063895999999998,9.995842962963021
N-LCO,0.4067255999999999,10.28444296296302
N-LCO,0.40706159999999997,9.960142962963022
N-LCO,0.4073975999999998,10.36494296296302
N-LCO,0.4077215999999999,9.818742962963022
N-LCO,0.40805759999999996,10.08614296296302
N-LCO,0.40839359999999986,9.846342962963021
N-LCO,0.4087295999999999,9.934142962963023
N-LCO,0.4090656,9.947942962963022
N-LCO,0.40938959999999985,9.68704296296302
N-LCO,0.4097255999999999,9.90164296296302
N-LCO,0.41006159999999997,10.190242962963023
N-LCO,0.41039759999999986,9.517142962963021
N-LCO,0.41072159999999996,10.175642962963021
N-LCO,0.4110575999999998,10.14724296296302
N-LCO,0.41139359999999986,10.277342962963022
N-LCO,0.4117296,9.688742962963023
N-LCO,0.4120655999999998,9.998542962963022
N-LCO,0.41240159999999987,10.08624296296302
N-LCO,0.41272559999999997,10.10014296296302
N-LCO,0.4130615999999998,10.31474296296302
N-LCO,0.4133975999999999,10.244042962963022
N-LCO,0.4137336,10.120442962963022
N-LCO,0.4140695999999998,9.965142962963021
N-LCO,0.4143935999999999,10.40174296296302
N-LCO,0.4147296,10.45784296296302
N-LCO,0.41506559999999987,10.376542962963022
N-LCO,0.4154015999999999,10.15784296296302
N-LCO,0.4157376,10.01314296296302
N-LCO,0.41606159999999986,10.02694296296302
N-LCO,0.4163975999999999,10.06194296296302
N-LCO,0.4167336,9.77984296296302
N-LCO,0.4170695999999999,10.047242962963022
N-LCO,0.4173936,10.33584296296302
N-LCO,0.4177295999999998,10.423642962963022
N-LCO,0.41806559999999987,10.247242962963021
N-LCO,0.4184016,9.92284296296302
N-LCO,0.4187375999999998,10.295942962963021
N-LCO,0.4190615999999999,10.08784296296302
N-LCO,0.4193976,9.93254296296302
N-LCO,0.4197335999999998,10.390242962963022
N-LCO,0.42006959999999993,9.84394296296302
N-LCO,0.4204056,10.20654296296302
N-LCO,0.42072959999999987,10.156942962963022
N-LCO,0.42106559999999993,10.23414296296302
N-LCO,0.4214016,9.994242962963021
N-LCO,0.4217375999999999,10.377942962963022
N-LCO,0.42207359999999994,10.043042962963021
N-LCO,0.4223975999999998,9.71874296296302
N-LCO,0.4227335999999999,10.419442962963021
N-LCO,0.42306959999999993,10.22184296296302
N-LCO,0.4234055999999998,10.330742962963022
N-LCO,0.42372959999999993,10.344542962963022
N-LCO,0.4240656,10.242142962963023
N-LCO,0.4244015999999998,10.076242962963022
N-LCO,0.4247375999999999,10.50224296296302
N-LCO,0.4250736,10.53714296296302
N-LCO,0.4253975999999999,10.487542962963023
N-LCO,0.42573359999999993,10.776142962963021
N-LCO,0.4260696,10.673642962963022
N-LCO,0.42640559999999983,10.45504296296302
N-LCO,0.42674159999999994,10.426542962963023
N-LCO,0.4270655999999998,10.535442962963021
N-LCO,0.4274015999999999,10.49634296296302
N-LCO,0.42773759999999994,11.15484296296302
N-LCO,0.4280735999999998,10.89384296296302
N-LCO,0.4284095999999999,10.949942962963021
N-LCO,0.4287336,11.07994296296302
N-LCO,0.42906959999999983,11.210042962963023
N-LCO,0.4294055999999999,11.065242962963023
N-LCO,0.42974159999999995,11.216442962963022
N-LCO,0.4300655999999998,11.251342962963022
N-LCO,0.43040159999999994,11.18064296296302
N-LCO,0.4307376,11.395142962963021
N-LCO,0.43107359999999983,11.03914296296302
N-LCO,0.4314095999999999,10.93664296296302
N-LCO,0.4317336,11.27804296296302
N-LCO,0.4320695999999999,10.99594296296302
N-LCO,0.43240559999999995,11.094242962963023
N-LCO,0.4327416,10.87554296296302
N-LCO,0.43307759999999984,10.667442962963023
N-LCO,0.43340159999999994,11.135642962963022
N-LCO,0.43373759999999983,10.62104296296302
N-LCO,0.4340735999999999,11.184342962963022
N-LCO,0.43440959999999995,10.997342962963021
N-LCO,0.43473359999999983,10.82084296296302
N-LCO,0.4350695999999999,10.633842962963023
N-LCO,0.4354056,10.88014296296302
N-LCO,0.43574159999999984,11.03134296296302
N-LCO,0.4360775999999999,10.87604296296302
N-LCO,0.4364016,11.143442962963022
N-LCO,0.43673759999999984,10.90354296296302
N-LCO,0.43707359999999995,10.853942962963021
N-LCO,0.4374096,10.909942962963022
N-LCO,0.43774559999999985,11.082242962963022
N-LCO,0.43806959999999995,11.074942962963021
N-LCO,0.4384055999999998,11.18384296296302
N-LCO,0.4387415999999999,11.37724296296302
N-LCO,0.43907759999999996,11.25364296296302
N-LCO,0.4394135999999998,11.478842962963022
N-LCO,0.4397375999999999,11.534842962963022
N-LCO,0.44007359999999995,11.664942962963021
N-LCO,0.44040959999999985,11.224242962963022
N-LCO,0.4407455999999999,11.45994296296302
N-LCO,0.44108159999999996,11.66394296296302
N-LCO,0.44140559999999984,11.56154296296302
N-LCO,0.4417415999999999,10.972942962963021
N-LCO,0.4420776,11.56794296296302
N-LCO,0.44241359999999985,11.370342962963022
N-LCO,0.4427495999999999,11.57434296296302
N-LCO,0.4430735999999998,11.16544296296302
N-LCO,0.44340959999999985,11.549042962963021
N-LCO,0.44374559999999996,11.52054296296302
N-LCO,0.4440816,11.322942962963022
N-LCO,0.44441759999999986,11.38954296296302
N-LCO,0.44474159999999996,11.350542962963022
N-LCO,0.4450775999999998,10.740742962963022
N-LCO,0.4454135999999999,11.00814296296302
N-LCO,0.44574959999999997,10.726042962963021
N-LCO,0.4460855999999998,10.58134296296302
N-LCO,0.4464095999999999,10.658442962963022
N-LCO,0.44674559999999996,10.72504296296302
N-LCO,0.44708159999999986,10.75994296296302
N-LCO,0.4474175999999999,11.143642962963021
N-LCO,0.4477536,10.62894296296302
N-LCO,0.44807759999999985,11.11834296296302
N-LCO,0.4484135999999999,11.01584296296302
N-LCO,0.4487496,10.807642962963023
N-LCO,0.44908559999999986,11.15954296296302
N-LCO,0.44940959999999996,11.754542962963022
N-LCO,0.4497455999999998,11.726042962963021
N-LCO,0.45008159999999986,12.056842962963021
N-LCO,0.4504176,11.933242962963021
N-LCO,0.4507535999999998,12.04214296296302
N-LCO,0.4510775999999999,11.91844296296302
N-LCO,0.45141359999999997,12.016742962963022
N-LCO,0.4517495999999998,12.45324296296302
N-LCO,0.4520855999999999,12.329642962963021
N-LCO,0.4524216,12.523042962963022
N-LCO,0.45274559999999986,12.30434296296302
N-LCO,0.4530815999999999,12.571742962963022
N-LCO,0.4534176,12.19444296296302
N-LCO,0.45375359999999987,11.91234296296302
N-LCO,0.4540895999999999,12.57074296296302
N-LCO,0.4544135999999998,12.351942962963022
N-LCO,0.45474959999999987,12.59824296296302
N-LCO,0.4550855999999999,12.675342962963022
N-LCO,0.4554215999999998,12.11844296296302
N-LCO,0.4557455999999999,12.61834296296302
N-LCO,0.4560816,12.441842962963023
N-LCO,0.4564175999999998,12.413342962963021
N-LCO,0.45675359999999987,12.469342962963022
N-LCO,0.4570896,12.38804296296302
N-LCO,0.4574255999999998,12.43344296296302
N-LCO,0.4577495999999999,12.27814296296302
N-LCO,0.4580856,12.682842962963022
N-LCO,0.4584215999999998,12.242242962963022
N-LCO,0.45875759999999993,12.530742962963021
N-LCO,0.4590816,12.19574296296302
N-LCO,0.45941759999999987,12.34684296296302
N-LCO,0.45975359999999993,11.990742962963022
N-LCO,0.4600896,12.004442962963022
N-LCO,0.4604255999999999,11.838542962963022
N-LCO,0.4607496,12.031942962963022
N-LCO,0.4610855999999998,11.49614296296302
N-LCO,0.4614215999999999,11.80584296296302
N-LCO,0.46175759999999993,12.14714296296302
N-LCO,0.4620935999999998,12.02354296296302
N-LCO,0.46241759999999993,11.99494296296302
N-LCO,0.4627536,12.36804296296302
N-LCO,0.4630895999999998,12.38174296296302
N-LCO,0.4634255999999999,11.845942962963022
N-LCO,0.4637616,12.187342962963022
N-LCO,0.4640855999999999,12.031942962963022
N-LCO,0.46442159999999993,12.183142962963021
N-LCO,0.4647576,12.387042962963022
N-LCO,0.46509359999999983,12.400842962963022
N-LCO,0.46542959999999994,12.45684296296302
N-LCO,0.4657535999999998,12.428242962963022
N-LCO,0.4660895999999999,12.16724296296302
N-LCO,0.46642559999999994,12.434642962963022
N-LCO,0.4667615999999998,12.25814296296302
N-LCO,0.4670855999999999,12.462042962963022
N-LCO,0.4674216,12.201042962963022
N-LCO,0.46775759999999983,12.806542962963022
N-LCO,0.4680935999999999,12.56664296296302
N-LCO,0.46842959999999995,12.834042962963021
N-LCO,0.4687535999999998,12.847742962963022
N-LCO,0.46908959999999994,12.47044296296302
N-LCO,0.4694256,13.012542962963021
N-LCO,0.46976159999999983,12.709242962963021
N-LCO,0.4700975999999999,12.83924296296302
N-LCO,0.4704215999999998,13.30744296296302
N-LCO,0.4707575999999999,12.792742962963022
N-LCO,0.47109359999999995,13.01784296296302
N-LCO,0.4714296,12.640542962963021
N-LCO,0.4717535999999999,13.182642962963023
N-LCO,0.47208959999999994,12.963842962963021
N-LCO,0.47242559999999983,12.512542962963021
N-LCO,0.4727615999999999,12.832742962963021
N-LCO,0.47309759999999995,12.49774296296302
N-LCO,0.47342159999999983,12.627742962963023
N-LCO,0.4737575999999999,12.85284296296302
N-LCO,0.4740936,12.67634296296302
N-LCO,0.47442959999999984,12.27794296296302
N-LCO,0.4747655999999999,12.70374296296302
N-LCO,0.4750896,12.484942962963022
N-LCO,0.47542559999999984,12.59384296296302
N-LCO,0.47576159999999995,12.195342962963021
N-LCO,0.4760976,12.716342962963022
N-LCO,0.47643359999999985,12.381342962963021
N-LCO,0.47675759999999995,12.04634296296302
N-LCO,0.4770935999999998,11.922642962963021
N-LCO,0.4774295999999999,12.263942962963021
N-LCO,0.47776559999999996,11.696442962963022
N-LCO,0.47808959999999984,11.826342962963022
N-LCO,0.4784255999999999,11.91404296296302
N-LCO,0.47876159999999995,12.10744296296302
N-LCO,0.47909759999999985,12.07884296296302
N-LCO,0.4794335999999999,11.99744296296302
N-LCO,0.4797576,12.14864296296302
N-LCO,0.48009359999999984,12.415942962963022
N-LCO,0.4804295999999999,12.66214296296302
N-LCO,0.4807656,12.79214296296302
N-LCO,0.48110159999999985,13.059442962963022
N-LCO,0.48142559999999995,12.312242962963023
N-LCO,0.4817615999999998,12.759242962963022
N-LCO,0.48209759999999985,13.31194296296302
N-LCO,0.48243359999999996,12.90294296296302
N-LCO,0.4827696,13.19134296296302
N-LCO,0.4830935999999999,13.37414296296302
N-LCO,0.48342959999999996,13.113142962963021
N-LCO,0.4837655999999998,13.306442962963022
N-LCO,0.4841015999999999,13.668942962963023
N-LCO,0.4844256,13.333842962963022
N-LCO,0.48476159999999985,13.833742962963022
N-LCO,0.4850975999999999,13.065442962963022
N-LCO,0.48543359999999997,13.44894296296302
N-LCO,0.48576959999999986,13.31474296296302
N-LCO,0.48609359999999996,13.360142962963021
N-LCO,0.4864296,13.574642962963022
N-LCO,0.48676559999999985,13.757442962963022
N-LCO,0.4871015999999999,13.401242962963021
N-LCO,0.4874376,13.63684296296302
N-LCO,0.4877615999999999,13.798542962963023
N-LCO,0.48809759999999996,13.600842962963021
N-LCO,0.4884335999999998,13.033342962963022
N-LCO,0.48876959999999986,12.96254296296302
N-LCO,0.4891056,12.76484296296302
N-LCO,0.48942959999999985,13.40204296296302
N-LCO,0.4897655999999999,13.27834296296302
N-LCO,0.49010159999999997,13.101842962963023
N-LCO,0.4904375999999998,12.54484296296302
N-LCO,0.4907735999999999,13.224342962963021
N-LCO,0.4910976,13.19574296296302
N-LCO,0.49143359999999986,12.628242962963022
N-LCO,0.4917695999999999,12.293142962963021
N-LCO,0.4921056,12.634442962963021
N-LCO,0.49244159999999987,12.690442962963022
N-LCO,0.49276559999999997,12.45044296296302
N-LCO,0.4931015999999998,12.63324296296302
N-LCO,0.49343759999999987,12.255942962963022
N-LCO,0.4937735999999999,12.79804296296302
N-LCO,0.4940975999999998,12.64264296296302
N-LCO,0.4944335999999999,12.751442962963022
N-LCO,0.4947696,12.21554296296302
N-LCO,0.4951055999999998,12.271542962963021
N-LCO,0.49544159999999987,12.422642962963021
N-LCO,0.4957656,12.55254296296302
N-LCO,0.49610159999999986,12.502842962963022
N-LCO,0.4964375999999999,12.601042962963021
N-LCO,0.4967736,12.456242962963021
N-LCO,0.4971095999999998,12.702442962963023
N-LCO,0.4974335999999999,12.87464296296302
N-LCO,0.49776960000000003,12.63464296296302
N-LCO,0.49810559999999987,12.92314296296302
N-LCO,0.49844159999999993,12.79944296296302
N-LCO,0.4987776,12.982142962963021
N-LCO,0.49910159999999987,13.038142962963022
N-LCO,0.4994376,12.935642962963023
N-LCO,0.4997735999999998,13.31914296296302
N-LCO,0.5001095999999999,12.96294296296302
N-LCO,0.5004455999999999,12.99774296296302
N-LCO,0.5007695999999998,13.106542962963022
N-LCO,0.5011055999999999,13.16244296296302
N-LCO,0.5014415999999999,13.133942962963022
N-LCO,0.5017775999999998,13.30604296296302
N-LCO,0.5021135999999999,13.298642962963022
N-LCO,0.5024376,13.35454296296302
N-LCO,0.5027735999999998,13.18864296296302
N-LCO,0.5031095999999999,13.86804296296302
N-LCO,0.5034456,13.469642962963022
N-LCO,0.5037815999999998,13.800342962963022
N-LCO,0.5041055999999999,13.338442962963022
N-LCO,0.5044415999999998,13.72194296296302
N-LCO,0.5047775999999998,13.661642962963022
N-LCO,0.5051135999999999,13.696442962963022
N-LCO,0.5054375999999998,13.94264296296302
N-LCO,0.5057735999999999,13.998642962963022
N-LCO,0.5061095999999999,14.149642962963021
N-LCO,0.5064455999999998,14.216142962963023
N-LCO,0.5067815999999999,13.78594296296302
N-LCO,0.5071056,13.873642962963022
N-LCO,0.5074415999999998,14.045742962963022
N-LCO,0.5077775999999999,14.059442962963022
N-LCO,0.5081135999999999,13.66094296296302
N-LCO,0.5084495999999998,13.71694296296302
N-LCO,0.5087735999999999,13.455742962963022
N-LCO,0.5091095999999998,14.01904296296302
N-LCO,0.5094455999999998,13.87414296296302
N-LCO,0.5097816,13.824442962963023
N-LCO,0.5101055999999998,13.764042962963021
N-LCO,0.5104415999999999,14.01024296296302
N-LCO,0.5107775999999999,13.654042962963022
N-LCO,0.5111135999999998,13.783942962963021
N-LCO,0.5114495999999998,13.13184296296302
N-LCO,0.5117735999999999,13.325142962963021
N-LCO,0.5121095999999998,13.201442962963021
N-LCO,0.5124456,12.919142962963022
N-LCO,0.5127816,12.605242962963022
N-LCO,0.5131175999999998,12.946542962963022
N-LCO,0.5134415999999999,13.234942962963022
N-LCO,0.5137776000000001,13.17464296296302
N-LCO,0.5141135999999998,13.05084296296302
N-LCO,0.5144496,13.275842962963022
N-LCO,0.5147856,13.52204296296302
N-LCO,0.5151095999999998,13.34544296296302
N-LCO,0.5154456,13.475342962963023
N-LCO,0.5157815999999998,13.83774296296302
N-LCO,0.5161175999999998,13.50264296296302
N-LCO,0.5164536,13.928442962963022
N-LCO,0.5167775999999998,14.15344296296302
N-LCO,0.5171136,14.072042962963021
N-LCO,0.5174496,14.15964296296302
N-LCO,0.5177855999999998,14.405842962963021
N-LCO,0.5181096,13.954442962963022
N-LCO,0.5184456,14.010342962963023
N-LCO,0.5187815999999998,14.140242962963022
N-LCO,0.5191176,14.428642962963021
N-LCO,0.5194536,14.516342962963021
N-LCO,0.5197775999999998,14.23404296296302
N-LCO,0.5201136,14.332242962963022
N-LCO,0.5204495999999998,14.26134296296302
N-LCO,0.5207855999999998,13.376742962963021
N-LCO,0.5211216,14.11954296296302
N-LCO,0.5214455999999998,14.016942962963022
N-LCO,0.5217815999999998,14.315942962963021
N-LCO,0.5221176,13.727242962963022
N-LCO,0.5224535999999999,13.740842962963022
N-LCO,0.5227895999999999,13.564242962963021
N-LCO,0.5231136,14.021742962963021
N-LCO,0.5234495999999998,13.82404296296302
N-LCO,0.5237856,14.091342962963022
N-LCO,0.5241216,13.55544296296302
N-LCO,0.5244455999999998,13.780442962963022
N-LCO,0.5247816,13.794042962963022
N-LCO,0.5251176,14.103642962963022
N-LCO,0.5254535999999999,14.13834296296302
N-LCO,0.5257896,14.109742962963022
N-LCO,0.5261135999999998,13.679542962963023
N-LCO,0.5264495999999999,13.629742962963022
N-LCO,0.5267856,13.70674296296302
N-LCO,0.5271215999999999,14.02684296296302
N-LCO,0.5274575999999999,13.987642962963022
N-LCO,0.5277816,13.74774296296302
N-LCO,0.5281175999999999,13.56054296296302
N-LCO,0.5284535999999999,14.04974296296302
N-LCO,0.5287896,14.25364296296302
N-LCO,0.5291255999999999,14.013542962963022
N-LCO,0.5294496,14.06944296296302
N-LCO,0.5297856,14.06204296296302
N-LCO,0.5301215999999999,13.843142962963022
N-LCO,0.5304576,14.24774296296302
N-LCO,0.5307815999999999,14.356542962963022
N-LCO,0.5311175999999999,14.158742962963021
N-LCO,0.5314536,14.40494296296302
N-LCO,0.5317895999999998,13.96414296296302
N-LCO,0.5321255999999999,14.43214296296302
N-LCO,0.5324496,14.171042962963021
N-LCO,0.5327855999999999,14.41714296296302
N-LCO,0.5331215999999999,14.589342962963022
N-LCO,0.5334576,14.507842962963021
N-LCO,0.5337935999999999,14.362942962963022
N-LCO,0.5341176,14.47164296296302
N-LCO,0.5344536,14.48534296296302
N-LCO,0.5347895999999999,14.657442962963021
N-LCO,0.5351255999999999,14.258942962963022
N-LCO,0.5354616,14.251442962963022
N-LCO,0.5357855999999999,14.30734296296302
N-LCO,0.5361216,14.553442962963022
N-LCO,0.5364575999999998,14.58814296296302
N-LCO,0.5367935999999999,14.559542962963022
N-LCO,0.5371296,14.57314296296302
N-LCO,0.5374535999999999,14.31204296296302
N-LCO,0.5377895999999999,14.484142962963022
N-LCO,0.5381256,14.51894296296302
N-LCO,0.5384615999999998,14.53254296296302
N-LCO,0.5387975999999999,14.662442962963022
N-LCO,0.5391216,14.739442962963022
N-LCO,0.5394575999999999,14.298642962963022
N-LCO,0.5397935999999999,14.629242962963021
N-LCO,0.5401296,14.420942962963021
N-LCO,0.5404535999999999,14.318342962963023
N-LCO,0.5407896,14.19454296296302
N-LCO,0.5411256,14.113042962963021
N-LCO,0.5414615999999999,14.581042962963021
N-LCO,0.5417975999999999,14.45734296296302
N-LCO,0.5421215999999998,13.995342962963022
N-LCO,0.5424575999999999,14.695942962963022
N-LCO,0.5427936,13.990842962963022
N-LCO,0.5431295999999998,14.21584296296302
N-LCO,0.5434655999999999,14.599342962963021
N-LCO,0.5437896,14.38044296296302
N-LCO,0.5441255999999999,14.25674296296302
N-LCO,0.5444615999999999,14.42884296296302
N-LCO,0.5447976,14.516442962963021
N-LCO,0.5451335999999998,14.37154296296302
N-LCO,0.5454575999999999,14.05754296296302
N-LCO,0.5457936,14.20844296296302
N-LCO,0.5461295999999999,14.06354296296302
N-LCO,0.5464655999999999,14.58444296296302
N-LCO,0.5468016,14.037942962963022
N-LCO,0.5471255999999999,14.632842962963021
N-LCO,0.5474616,13.748142962963023
N-LCO,0.5477975999999998,14.26904296296302
N-LCO,0.5481335999999999,14.65244296296302
N-LCO,0.5484576,14.613242962963021
N-LCO,0.5487935999999998,14.626842962963021
N-LCO,0.5491295999999999,14.50304296296302
N-LCO,0.5494656,14.960542962963022
N-LCO,0.5498015999999998,14.60424296296302
N-LCO,0.5501255999999999,14.61784296296302
N-LCO,0.5504616,14.61034296296302
N-LCO,0.5507975999999999,14.60274296296302
N-LCO,0.5511335999999999,14.52124296296302
N-LCO,0.5514696,14.83074296296302
N-LCO,0.5517935999999999,14.74924296296302
N-LCO,0.5521295999999999,14.583142962963022
N-LCO,0.5524656,14.92434296296302
N-LCO,0.5528015999999999,14.84284296296302
N-LCO,0.5531375999999999,14.62394296296302
N-LCO,0.5534615999999998,14.93344296296302
N-LCO,0.5537975999999999,14.746242962963022
N-LCO,0.5541336,14.99234296296302
N-LCO,0.5544695999999998,14.46694296296302
N-LCO,0.5548055999999999,14.808142962963021
N-LCO,0.5551296,14.980342962963022
N-LCO,0.5554655999999998,14.53944296296302
N-LCO,0.5558015999999999,14.52134296296302
N-LCO,0.5561376,14.92594296296302
N-LCO,0.5564615999999999,15.034642962963021
N-LCO,0.5567975999999999,14.794642962963021
N-LCO,0.5571336,14.60744296296302
N-LCO,0.5574695999999999,15.01204296296302
N-LCO,0.5578055999999999,14.888242962963021
N-LCO,0.5581416,15.08154296296302
N-LCO,0.5584655999999999,15.02114296296302
N-LCO,0.5588015999999999,14.950142962963021
N-LCO,0.5591375999999998,15.354742962963021
N-LCO,0.5594735999999999,14.92454296296302
N-LCO,0.5597976,15.17054296296302
N-LCO,0.5601335999999998,15.00454296296302
N-LCO,0.5604695999999999,15.17664296296302
N-LCO,0.5608056,15.443842962963021
N-LCO,0.5611415999999998,15.55254296296302
N-LCO,0.5614775999999999,14.71014296296302
N-LCO,0.5618016,15.07244296296302
N-LCO,0.5621375999999998,15.31854296296302
N-LCO,0.5624735999999999,15.279242962963021
N-LCO,0.5628096,15.54644296296302
N-LCO,0.5631335999999999,16.18354296296302
N-LCO,0.5634695999999999,15.47854296296302
N-LCO,0.5638055999999998,15.64004296296302
N-LCO,0.5641415999999999,15.579642962963021
N-LCO,0.5644775999999999,15.413542962963021
N-LCO,0.5648015999999998,15.744142962963021
N-LCO,0.5651375999999999,15.87394296296302
N-LCO,0.5654735999999999,15.750142962963022
N-LCO,0.5658095999999998,16.03854296296302
N-LCO,0.5661455999999999,15.840742962963022
N-LCO,0.5664696,16.02334296296302
N-LCO,0.5668055999999998,16.079242962963022
N-LCO,0.5671415999999999,15.744042962963022
N-LCO,0.5674776,15.78934296296302
N-LCO,0.5678135999999998,15.77124296296302
N-LCO,0.5681375999999999,15.901042962963022
N-LCO,0.5684736,16.10484296296302
N-LCO,0.5688095999999998,16.00224296296302
N-LCO,0.5691455999999999,15.76214296296302
N-LCO,0.5694816,15.75454296296302
N-LCO,0.5698055999999999,15.99004296296302
N-LCO,0.5701415999999999,15.644342962963021
N-LCO,0.5704775999999998,15.50994296296302
N-LCO,0.5708135999999999,15.52354296296302
N-LCO,0.5711495999999999,15.790742962963021
N-LCO,0.5714735999999998,15.97334296296302
N-LCO,0.5718095999999999,15.36344296296302
N-LCO,0.5721455999999999,15.324142962963021
N-LCO,0.5724815999999998,15.623042962963021
N-LCO,0.5728175999999999,15.89024296296302
N-LCO,0.5731416,15.618542962963021
N-LCO,0.5734775999999998,15.68494296296302
N-LCO,0.5738135999999999,15.624542962963021
N-LCO,0.5741496,15.59584296296302
N-LCO,0.5744855999999998,15.72564296296302
N-LCO,0.5748095999999999,15.60184296296302
N-LCO,0.5751455999999998,15.541342962963022
N-LCO,0.5754815999999998,15.554942962963022
N-LCO,0.5758175999999999,15.50514296296302
N-LCO,0.5761415999999998,15.930742962963022
N-LCO,0.5764775999999999,16.039442962963022
N-LCO,0.5768135999999999,15.683142962963021
N-LCO,0.5771495999999998,15.87634296296302
N-LCO,0.5774855999999999,15.752542962963021
N-LCO,0.5778215999999999,15.62874296296302
N-LCO,0.5781455999999998,15.504942962963021
N-LCO,0.5784815999999999,15.53964296296302
N-LCO,0.5788175999999999,15.45804296296302
N-LCO,0.5791535999999998,15.40824296296302
N-LCO,0.5794775999999999,14.935642962963021
N-LCO,0.5798136,15.45644296296302
N-LCO,0.5801495999999998,15.818742962963022
N-LCO,0.5804855999999999,15.557542962963021
N-LCO,0.5808216,15.77194296296302
N-LCO,0.5811455999999999,15.53184296296302
N-LCO,0.5814815999999999,15.73554296296302
N-LCO,0.5818175999999998,15.74914296296302
N-LCO,0.5821535999999998,15.98464296296302
N-LCO,0.5824895999999999,16.23064296296302
N-LCO,0.5828135999999998,15.83204296296302
N-LCO,0.5831495999999999,16.53254296296302
N-LCO,0.5834855999999999,16.577742962963022
N-LCO,0.5838215999999998,16.65474296296302
N-LCO,0.5841575999999999,16.64714296296302
N-LCO,0.5844816,16.586742962963022
N-LCO,0.5848175999999998,16.716542962963022
N-LCO,0.5851535999999999,16.782842962963024
N-LCO,0.5854895999999999,16.56394296296302
N-LCO,0.5858255999999998,16.87344296296302
N-LCO,0.5861495999999999,17.09834296296302
N-LCO,0.5864855999999998,17.06954296296302
N-LCO,0.5868215999999998,17.40014296296302
N-LCO,0.5871576,17.064942962963023
N-LCO,0.5874935999999998,17.33214296296302
N-LCO,0.5878175999999999,17.070942962963024
N-LCO,0.5881535999999999,17.359242962963023
N-LCO,0.5884895999999998,17.35164296296302
N-LCO,0.5888255999999998,17.16434296296302
N-LCO,0.5891495999999999,17.22014296296302
N-LCO,0.5894855999999998,17.48734296296302
N-LCO,0.5898216,17.84964296296302
N-LCO,0.5901576,17.16564296296302
N-LCO,0.5904935999999998,17.23204296296302
N-LCO,0.5908175999999999,17.266742962963022
N-LCO,0.5911535999999998,17.02664296296302
N-LCO,0.5914895999999998,17.124642962963023
N-LCO,0.5918256,16.80004296296302
N-LCO,0.5921616,16.69734296296302
N-LCO,0.5924855999999998,16.57344296296302
N-LCO,0.5928216,16.74554296296302
N-LCO,0.5931575999999998,16.57944296296302
N-LCO,0.5934935999999998,16.67754296296302
N-LCO,0.5938296,16.76494296296302
N-LCO,0.5941535999999998,16.778542962963023
N-LCO,0.5944896,17.14074296296302
N-LCO,0.5948256,16.139842962963023
N-LCO,0.5951615999999998,16.70284296296302
N-LCO,0.5954856,16.304242962963023
N-LCO,0.5958216,16.286042962963023
N-LCO,0.5961575999999998,16.27844296296302
N-LCO,0.5964936,16.46104296296302
N-LCO,0.5968296,16.53804296296302
N-LCO,0.5971535999999998,16.18164296296302
N-LCO,0.5974896,16.50164296296302
N-LCO,0.5978255999999998,16.36724296296302
N-LCO,0.5981615999999998,16.570942962963024
N-LCO,0.5984976,16.56334296296302
N-LCO,0.5988215999999998,16.693142962963023
N-LCO,0.5991575999999998,16.40014296296302
N-LCO,0.5994936,16.58274296296302
N-LCO,0.5998295999999999,16.73364296296302
N-LCO,0.6001655999999999,16.88454296296302
N-LCO,0.6004896,16.91924296296302
N-LCO,0.6008255999999998,17.04904296296302
N-LCO,0.6011616,16.65044296296302
N-LCO,0.6014976,16.68504296296302
N-LCO,0.6018335999999999,16.740842962963022
N-LCO,0.6021576,17.10314296296302
N-LCO,0.6024935999999997,16.926442962963023
N-LCO,0.6028295999999999,16.89764296296302
N-LCO,0.6031656,16.98514296296302
N-LCO,0.6034895999999998,16.55474296296302
N-LCO,0.6038255999999999,16.68454296296302
N-LCO,0.6041616,16.34934296296302
N-LCO,0.6044975999999999,16.78554296296302
N-LCO,0.6048335999999999,16.65114296296302
N-LCO,0.6051576,16.64344296296302
N-LCO,0.6054935999999999,16.82614296296302
N-LCO,0.6058295999999999,16.58594296296302
N-LCO,0.6061656,16.29304296296302
N-LCO,0.6065015999999999,16.24314296296302
N-LCO,0.6068256,16.25664296296302
N-LCO,0.6071616,16.60834296296302
N-LCO,0.6074975999999999,16.85434296296302
N-LCO,0.6078336,16.41344296296302
N-LCO,0.6081696,16.448042962963022
N-LCO,0.6084935999999999,16.38764296296302
N-LCO,0.6088296,16.24264296296302
N-LCO,0.6091655999999998,16.09754296296302
N-LCO,0.6095015999999999,16.48094296296302
N-LCO,0.6098256,16.63184296296302
N-LCO,0.6101615999999999,16.41284296296302
N-LCO,0.6104975999999999,16.28894296296302
N-LCO,0.6108336,16.43984296296302
N-LCO,0.6111695999999999,16.516842962963022
N-LCO,0.6114936,16.583142962963024
N-LCO,0.6118296,16.15274296296302
N-LCO,0.6121655999999999,16.08174296296302
N-LCO,0.6125015999999999,16.54964296296302
N-LCO,0.6128376,16.468042962963022
N-LCO,0.6131615999999999,15.974242962963022
N-LCO,0.6134976,16.74864296296302
N-LCO,0.6138335999999998,16.32894296296302
N-LCO,0.6141695999999999,16.26844296296302
N-LCO,0.6145056,16.651842962963023
N-LCO,0.6148295999999999,16.580742962963022
N-LCO,0.6151655999999999,16.615442962963023
N-LCO,0.6155016,16.67114296296302
N-LCO,0.6158375999999998,16.56844296296302
N-LCO,0.6161735999999999,17.046942962963023
N-LCO,0.6164976,17.039242962963023
N-LCO,0.6168335999999999,17.09504296296302
N-LCO,0.6171695999999999,16.833742962963022
N-LCO,0.6175056,16.868442962963023
N-LCO,0.6178415999999999,17.29404296296302
N-LCO,0.6181656,17.03274296296302
N-LCO,0.6185016,17.35274296296302
N-LCO,0.6188375999999999,17.52474296296302
N-LCO,0.6191735999999999,17.53824296296302
N-LCO,0.6195096,17.64684296296302
N-LCO,0.6198335999999999,17.44894296296302
N-LCO,0.6201696,17.59984296296302
N-LCO,0.6205055999999998,17.70844296296302
N-LCO,0.6208415999999999,17.60574296296302
N-LCO,0.6211656,17.89394296296302
N-LCO,0.6215015999999999,17.77004296296302
N-LCO,0.6218375999999999,18.26964296296302
N-LCO,0.6221736,17.44834296296302
N-LCO,0.6225095999999998,17.620342962963022
N-LCO,0.6228335999999999,17.86624296296302
N-LCO,0.6231696,18.249642962963023
N-LCO,0.6235055999999999,17.639642962963023
N-LCO,0.6238415999999999,17.769342962963023
N-LCO,0.6241776,17.85684296296302
N-LCO,0.6245015999999999,17.732942962963023
N-LCO,0.6248376,17.49284296296302
N-LCO,0.6251735999999998,17.75994296296302
N-LCO,0.6255095999999999,18.06924296296302
N-LCO,0.6258455999999999,17.501542962963022
N-LCO,0.6261695999999998,17.61014296296302
N-LCO,0.6265055999999999,17.34884296296302
N-LCO,0.6268416,17.59484296296302
N-LCO,0.6271775999999998,17.62944296296302
N-LCO,0.6275135999999999,17.75914296296302
N-LCO,0.6278376,17.86774296296302
N-LCO,0.6281735999999999,17.807242962963024
N-LCO,0.6285095999999999,17.54594296296302
N-LCO,0.6288456,17.81304296296302
N-LCO,0.6291815999999998,17.784342962963024
N-LCO,0.6295055999999999,17.79774296296302
N-LCO,0.6298415999999998,17.83244296296302
N-LCO,0.6301775999999999,18.07834296296302
N-LCO,0.6305135999999999,17.838242962963022
N-LCO,0.6308496,17.85164296296302
N-LCO,0.6311735999999999,17.97084296296302
N-LCO,0.6315096,17.688442962963023
N-LCO,0.6318455999999998,18.05064296296302
N-LCO,0.6321815999999999,17.81054296296302
N-LCO,0.6325175999999999,17.88734296296302
N-LCO,0.6328415999999998,17.76344296296302
N-LCO,0.6331775999999999,17.597242962963023
N-LCO,0.6335136,17.864342962963022
N-LCO,0.6338495999999998,17.82494296296302
N-LCO,0.6341735999999999,18.070942962963024
N-LCO,0.6345096,17.76734296296302
N-LCO,0.6348455999999999,17.89714296296302
N-LCO,0.6351815999999999,17.95284296296302
N-LCO,0.6355176,18.124842962963022
N-LCO,0.6358415999999999,18.19114296296302
N-LCO,0.6361775999999999,17.89814296296302
N-LCO,0.6365135999999998,18.02784296296302
N-LCO,0.6368495999999999,17.67144296296302
N-LCO,0.6371855999999999,18.05474296296302
N-LCO,0.6375095999999998,17.772342962963023
N-LCO,0.6378455999999999,17.84924296296302
N-LCO,0.6381816,17.56674296296302
N-LCO,0.6385175999999998,17.83384296296302
N-LCO,0.6388535999999999,17.77334296296302
N-LCO,0.6391776,17.93474296296302
N-LCO,0.6395135999999998,17.694642962963023
N-LCO,0.6398495999999999,17.53894296296302
N-LCO,0.6401856,17.88004296296302
N-LCO,0.6405215999999998,17.70334296296302
N-LCO,0.6408455999999999,17.49484296296302
N-LCO,0.6411815999999998,17.57174296296302
N-LCO,0.6415175999999999,17.74374296296302
N-LCO,0.6418535999999999,18.179842962963022
N-LCO,0.6421895999999998,17.770642962963024
N-LCO,0.6425135999999999,17.879142962963023
N-LCO,0.6428495999999999,17.71294296296302
N-LCO,0.6431855999999998,17.92724296296302
N-LCO,0.6435215999999999,18.36334296296302
N-LCO,0.6438456,17.93294296296302
N-LCO,0.6441815999999998,18.20004296296302
N-LCO,0.6445175999999999,18.32974296296302
N-LCO,0.6448536,17.909942962963022
N-LCO,0.6451895999999998,17.41604296296302
N-LCO,0.6455135999999999,17.33444296296302
N-LCO,0.6458496,17.46414296296302
N-LCO,0.6461855999999998,17.75234296296302
N-LCO,0.6465215999999999,17.374842962963022
N-LCO,0.6468576,17.73694296296302
N-LCO,0.6471815999999999,17.77154296296302
N-LCO,0.6475175999999999,17.668742962963023
N-LCO,0.6478535999999998,17.95694296296302
N-LCO,0.6481895999999999,18.31914296296302
N-LCO,0.6485255999999999,17.772542962963023
N-LCO,0.6488495999999998,18.34604296296302
N-LCO,0.6491855999999999,18.35954296296302
N-LCO,0.6495215999999999,18.66884296296302
N-LCO,0.6498575999999998,18.79854296296302
N-LCO,0.6501935999999999,18.57954296296302
N-LCO,0.6505176,18.592942962963022
N-LCO,0.6508535999999998,18.70154296296302
N-LCO,0.6511895999999999,18.69384296296302
N-LCO,0.6515256,18.79184296296302
N-LCO,0.6518495999999999,18.80524296296302
N-LCO,0.6521855999999999,19.07234296296302
N-LCO,0.6525215999999998,19.04344296296302
N-LCO,0.6528575999999998,19.19434296296302
N-LCO,0.6531935999999999,19.20774296296302
N-LCO,0.6535175999999998,19.68614296296302
N-LCO,0.6538535999999999,18.84364296296302
N-LCO,0.6541895999999999,19.24804296296302
N-LCO,0.6545255999999998,19.335442962963022
N-LCO,0.6548615999999999,19.02134296296302
N-LCO,0.6551856,19.08754296296302
N-LCO,0.6555215999999998,19.23834296296302
N-LCO,0.6558575999999999,19.19894296296302
N-LCO,0.6561935999999999,19.07504296296302
N-LCO,0.6565295999999998,18.813642962963023
N-LCO,0.6568535999999999,18.805942962963023
N-LCO,0.6571895999999998,18.586942962963022
N-LCO,0.6575255999999998,18.83284296296302
N-LCO,0.6578615999999999,18.84634296296302
N-LCO,0.6581855999999998,18.66954296296302
N-LCO,0.6585215999999999,18.68294296296302
N-LCO,0.6588575999999999,18.865442962963023
N-LCO,0.6591935999999998,18.90004296296302
N-LCO,0.6595295999999998,18.75494296296302
N-LCO,0.6598535999999999,19.18044296296302
N-LCO,0.6601895999999998,18.70784296296302
N-LCO,0.6605255999999999,18.488742962963023
N-LCO,0.6608615999999999,18.554942962963022
N-LCO,0.6611975999999998,18.12454296296302
N-LCO,0.6615215999999999,18.87774296296302
N-LCO,0.6618576,18.521242962963022
N-LCO,0.6621935999999998,18.74604296296302
N-LCO,0.6625295999999999,18.706642962963024
N-LCO,0.6628535999999998,18.40304296296302
N-LCO,0.6631895999999998,18.73354296296302
N-LCO,0.6635255999999999,18.97944296296302
N-LCO,0.6638615999999998,18.55954296296302
N-LCO,0.6641975999999998,18.84774296296302
N-LCO,0.6645215999999999,18.64984296296302
N-LCO,0.6648575999999998,18.430742962963024
N-LCO,0.6651935999999999,18.51814296296302
N-LCO,0.6655295999999999,18.69004296296302
N-LCO,0.6658655999999998,18.75634296296302
N-LCO,0.6661895999999999,18.53724296296302
N-LCO,0.6665255999999999,18.49784296296302
N-LCO,0.6668615999999998,18.72254296296302
N-LCO,0.6671976,18.440142962963023
N-LCO,0.6675336,18.90794296296302
N-LCO,0.6678575999999998,19.27014296296302
N-LCO,0.6681935999999999,19.00874296296302
N-LCO,0.6685295999999998,19.06444296296302
N-LCO,0.6688655999999998,18.62344296296302
N-LCO,0.6691895999999999,18.99614296296302
N-LCO,0.6695255999999998,18.481242962963023
N-LCO,0.6698615999999998,18.68484296296302
N-LCO,0.6701976,19.015242962963022
N-LCO,0.6705335999999998,18.50034296296302
N-LCO,0.6708575999999999,18.12274296296302
N-LCO,0.6711936,18.506042962963022
N-LCO,0.6715295999999998,18.984442962963023
N-LCO,0.6718656,18.84984296296302
N-LCO,0.6722016,18.31374296296302
N-LCO,0.6725255999999998,18.67584296296302
N-LCO,0.6728616,18.24544296296302
N-LCO,0.6731976,18.216542962963022
N-LCO,0.6735335999999998,18.59984296296302
N-LCO,0.6738696,18.77174296296302
N-LCO,0.6741935999999998,18.552742962963023
N-LCO,0.6745295999999998,18.661242962963023
N-LCO,0.6748656,19.06564296296302
N-LCO,0.6752015999999998,19.01564296296302
N-LCO,0.6755375999999998,19.029042962963022
N-LCO,0.6758616,19.41234296296302
N-LCO,0.6761975999999998,19.39404296296302
N-LCO,0.6765335999999998,19.71394296296302
N-LCO,0.6768696,19.22004296296302
N-LCO,0.6771935999999998,19.254542962963022
N-LCO,0.6775296,19.447642962963023
N-LCO,0.6778656,19.281342962963024
N-LCO,0.6782015999999998,19.56954296296302
N-LCO,0.6785376,19.656942962963022
N-LCO,0.6788615999999998,19.94514296296302
N-LCO,0.6791975999999998,19.197642962963023
N-LCO,0.6795336,19.99304296296302
N-LCO,0.6798695999999997,19.82674296296302
N-LCO,0.6802055999999999,19.74504296296302
N-LCO,0.6805296,19.87474296296302
N-LCO,0.6808655999999998,19.67674296296302
N-LCO,0.6812015999999999,20.01774296296302
N-LCO,0.6815376,19.60844296296302
N-LCO,0.6818735999999999,19.57954296296302
N-LCO,0.6821976,19.68804296296302
N-LCO,0.6825336,19.627442962963023
N-LCO,0.6828695999999999,19.133642962963023
N-LCO,0.6832055999999999,19.590842962963023
N-LCO,0.6835295999999997,19.48794296296302
N-LCO,0.6838655999999999,19.61764296296302
N-LCO,0.6842016,19.44074296296302
N-LCO,0.6845375999999997,19.359042962963024
N-LCO,0.6848735999999999,19.17164296296302
N-LCO,0.6851976,19.32244296296302
N-LCO,0.6855335999999999,19.10334296296302
N-LCO,0.6858695999999999,19.60284296296302
N-LCO,0.6862056,19.246442962963023
N-LCO,0.6865415999999998,19.51344296296302
N-LCO,0.6868655999999999,19.505642962963023
N-LCO,0.6872016,19.79384296296302
N-LCO,0.6875375999999999,19.76494296296302
N-LCO,0.6878735999999999,19.725442962963022
N-LCO,0.6882096,19.07314296296302
N-LCO,0.6885335999999999,19.382342962963023
N-LCO,0.6888696,19.681142962963023
N-LCO,0.6892056,19.779042962963022
N-LCO,0.6895415999999999,19.72904296296302
N-LCO,0.6898775999999999,20.112242962963023
N-LCO,0.6902015999999997,19.61834296296302
N-LCO,0.6905375999999999,19.83254296296302
N-LCO,0.6908736,19.80364296296302
N-LCO,0.6912095999999998,19.30974296296302
N-LCO,0.6915455999999999,19.61904296296302
N-LCO,0.6918696,19.72754296296302
N-LCO,0.6922055999999999,19.814942962963023
N-LCO,0.6925415999999999,20.240442962963023
N-LCO,0.6928776,20.095342962963024
N-LCO,0.6932015999999999,20.33064296296302
N-LCO,0.6935375999999999,20.39684296296302
N-LCO,0.6938736,20.64272296296302
N-LCO,0.6942095999999999,19.979742962963023
N-LCO,0.6945455999999999,19.92974296296302
N-LCO,0.6948695999999998,20.23904296296302
N-LCO,0.6952055999999999,19.745142962963023
N-LCO,0.6955416,20.08614296296302
N-LCO,0.6958775999999998,20.162942962963022
N-LCO,0.6962135999999999,20.08114296296302
N-LCO,0.6965376,20.03114296296302
N-LCO,0.6968735999999998,19.833142962963024
N-LCO,0.6972095999999999,20.057842962963022
N-LCO,0.6975456,20.229742962963023
N-LCO,0.6978815999999998,19.78874296296302
N-LCO,0.6982055999999999,20.23534296296302
N-LCO,0.6985416,19.56184296296302
N-LCO,0.6988775999999999,20.103642962963022
N-LCO,0.6992135999999999,19.60974296296302
N-LCO,0.6995496,20.03524296296302
N-LCO,0.6998735999999999,19.56244296296302
N-LCO,0.7002095999999999,20.15704296296302
N-LCO,0.7005456,19.895642962963024
N-LCO,0.7008815999999999,19.53914296296302
N-LCO,0.7012175999999999,19.66884296296302
N-LCO,0.7015415999999998,20.04144296296302
N-LCO,0.7018775999999999,19.50534296296302
N-LCO,0.7022136,19.67724296296302
N-LCO,0.7025495999999998,19.690542962963022
N-LCO,0.7028855999999999,19.894142962963024
N-LCO,0.7032096,19.74904296296302
N-LCO,0.7035455999999998,19.98434296296302
N-LCO,0.7038815999999999,19.955342962963023
N-LCO,0.7042176,19.53544296296302
N-LCO,0.7045535999999998,19.93984296296302
N-LCO,0.7048775999999999,19.530442962963022
N-LCO,0.7052136,19.364142962963022
N-LCO,0.7055495999999999,19.557242962963024
N-LCO,0.7058855999999999,19.54944296296302
N-LCO,0.7062095999999998,19.753042962963022
N-LCO,0.7065455999999999,19.78744296296302
N-LCO,0.7068815999999999,20.14964296296302
N-LCO,0.7072175999999998,20.06784296296302
N-LCO,0.7075535999999999,20.00724296296302
N-LCO,0.7078776,20.15794296296302
N-LCO,0.7082135999999998,20.45665296296302
N-LCO,0.7085495999999999,20.02614296296302
N-LCO,0.7088856,20.11344296296302
N-LCO,0.7092215999999998,20.169142962963022
N-LCO,0.7095455999999999,19.71744296296302
N-LCO,0.7098816,20.290942962963022
N-LCO,0.7102175999999998,20.42054296296302
N-LCO,0.7105535999999999,20.064042962963022
N-LCO,0.7108896,20.00334296296302
N-LCO,0.7112135999999999,20.11184296296302
N-LCO,0.7115495999999999,19.59674296296302
N-LCO,0.7118856,19.98004296296302
N-LCO,0.7122215999999999,19.803142962963022
N-LCO,0.7125456,19.753042962963022
N-LCO,0.7128815999999998,19.67124296296302
N-LCO,0.7132175999999999,19.64234296296302
N-LCO,0.7135535999999999,19.79314296296302
N-LCO,0.7138895999999998,19.38374296296302
N-LCO,0.7142135999999999,19.70354296296302
N-LCO,0.7145496,19.664042962963023
N-LCO,0.7148855999999998,19.75144296296302
N-LCO,0.7152215999999999,19.743642962963023
N-LCO,0.7155576,19.98944296296302
N-LCO,0.7158815999999999,20.182442962963023
N-LCO,0.7162175999999999,20.47059296296302
N-LCO,0.7165536,20.557912962963023
N-LCO,0.7168895999999998,20.55010296296302
N-LCO,0.7172255999999999,20.74312296296302
N-LCO,0.7175495999999998,20.59793296296302
N-LCO,0.7178855999999999,20.981152962963023
N-LCO,0.7182215999999999,21.07903296296302
N-LCO,0.7185575999999998,21.30374296296302
N-LCO,0.7188935999999999,21.75035296296302
N-LCO,0.7192176,21.72143296296302
N-LCO,0.7195535999999998,21.808762962963023
N-LCO,0.7198895999999999,21.65301296296302
N-LCO,0.7202255999999999,21.66634296296302
N-LCO,0.7205615999999998,21.73251296296302
N-LCO,0.7208855999999999,21.65076296296302
N-LCO,0.7212216,21.41046296296302
N-LCO,0.7215575999999998,21.466062962963022
N-LCO,0.7218935999999999,21.29973296296302
N-LCO,0.7222175999999998,21.471592962963022
N-LCO,0.7225535999999999,21.64344296296302
N-LCO,0.7228895999999999,21.265762962963024
N-LCO,0.7232255999999998,21.49045296296302
N-LCO,0.7235615999999998,21.40867296296302
N-LCO,0.7238855999999999,21.052112962963022
N-LCO,0.7242215999999998,21.09714296296302
N-LCO,0.7245575999999999,20.96253296296302
N-LCO,0.7248935999999999,21.18722296296302
N-LCO,0.7252295999999998,20.73557296296302
N-LCO,0.7255535999999999,20.66438296296302
N-LCO,0.7258896,20.910192962963023
N-LCO,0.7262255999999998,20.77558296296302
N-LCO,0.7265615999999999,20.51414296296302
N-LCO,0.7268975999999999,20.95018296296302
N-LCO,0.7272215999999998,20.73103296296302
N-LCO,0.7275575999999999,20.74435296296302
N-LCO,0.7278936,20.87394296296302
N-LCO,0.7282295999999998,20.55965296296302
N-LCO,0.7285655999999999,20.76319296296302
N-LCO,0.7288895999999998,20.77651296296302
N-LCO,0.7292255999999999,20.83209296296302
N-LCO,0.7295615999999999,20.77144296296302
N-LCO,0.7298975999999998,20.83760296296302
N-LCO,0.7302215999999999,21.08341296296302
N-LCO,0.7305575999999999,20.92766296296302
N-LCO,0.7308935999999998,20.96211296296302
N-LCO,0.7312295999999999,20.89088296296302
N-LCO,0.7315655999999999,21.062722962963022
N-LCO,0.7318895999999998,20.98094296296302
N-LCO,0.7322255999999999,21.43811296296302
N-LCO,0.7325616,21.26120296296302
N-LCO,0.7328975999999998,21.760632962963022
N-LCO,0.7332335999999999,21.71054296296302
N-LCO,0.7335575999999998,21.60763296296302
N-LCO,0.7338935999999998,21.546962962963022
N-LCO,0.7342295999999999,21.58141296296302
N-LCO,0.7345655999999998,21.66869296296302
N-LCO,0.7348895999999999,21.608052962963022
N-LCO,0.7352255999999999,21.71647296296302
N-LCO,0.7355615999999998,21.88830296296302
N-LCO,0.7358975999999999,21.394362962963022
N-LCO,0.7362335999999999,21.75643296296302
N-LCO,0.7365575999999998,21.74862296296302
N-LCO,0.7368935999999999,21.80421296296302
N-LCO,0.7372295999999999,21.54278296296302
N-LCO,0.7375655999999998,21.65120296296302
N-LCO,0.7379015999999999,21.47429296296302
N-LCO,0.7382375999999999,22.04771296296302
N-LCO,0.7385615999999998,21.61716296296302
N-LCO,0.7388975999999999,21.68330296296302
N-LCO,0.7392336,21.91855296296302
N-LCO,0.7395695999999998,21.77335296296302
N-LCO,0.7399055999999999,21.744402962963022
N-LCO,0.7402295999999998,21.82113296296302
N-LCO,0.7405655999999998,21.55967296296302
N-LCO,0.7409015999999999,21.47787296296302
N-LCO,0.7412375999999998,21.70253296296302
N-LCO,0.7415735999999998,21.73698296296302
N-LCO,0.7418975999999999,21.75028296296302
N-LCO,0.7422335999999998,21.446552962963022
N-LCO,0.7425695999999999,21.544392962963023
N-LCO,0.7429055999999999,21.79019296296302
N-LCO,0.7432295999999998,21.60272296296302
N-LCO,0.7435655999999999,21.75341296296302
N-LCO,0.7439015999999999,21.62931296296302
N-LCO,0.7442375999999998,21.61091296296302
N-LCO,0.7445736,21.42341296296302
N-LCO,0.7448975999999998,21.92283296296302
N-LCO,0.7452335999999998,21.534562962963022
N-LCO,0.7455695999999999,21.66411296296302
N-LCO,0.7459055999999998,21.962752962963023
N-LCO,0.7462415999999998,22.06061296296302
N-LCO,0.7465655999999999,21.79913296296302
N-LCO,0.7469015999999998,21.812432962963022
N-LCO,0.7472375999999998,21.846862962963023
N-LCO,0.7475736,21.913012962963023
N-LCO,0.7479095999999998,22.04254296296302
N-LCO,0.7482335999999999,21.84449296296302
N-LCO,0.7485696,21.78381296296302
N-LCO,0.7489055999999998,21.48008296296302
N-LCO,0.7492416,21.81041296296302
N-LCO,0.7495776,22.19360296296302
N-LCO,0.7499015999999998,21.77361296296302
N-LCO,0.7502376,22.273032962963022
N-LCO,0.7505735999999998,22.42370296296302
N-LCO,0.7509095999999998,22.521522962963022
N-LCO,0.7512456,22.45027296296302
N-LCO,0.7515695999999998,22.41072296296302
N-LCO,0.7519055999999998,22.67763296296302
N-LCO,0.7522416,22.74377296296302
N-LCO,0.7525775999999998,22.450582962963022
N-LCO,0.7529016,22.60125296296302
N-LCO,0.7532376,22.59342296296302
N-LCO,0.7535735999999998,22.44820296296302
N-LCO,0.7539095999999998,22.48261296296302
N-LCO,0.7542456,22.29511296296302
N-LCO,0.7545695999999998,22.48805296296302
N-LCO,0.7549056,22.42735296296302
N-LCO,0.7552416,22.65201296296302
N-LCO,0.7555775999999998,22.855512962963022
N-LCO,0.7559136,22.63631296296302
N-LCO,0.7562375999999998,22.02608296296302
N-LCO,0.7565735999999998,22.52549296296302
N-LCO,0.7569096,22.094912962963022
N-LCO,0.7572455999999999,22.594332962963023
N-LCO,0.7575815999999999,22.375112962963023
N-LCO,0.7579056,22.483502962963023
N-LCO,0.7582415999999998,22.22201296296302
N-LCO,0.7585775999999999,22.393812962963022
N-LCO,0.7589136,22.618442962963023
N-LCO,0.7592375999999998,22.37810296296302
N-LCO,0.7595736,22.338532962963022
N-LCO,0.7599096,21.93966296296302
N-LCO,0.7602455999999999,22.20656296296302
N-LCO,0.7605815999999999,22.314942962963023
N-LCO,0.7609055999999998,22.23310296296302
N-LCO,0.7612415999999999,22.22525296296302
N-LCO,0.7615776,22.333652962963022
N-LCO,0.7619135999999997,22.45262296296302
N-LCO,0.7622495999999999,22.67726296296302
N-LCO,0.7625736,22.59544296296302
N-LCO,0.7629095999999999,22.47135296296302
N-LCO,0.7632455999999999,22.36838296296302
N-LCO,0.7635816,22.730412962963022
N-LCO,0.7639175999999999,22.62742296296302
N-LCO,0.7642415999999999,22.34479296296302
N-LCO,0.7645776,22.63284296296302
N-LCO,0.7649135999999999,22.43475296296302
N-LCO,0.7652495999999999,22.035892962963022
N-LCO,0.7655856,22.207672962963024
N-LCO,0.7659095999999999,22.45342296296302
N-LCO,0.7662456,21.82205296296302
N-LCO,0.7665816,22.13121296296302
N-LCO,0.7669175999999999,21.59494296296302
N-LCO,0.7672535999999999,22.231712962963023
N-LCO,0.7675775999999999,22.223852962963022
N-LCO,0.7679135999999999,22.00462296296302
N-LCO,0.7682496,22.19754296296302
N-LCO,0.7685855999999998,22.46442296296302
N-LCO,0.7689095999999999,22.64677296296302
N-LCO,0.7692456,22.46981296296302
N-LCO,0.7695815999999999,22.41966296296302
N-LCO,0.7699175999999999,22.70768296296302
N-LCO,0.7702536,22.21370296296302
N-LCO,0.7705775999999999,22.91387296296302
N-LCO,0.7709135999999999,22.610092962963023
N-LCO,0.7712496,22.50712296296302
N-LCO,0.7715855999999999,22.56267296296302
N-LCO,0.7719215999999999,22.71331296296302
N-LCO,0.7722455999999998,22.70544296296302
N-LCO,0.7725815999999999,22.697572962963022
N-LCO,0.7729176,23.08069296296302
N-LCO,0.7732535999999998,22.56557296296302
N-LCO,0.7735895999999999,22.91702296296302
N-LCO,0.7739136,22.708372962963022
N-LCO,0.7742495999999999,22.43628296296302
N-LCO,0.7745855999999999,22.756022962963023
N-LCO,0.7749216,22.83270296296302
N-LCO,0.7752575999999998,22.824832962963022
N-LCO,0.7755815999999999,22.859242962963023
N-LCO,0.7759176,22.02705296296302
N-LCO,0.7762535999999999,23.075962962963022
N-LCO,0.7765895999999999,22.13812296296302
N-LCO,0.7769256,22.61635296296302
N-LCO,0.7772495999999999,22.788122962963023
N-LCO,0.7775855999999999,22.156722962963023
N-LCO,0.7779215999999998,22.42360296296302
N-LCO,0.7782575999999999,22.23607296296302
N-LCO,0.7785935999999999,22.407842962963024
N-LCO,0.7789175999999998,21.50167296296302
N-LCO,0.7792535999999999,21.76857296296302
N-LCO,0.7795896,21.84522296296302
N-LCO,0.7799255999999998,21.953572962963023
N-LCO,0.7802615999999999,21.91399296296302
N-LCO,0.7805856,22.04351296296302
N-LCO,0.7809215999999998,21.803142962963022
N-LCO,0.7812575999999999,21.678992962963022
N-LCO,0.7815936,21.74507296296302
N-LCO,0.7819295999999998,22.12821296296302
N-LCO,0.7822535999999999,21.930112962963022
N-LCO,0.7825896,22.15471296296302
N-LCO,0.7829255999999999,22.42160296296302
N-LCO,0.7832615999999999,22.286892962963023
N-LCO,0.7835976,22.162742962963023
N-LCO,0.7839215999999999,22.40847296296302
N-LCO,0.7842575999999999,22.358302962963023
N-LCO,0.7845935999999998,22.508932962963023
N-LCO,0.7849295999999999,22.56445296296302
N-LCO,0.7852536,22.87359296296302
N-LCO,0.7855895999999998,22.31615296296302
N-LCO,0.7859255999999999,23.20654296296302
N-LCO,0.7862616,23.28319296296302
N-LCO,0.7865975999999998,23.116762962963023
N-LCO,0.7869215999999999,23.38365296296302
N-LCO,0.7872576,23.10098296296302
N-LCO,0.7875935999999998,23.38900296296302
N-LCO,0.7879295999999999,23.16973296296302
N-LCO,0.7882656,23.246372962963022
N-LCO,0.7885895999999999,23.101102962963022
N-LCO,0.7889255999999999,23.36796296296302
N-LCO,0.7892615999999998,23.51858296296302
N-LCO,0.7895975999999999,23.415562962963023
N-LCO,0.7899335999999999,23.22802296296302
N-LCO,0.7902575999999998,23.53717296296302
N-LCO,0.7905935999999999,23.18053296296302
N-LCO,0.7909295999999999,23.33117296296302
N-LCO,0.7912655999999998,23.28099296296302
N-LCO,0.7916015999999999,23.06171296296302
N-LCO,0.7919256,22.82131296296302
N-LCO,0.7922615999999998,23.10930296296302
N-LCO,0.7925975999999999,23.41843296296302
N-LCO,0.7929336,22.83987296296302
N-LCO,0.7932695999999998,23.44490296296302
N-LCO,0.7935935999999999,22.950862962963022
N-LCO,0.7939296,23.11205296296302
N-LCO,0.7942655999999998,23.20983296296302
N-LCO,0.7946015999999999,23.18077296296302
N-LCO,0.7949255999999998,23.056612962963023
N-LCO,0.7952615999999999,23.20721296296302
N-LCO,0.7955975999999999,23.516342962963023
N-LCO,0.7959335999999998,23.27595296296302
N-LCO,0.7962695999999999,23.405422962963023
N-LCO,0.7965936,23.556032962963023
N-LCO,0.7969295999999998,23.43186296296302
N-LCO,0.7972655999999999,23.63531296296302
N-LCO,0.7976015999999999,23.34208296296302
N-LCO,0.7979375999999998,23.74631296296302
N-LCO,0.7982615999999999,23.44250296296302
N-LCO,0.7985976,23.24436296296302
N-LCO,0.7989335999999998,23.511202962963022
N-LCO,0.7992695999999999,23.73578296296302
N-LCO,0.7996056,23.49536296296302
N-LCO,0.7999295999999999,23.89959296296302
N-LCO,0.8002655999999999,23.81771296296302
N-LCO,0.8006015999999998,24.13739296296302
N-LCO,0.8009375999999998,23.569392962963022
N-LCO,0.8012735999999999,23.910212962963023
N-LCO,0.8015975999999998,23.69093296296302
N-LCO,0.8019335999999999,23.788702962963022
N-LCO,0.8022695999999999,23.64339296296302
N-LCO,0.8026055999999998,23.70944296296302
N-LCO,0.8029295999999999,23.53245296296302
N-LCO,0.8032656,23.387142962963022
N-LCO,0.8036015999999998,24.06613296296302
N-LCO,0.8039375999999999,23.804562962963022
N-LCO,0.8042735999999999,23.93402296296302
N-LCO,0.8045975999999998,24.148022962963022
N-LCO,0.8049335999999999,24.05556296296302
N-LCO,0.8052696,24.01593296296302
N-LCO,0.8056055999999998,23.93403296296302
N-LCO,0.8059415999999999,24.317132962963022
N-LCO,0.8062655999999998,24.30919296296302
N-LCO,0.8066015999999999,24.280132962963023
N-LCO,0.8069375999999999,23.98686296296302
N-LCO,0.8072735999999998,23.77814296296302
N-LCO,0.8075975999999999,23.87589296296302
N-LCO,0.8079335999999999,24.23785296296302
N-LCO,0.8082695999999998,23.86004296296302
N-LCO,0.8086055999999999,24.10573296296302
N-LCO,0.8089415999999999,23.907572962963023
N-LCO,0.8092655999999998,24.153282962963022
N-LCO,0.8096015999999999,23.56412296296302
N-LCO,0.8099376,23.96835296296302
N-LCO,0.8102735999999998,24.235182962963023
N-LCO,0.8106095999999999,23.910212962963023
N-LCO,0.8109335999999998,24.08192296296302
N-LCO,0.8112695999999998,23.65126296296302
N-LCO,0.8116055999999999,23.94980296296302
N-LCO,0.8119415999999998,23.93130296296302
N-LCO,0.8122775999999998,23.85996296296302
N-LCO,0.8126015999999999,23.989412962963023
N-LCO,0.8129375999999998,23.74898296296302
N-LCO,0.8132735999999999,24.17433296296302
N-LCO,0.8136095999999999,24.050142962963022
N-LCO,0.8139335999999998,24.43321296296302
N-LCO,0.8142695999999999,24.23505296296302
N-LCO,0.8146055999999999,23.89950296296302
N-LCO,0.8149415999999998,24.12405296296302
N-LCO,0.8152775999999999,24.042152962963023
N-LCO,0.8156015999999998,23.87568296296302
N-LCO,0.8159375999999998,24.06853296296302
N-LCO,0.8162735999999999,24.56786296296302
N-LCO,0.8166095999999998,24.46480296296302
N-LCO,0.8169455999999998,24.43574296296302
N-LCO,0.8172695999999999,24.05792296296302
N-LCO,0.8176055999999998,24.52553296296302
N-LCO,0.8179415999999998,24.26395296296302
N-LCO,0.8182775999999999,24.43567296296302
N-LCO,0.8186135999999998,24.54397296296302
N-LCO,0.8189375999999999,24.123882962963023
N-LCO,0.8192735999999999,24.31671296296302
N-LCO,0.8196095999999998,24.308782962963022
N-LCO,0.8199455999999999,24.670712962963023
N-LCO,0.8202696,24.43028296296302
N-LCO,0.8206055999999998,24.25325296296302
N-LCO,0.8209415999999999,24.43551296296302
N-LCO,0.8212775999999999,24.121092962963022
N-LCO,0.8216135999999998,24.345662962963022
N-LCO,0.8219375999999999,24.30602296296302
N-LCO,0.8222735999999998,24.27692296296302
N-LCO,0.8226095999999998,24.05761296296302
N-LCO,0.8229455999999999,23.89113296296302
N-LCO,0.8232815999999998,23.94659296296302
N-LCO,0.8236055999999999,24.32966296296302
N-LCO,0.8239415999999999,24.131492962963023
N-LCO,0.8242775999999998,24.14468296296302
N-LCO,0.8246135999999998,24.41149296296302
N-LCO,0.8249496,24.59375296296302
N-LCO,0.8252735999999998,24.04683296296302
N-LCO,0.8256095999999999,24.313642962963023
N-LCO,0.8259456,24.580462962963022
N-LCO,0.8262815999999998,24.202632962963023
N-LCO,0.8266055999999999,24.56454296296302
N-LCO,0.8269415999999998,24.387522962963022
N-LCO,0.8272775999999998,24.337282962963023
N-LCO,0.8276136,24.55124296296302
N-LCO,0.8279495999999998,24.61726296296302
N-LCO,0.8282735999999998,24.41909296296302
N-LCO,0.8286096,24.685912962963023
N-LCO,0.8289455999999998,24.58284296296302
N-LCO,0.8292815999999998,24.69112296296302
N-LCO,0.8296176,24.70430296296302
N-LCO,0.8299415999999998,24.60122296296302
N-LCO,0.8302776,24.61440296296302
N-LCO,0.8306136,24.817792962963022
N-LCO,0.8309495999999998,24.91551296296302
N-LCO,0.8312855999999998,24.55880296296302
N-LCO,0.8316095999999998,24.82562296296302
N-LCO,0.8319455999999998,24.70141296296302
N-LCO,0.8322816,24.92592296296302
N-LCO,0.8326176,25.07648296296302
N-LCO,0.8329535999999998,24.81489296296302
N-LCO,0.8332776,24.98658296296302
N-LCO,0.8336135999999998,24.72499296296302
N-LCO,0.8339495999999998,25.34054296296302
N-LCO,0.8342856,24.90986296296302
N-LCO,0.8346215999999999,25.36688296296302
N-LCO,0.8349455999999998,25.34834296296302
N-LCO,0.8352816,25.10787296296302
N-LCO,0.8356175999999998,24.920262962963022
N-LCO,0.8359535999999999,25.02853296296302
N-LCO,0.8362776,25.200212962963022
N-LCO,0.8366135999999998,25.13941296296302
N-LCO,0.8369496,25.22655296296302
N-LCO,0.8372856,25.218592962963022
N-LCO,0.8376215999999999,25.485382962963023
N-LCO,0.8379456,25.81558296296302
N-LCO,0.8382815999999998,25.02558296296302
N-LCO,0.8386175999999999,25.546022962963022
N-LCO,0.8389536,25.326712962963022
N-LCO,0.8392895999999997,25.456102962963023
N-LCO,0.8396135999999998,25.53267296296302
N-LCO,0.8399496,25.24992296296302
N-LCO,0.8402855999999999,25.42162296296302
N-LCO,0.8406215999999999,25.212882962963022
N-LCO,0.8409576,25.44797296296302
N-LCO,0.8412815999999999,25.51396296296302
N-LCO,0.8416175999999999,25.474302962963023
N-LCO,0.8419536,24.91678296296302
N-LCO,0.8422895999999999,25.38435296296302
N-LCO,0.8426255999999999,25.608882962963023
N-LCO,0.8429495999999997,24.74490296296302
N-LCO,0.8432855999999999,25.22306296296302
N-LCO,0.8436216,25.119962962963022
N-LCO,0.8439575999999998,24.90062296296302
N-LCO,0.8442935999999999,25.24139296296302
N-LCO,0.8446176,24.926932962963022
N-LCO,0.8449535999999999,24.41170296296302
N-LCO,0.8452895999999999,25.06950296296302
N-LCO,0.8456256,24.73393296296302
N-LCO,0.8459615999999998,24.514572962963022
N-LCO,0.8462855999999999,24.506582962963023
N-LCO,0.8466216,24.40351296296302
N-LCO,0.8469575999999999,24.469512962963023
N-LCO,0.8472935999999999,24.292452962963022
N-LCO,0.8476296,24.65436296296302
N-LCO,0.8479535999999999,24.78377296296302
N-LCO,0.8482895999999999,24.58555296296302
N-LCO,0.8486256,24.65154296296302
N-LCO,0.8489615999999999,24.78093296296302
N-LCO,0.8492975999999999,25.248522962963023
N-LCO,0.8496215999999998,25.14545296296302
N-LCO,0.8499575999999999,25.232562962963023
N-LCO,0.8502936,25.56276296296302
N-LCO,0.8506295999999998,25.25887296296302
N-LCO,0.8509655999999999,25.17690296296302
N-LCO,0.8512896,25.46481296296302
N-LCO,0.8516255999999999,25.75272296296302
N-LCO,0.8519615999999999,25.70247296296302
N-LCO,0.8522976,25.948112962963023
N-LCO,0.8526335999999998,25.961252962963023
N-LCO,0.8529575999999999,25.92154296296302
N-LCO,0.8532936,25.96638296296302
N-LCO,0.8536295999999999,25.72590296296302
N-LCO,0.8539655999999999,26.13006296296302
N-LCO,0.8543016,26.02696296296302
N-LCO,0.8546255999999999,26.01896296296302
N-LCO,0.8549615999999999,26.602792962963022
N-LCO,0.8552975999999998,26.26718296296302
N-LCO,0.8556335999999999,26.058382962963023
N-LCO,0.8559576,26.230042962963022
N-LCO,0.8562935999999998,26.12694296296302
N-LCO,0.8566295999999999,26.43600296296302
N-LCO,0.8569656,26.216632962963022
N-LCO,0.8573015999999998,26.092382962963022
N-LCO,0.8576375999999999,25.92587296296302
N-LCO,0.8579616,26.33002296296302
N-LCO,0.8582975999999999,26.163512962963022
N-LCO,0.8586335999999999,26.19778296296302
N-LCO,0.8589696,25.81992296296302
N-LCO,0.8592935999999999,25.875312962963022
N-LCO,0.8596295999999999,25.613672962963022
N-LCO,0.8599656,25.80648296296302
N-LCO,0.8603015999999999,26.16834296296302
N-LCO,0.8606375999999999,25.94897296296302
N-LCO,0.8609615999999998,25.91983296296302
N-LCO,0.8612975999999999,25.79559296296302
N-LCO,0.8616335999999999,25.80872296296302
N-LCO,0.8619695999999998,25.58934296296302
N-LCO,0.8623055999999999,25.951222962963023
N-LCO,0.8626296,25.826962962963023
N-LCO,0.8629655999999998,25.49135296296302
N-LCO,0.8633015999999999,25.82151296296302
N-LCO,0.8636376,25.32739296296302
N-LCO,0.8639735999999998,25.668112962963022
N-LCO,0.8642975999999999,25.91375296296302
N-LCO,0.8646336,25.620412962963023
N-LCO,0.8649695999999999,25.84490296296302
N-LCO,0.8653055999999999,25.83690296296302
N-LCO,0.8656416,25.91343296296302
N-LCO,0.8659655999999999,25.84202296296302
N-LCO,0.8663015999999999,25.76003296296302
N-LCO,0.8666375999999998,26.005672962963022
N-LCO,0.8669735999999999,25.712312962963022
N-LCO,0.8673095999999999,25.52464296296302
N-LCO,0.8676336,25.53777296296302
N-LCO,0.8679696000000001,25.86795296296302
N-LCO,0.8683055999999998,26.050152962963022
N-LCO,0.8686415999999998,25.73566296296302
N-LCO,0.8689775999999999,26.29831296296302
N-LCO,0.8693016,26.05779296296302
N-LCO,0.8696376,25.81728296296302
N-LCO,0.8699735999999997,26.02062296296302
N-LCO,0.8703095999999998,25.78011296296302
N-LCO,0.8706335999999999,26.02571296296302
N-LCO,0.8709695999999999,26.12337296296302
N-LCO,0.8713056,26.168202962963022
N-LCO,0.8716416,26.51949296296302
N-LCO,0.8719775999999997,26.07817296296302
N-LCO,0.8723015999999998,26.598572962963022
N-LCO,0.8726375999999999,26.26293296296302
N-LCO,0.8729735999999999,26.202072962963022
N-LCO,0.8733096,26.33142296296302
N-LCO,0.8736456000000001,26.09092296296302
N-LCO,0.8739695999999998,26.220272962963023
N-LCO,0.8743055999999998,26.11713296296302
N-LCO,0.8746415999999999,26.73261296296302
N-LCO,0.8749775999999999,26.81969296296302
N-LCO,0.8753136,26.46294296296302
N-LCO,0.8756375999999997,26.402062962963022
N-LCO,0.8759735999999998,26.626532962963022
N-LCO,0.8763095999999998,26.70304296296302
N-LCO,0.8766455999999999,26.73728296296302
N-LCO,0.8769696,26.43334296296302
N-LCO,0.8773056000000001,26.372492962963022
N-LCO,0.8776415999999997,26.43843296296302
N-LCO,0.8779775999999998,26.47266296296302
N-LCO,0.8783135999999999,26.29556296296302
N-LCO,0.8786375999999999,26.224142962963022
N-LCO,0.8789736,26.57541296296302
N-LCO,0.8793096000000001,26.42999296296302
N-LCO,0.8796455999999997,26.210602962963023
N-LCO,0.8799815999999998,26.593602962963022
N-LCO,0.8803055999999999,26.17341296296302
N-LCO,0.8806416,26.48240296296302
N-LCO,0.8809776,26.14676296296302
N-LCO,0.8813135999999997,26.27611296296302
N-LCO,0.8816375999999998,26.28920296296302
N-LCO,0.8819735999999999,26.629922962963022
N-LCO,0.8823095999999999,26.526772962963022
N-LCO,0.8826456,26.46589296296302
N-LCO,0.8829816,26.76432296296302
N-LCO,0.8833055999999997,26.72457296296302
N-LCO,0.8836415999999998,26.906752962963022
N-LCO,0.8839775999999999,26.962112962963023
N-LCO,0.8843135999999999,26.93295296296302
N-LCO,0.8846496,27.08343296296302
N-LCO,0.8849735999999997,26.84289296296302
N-LCO,0.8853095999999998,27.36325296296302
N-LCO,0.8856455999999998,26.911352962963022
N-LCO,0.8859815999999999,27.35773296296302
N-LCO,0.8863056,27.77240296296302
N-LCO,0.8866416,27.479022962963022
N-LCO,0.8869775999999997,27.10112296296302
N-LCO,0.8873135999999998,27.48411296296302
N-LCO,0.8876495999999998,27.793102962963022
N-LCO,0.8879855999999999,27.58427296296302
N-LCO,0.8883096,27.48112296296302
N-LCO,0.8886456,27.282872962963022
N-LCO,0.8889815999999997,27.845482962963022
N-LCO,0.8893175999999998,27.21393296296302
N-LCO,0.8896415999999999,26.952252962963023
N-LCO,0.8899775999999999,26.98649296296302
N-LCO,0.8903136,27.64421296296302
N-LCO,0.8906495999999997,27.245162962963022
N-LCO,0.8909855999999997,26.79325296296302
N-LCO,0.8913095999999998,26.64782296296302
N-LCO,0.8916455999999999,26.81942296296302
N-LCO,0.8919815999999999,27.043862962963022
N-LCO,0.8923176,26.89844296296302
N-LCO,0.8926535999999997,26.67903296296302
N-LCO,0.8929775999999998,26.713242962963022
N-LCO,0.8933135999999998,26.45158296296302
N-LCO,0.8936495999999999,26.71829296296302
N-LCO,0.8939856,26.88991296296302
N-LCO,0.8943216,27.251732962963022
N-LCO,0.8946455999999997,26.85267296296302
N-LCO,0.8949815999999998,27.29903296296302
N-LCO,0.8953175999999999,27.15359296296302
N-LCO,0.8956535999999999,27.09271296296302
N-LCO,0.8959896,27.27488296296302
N-LCO,0.8963135999999997,27.28797296296302
N-LCO,0.8966495999999997,27.57583296296302
N-LCO,0.8969855999999998,27.430382962963023
N-LCO,0.8973215999999999,27.69708296296302
N-LCO,0.8976456,27.636192962963023
N-LCO,0.8979816,27.94516296296302
N-LCO,0.8983175999999997,27.873712962963022
N-LCO,0.8986535999999998,27.83395296296302
N-LCO,0.8989895999999998,27.64623296296302
N-LCO,0.8993135999999999,27.52193296296302
N-LCO,0.8996496,27.96829296296302
N-LCO,0.8999856,28.09760296296302
N-LCO,0.9003215999999997,27.56114296296302
N-LCO,0.9006575999999998,28.02864296296302
N-LCO,0.9009815999999999,28.17910296296302
N-LCO,0.9013175999999999,27.80115296296302
N-LCO,0.9016536,27.93047296296302
N-LCO,0.9019895999999997,28.059812962963022
N-LCO,0.9023255999999997,27.93548296296302
N-LCO,0.9026495999999998,27.94855296296302
N-LCO,0.9029855999999999,27.88766296296302
N-LCO,0.9033216,28.27063296296302
N-LCO,0.9036576000000001,27.96666296296302
N-LCO,0.9039935999999997,28.11712296296302
N-LCO,0.9043175999999998,27.82371296296302
N-LCO,0.9046535999999998,28.23836296296302
N-LCO,0.9049896,28.29369296296302
N-LCO,0.9053256,28.42300296296302
N-LCO,0.9056495999999997,28.29869296296302
N-LCO,0.9059855999999997,27.98416296296302
N-LCO,0.9063215999999998,28.05008296296302
N-LCO,0.9066575999999998,28.221682962963023
N-LCO,0.9069936,27.748622962963022
N-LCO,0.9073176000000001,27.94133296296302
N-LCO,0.9076535999999997,27.81700296296302
N-LCO,0.9079895999999997,28.08369296296302
N-LCO,0.9083255999999998,28.012232962963022
N-LCO,0.9086615999999998,27.99360296296302
N-LCO,0.9089856,27.784742962963023
N-LCO,0.9093216000000001,27.99858296296302
N-LCO,0.9096575999999997,27.83200296296302
N-LCO,0.9099935999999997,27.68656296296302
N-LCO,0.9103295999999999,27.97440296296302
N-LCO,0.9106536,27.89234296296302
N-LCO,0.9109896000000001,27.51438296296302
N-LCO,0.9113256000000001,27.56972296296302
N-LCO,0.9116615999999997,27.75187296296302
N-LCO,0.9119975999999999,27.786062962963022
N-LCO,0.9123215999999998,27.52435296296302
N-LCO,0.9126576,27.53742296296302
N-LCO,0.9129936000000001,27.14889296296302
N-LCO,0.9133295999999996,27.605792962963022
N-LCO,0.9136655999999997,27.83022296296302
N-LCO,0.9139895999999998,27.61080296296302
N-LCO,0.9143256,28.10999296296302
N-LCO,0.9146616,28.02793296296302
N-LCO,0.9149976000000001,28.06212296296302
N-LCO,0.9153335999999997,28.48733296296302
N-LCO,0.9156575999999998,28.384132962963022
N-LCO,0.9159935999999999,28.51343296296302
N-LCO,0.9163296,28.32571296296302
N-LCO,0.9166656,28.77205296296302
N-LCO,0.9170016000000001,28.57374296296302
N-LCO,0.9173255999999997,29.21031296296302
N-LCO,0.9176615999999999,28.83235296296302
N-LCO,0.9179975999999999,29.120152962963022
N-LCO,0.9183336,29.13322296296302
N-LCO,0.9186696,29.19910296296302
N-LCO,0.9189935999999997,29.275562962963022
N-LCO,0.9193295999999997,29.17235296296302
N-LCO,0.9196655999999999,29.766632962963023
N-LCO,0.9200015999999999,29.452082962963022
N-LCO,0.9203376,29.359462962963022
N-LCO,0.9206616000000001,29.29853296296302
N-LCO,0.9209975999999997,29.40670296296302
N-LCO,0.9213335999999998,29.53599296296302
N-LCO,0.9216695999999999,29.45391296296302
N-LCO,0.9219936,29.09708296296302
N-LCO,0.9223296,28.97275296296302
N-LCO,0.9226656000000001,29.21829296296302
N-LCO,0.9230015999999998,29.36872296296302
N-LCO,0.9233375999999998,29.17040296296302
N-LCO,0.9236615999999999,29.37367296296302
N-LCO,0.9239976,28.99569296296302
N-LCO,0.9243336000000001,29.18840296296302
N-LCO,0.9246695999999996,28.73645296296302
N-LCO,0.9250055999999998,29.00311296296302
N-LCO,0.9253295999999999,28.67799296296302
N-LCO,0.9256655999999999,29.19829296296302
N-LCO,0.9260016,28.99998296296302
N-LCO,0.9263376000000001,29.17153296296302
N-LCO,0.9266735999999997,29.004912962963022
N-LCO,0.9269975999999998,29.13419296296302
N-LCO,0.9273335999999999,28.566002962963022
N-LCO,0.9276696,28.88550296296302
N-LCO,0.9280056,28.61322296296302
N-LCO,0.9283416000000001,29.18637296296302
N-LCO,0.9286655999999998,28.776682962963022
N-LCO,0.9290015999999999,28.53609296296302
N-LCO,0.9293375999999999,29.130372962963023
N-LCO,0.9296736,28.88978296296302
N-LCO,0.9300096,28.606912962963023
N-LCO,0.9303335999999996,28.87359296296302
N-LCO,0.9306695999999998,28.88662296296302
N-LCO,0.9310055999999999,29.015882962963023
N-LCO,0.9313415999999999,29.028932962963022
N-LCO,0.9316776,28.96798296296302
N-LCO,0.9320016000000001,28.56888296296302
N-LCO,0.9323375999999998,29.08917296296302
N-LCO,0.9326735999999998,29.02821296296302
N-LCO,0.9330095999999999,29.231462962963022
N-LCO,0.9333336,29.17051296296302
N-LCO,0.9336696,29.06730296296302
N-LCO,0.9340056000000001,29.23884296296302
N-LCO,0.9343415999999998,28.913692962963022
N-LCO,0.9346775999999998,29.20149296296302
N-LCO,0.9350135999999999,28.98204296296302
N-LCO,0.9353376,28.60405296296302
N-LCO,0.9356736,28.79672296296302
N-LCO,0.9360095999999997,28.925992962963022
N-LCO,0.9363455999999998,28.991852962963023
N-LCO,0.9366695999999999,29.237362962963022
N-LCO,0.9370055999999999,28.996752962963022
N-LCO,0.9373416,29.03092296296302
N-LCO,0.9376776000000001,29.22359296296302
N-LCO,0.9380135999999997,28.824462962963022
N-LCO,0.9383375999999998,28.79520296296302
N-LCO,0.9386735999999999,29.146422962963022
N-LCO,0.9390095999999999,28.70500296296302
N-LCO,0.9393456,28.80257296296302
N-LCO,0.9396695999999997,28.69933296296302
N-LCO,0.9400055999999998,28.82861296296302
N-LCO,0.9403415999999998,29.07412296296302
N-LCO,0.9406775999999999,29.04486296296302
N-LCO,0.9410136,28.614042962963023
N-LCO,0.9413496,29.07092296296302
N-LCO,0.9416735999999997,28.52384296296302
N-LCO,0.9420095999999998,28.53685296296302
N-LCO,0.9423455999999999,28.64497296296302
N-LCO,0.9426815999999999,28.42551296296302
N-LCO,0.9430056,28.90353296296302
N-LCO,0.9433416000000001,28.48325296296302
N-LCO,0.9436775999999997,28.380002962963022
N-LCO,0.9440135999999998,28.572672962963022
N-LCO,0.9443495999999999,28.469432962963023
N-LCO,0.9446736,28.34508296296302
N-LCO,0.9450096,28.68569296296302
N-LCO,0.9453455999999997,28.44508296296302
N-LCO,0.9456815999999998,28.54265296296302
N-LCO,0.9460175999999998,28.767022962963022
N-LCO,0.9463415999999999,28.73775296296302
N-LCO,0.9466776,28.53942296296302
N-LCO,0.9470136,28.319942962963022
N-LCO,0.9473495999999997,28.74510296296302
N-LCO,0.9476855999999998,28.483332962963022
N-LCO,0.9480095999999999,28.68656296296302
N-LCO,0.9483455999999999,28.741852962963023
N-LCO,0.9486816,28.575202962963022
N-LCO,0.9490176,28.78902296296302
N-LCO,0.9493535999999997,28.992242962963022
N-LCO,0.9496775999999998,28.445142962963022
N-LCO,0.9500135999999999,28.76461296296302
N-LCO,0.9503495999999999,29.11578296296302
N-LCO,0.9506856,28.92801296296302
N-LCO,0.9510216000000001,29.28976296296302
N-LCO,0.9513455999999998,28.975162962963022
N-LCO,0.9516815999999998,29.67507296296302
N-LCO,0.9520175999999999,29.09627296296302
N-LCO,0.9523535999999999,29.65879296296302
N-LCO,0.9526776,29.25964296296302
N-LCO,0.9530135999999997,29.547412962963023
N-LCO,0.9533495999999998,29.28565296296302
N-LCO,0.9536855999999998,29.436022962963023
N-LCO,0.9540215999999999,29.54416296296302
N-LCO,0.9543456,29.36692296296302
N-LCO,0.9546816000000001,29.88718296296302
N-LCO,0.9550175999999997,30.13269296296302
N-LCO,0.9553535999999998,29.61728296296302
N-LCO,0.9556895999999999,29.53516296296302
N-LCO,0.9560135999999999,29.23111296296302
N-LCO,0.9563496,29.88875296296302
N-LCO,0.9566855999999997,29.806622962963022
N-LCO,0.9570215999999997,29.66110296296302
N-LCO,0.9573455999999998,30.043962962963022
N-LCO,0.9576815999999999,29.909002962963022
N-LCO,0.9580176,29.99597296296302
N-LCO,0.9583536,29.797602962963023
N-LCO,0.9586895999999997,29.81060296296302
N-LCO,0.9590135999999998,30.01381296296302
N-LCO,0.9593495999999999,30.06907296296302
N-LCO,0.9596855999999999,30.198332962963022
N-LCO,0.9600216,29.841432962963022
N-LCO,0.9603576,29.71704296296302
N-LCO,0.9606815999999997,30.025922962963023
N-LCO,0.9610175999999998,29.81701296296302
N-LCO,0.9613535999999999,29.829992962963022
N-LCO,0.9616895999999999,29.92753296296302
N-LCO,0.9620256,29.54950296296302
N-LCO,0.9623495999999997,30.00634296296302
N-LCO,0.9626855999999998,29.92423296296302
N-LCO,0.9630215999999998,29.525082962963022
N-LCO,0.9633575999999999,29.90794296296302
N-LCO,0.9636816,29.593312962963022
N-LCO,0.9640176,29.859932962963022
N-LCO,0.9643535999999997,29.32338296296302
N-LCO,0.9646895999999998,29.283542962963022
N-LCO,0.9650255999999998,29.48675296296302
N-LCO,0.9653495999999999,29.10872296296302
N-LCO,0.9656856,29.41760296296302
N-LCO,0.9660216,29.409462962963023
N-LCO,0.9663575999999997,29.38016296296302
N-LCO,0.9666935999999998,29.27689296296302
N-LCO,0.9670175999999999,29.15249296296302
N-LCO,0.9673535999999999,29.48252296296302
N-LCO,0.9676896,29.49550296296302
N-LCO,0.9680255999999997,29.13861296296302
N-LCO,0.9683615999999997,29.26784296296302
N-LCO,0.9686855999999998,29.692962962963023
N-LCO,0.9690215999999999,29.75879296296302
N-LCO,0.9693575999999999,29.44416296296302
N-LCO,0.9696936,29.478272962963022
N-LCO,0.9700295999999997,29.522942962963022
N-LCO,0.9703535999999998,29.55707296296302
N-LCO,0.9706895999999998,29.844802962963023
N-LCO,0.9710255999999999,29.60415296296302
N-LCO,0.9713616,29.40577296296302
N-LCO,0.9716976,29.556152962963022
N-LCO,0.9720215999999997,29.85446296296302
N-LCO,0.9723575999999998,29.465862962963023
N-LCO,0.9726935999999999,29.76416296296302
N-LCO,0.9730295999999999,29.639752962963023
N-LCO,0.9733536,29.44136296296302
N-LCO,0.9736895999999997,29.08446296296302
N-LCO,0.9740255999999997,29.583562962963022
N-LCO,0.9743615999999998,29.57540296296302
N-LCO,0.9746975999999999,29.60951296296302
N-LCO,0.9750216,29.56964296296302
N-LCO,0.9753576,29.51921296296302
N-LCO,0.9756935999999997,29.764672962963022
N-LCO,0.9760295999999998,29.54514296296302
N-LCO,0.9763655999999998,29.94912296296302
N-LCO,0.9766895999999999,29.571082962963022
N-LCO,0.9770256,29.46782296296302
N-LCO,0.9773616,29.38567296296302
N-LCO,0.9776975999999997,29.88476296296302
N-LCO,0.9780335999999998,29.68636296296302
N-LCO,0.9783575999999999,29.40344296296302
N-LCO,0.9786935999999999,29.25788296296302
N-LCO,0.9790296,29.133462962963023
N-LCO,0.9793655999999997,29.304942962963022
N-LCO,0.9797015999999997,28.46189296296302
N-LCO,0.9800255999999998,28.960982962963023
N-LCO,0.9803615999999999,28.973942962963022
N-LCO,0.9806976,29.124292962963022
N-LCO,0.9810336000000001,29.32747296296302
N-LCO,0.9813575999999997,28.991692962963022
N-LCO,0.9816935999999998,29.12089296296302
N-LCO,0.9820295999999998,29.29238296296302
N-LCO,0.9823656,29.44272296296302
N-LCO,0.9827016,29.25488296296302
N-LCO,0.9830255999999997,29.44750296296302
N-LCO,0.9833615999999997,29.64010296296302
N-LCO,0.9836975999999998,29.84328296296302
N-LCO,0.9840335999999998,29.97248296296302
N-LCO,0.9843575999999999,30.12281296296302
N-LCO,0.9846936000000001,30.15692296296302
N-LCO,0.9850295999999997,30.518612962963022
N-LCO,0.9853655999999997,30.29907296296302
N-LCO,0.9857015999999998,29.87873296296302
N-LCO,0.9860256,30.18758296296302
N-LCO,0.9863616,30.59155296296302
N-LCO,0.9866976000000001,30.39316296296302
N-LCO,0.9870335999999997,30.45897296296302
N-LCO,0.9873695999999997,30.30285296296302
N-LCO,0.9876935999999998,30.60113296296302
N-LCO,0.9880296,30.93111296296302
N-LCO,0.9883656000000001,30.45796296296302
N-LCO,0.9887016000000001,30.50261296296302
N-LCO,0.9890375999999997,30.536712962963023
N-LCO,0.9893615999999998,30.68704296296302
N-LCO,0.9896976,30.54146296296302
N-LCO,0.9900336,30.45932296296302
N-LCO,0.9903696000000001,30.74705296296302
N-LCO,0.9907055999999996,30.48522296296302
N-LCO,0.9910295999999997,30.88918296296302
N-LCO,0.9913655999999998,30.94440296296302
N-LCO,0.9917016,30.27042296296302
N-LCO,0.9920376,30.73780296296302
N-LCO,0.9923736000000001,30.47598296296302
N-LCO,0.9926975999999997,30.74256296296302
N-LCO,0.9930335999999998,30.575862962963022
N-LCO,0.9933695999999999,30.261192962963023
N-LCO,0.9937056,30.21074296296302
N-LCO,0.9940416,30.05460296296302
N-LCO,0.9943655999999996,29.93015296296302
N-LCO,0.9947015999999997,29.99595296296302
N-LCO,0.9950375999999999,30.125132962963022
N-LCO,0.9953735999999999,29.324352962963022
N-LCO,0.9956976,29.960802962963022
N-LCO,0.9960336000000001,30.36477296296302
N-LCO,0.9963695999999997,29.57456296296302
N-LCO,0.9967055999999997,29.51353296296302
N-LCO,0.9970415999999999,29.69554296296302
N-LCO,0.9973656,29.930412962963022
N-LCO,0.9977016,30.059612962963023
N-LCO,0.9980376000000001,29.87176296296302
N-LCO,0.9983735999999998,29.715602962963022
N-LCO,0.9987095999999998,29.78139296296302
N-LCO,0.9990335999999999,29.63580296296302
N-LCO,0.9993696,29.669882962963023
N-LCO,0.9997056,29.37636296296302
N-LCO,1.0000416,30.08677296296302
N-LCO,1.0003775999999998,29.888352962963022
N-LCO,1.0007015999999997,29.161542962963022
N-LCO,1.0010375999999999,29.713422962963023
N-LCO,1.0013736,29.557262962963023
N-LCO,1.0017096,29.84498296296302
N-LCO,1.0020455999999998,29.75223296296302
N-LCO,1.0023695999999997,29.73348296296302
N-LCO,1.0027055999999999,29.88381296296302
N-LCO,1.0030416,29.854482962963022
N-LCO,1.0033776,29.86741296296302
N-LCO,1.0037136,29.975452962963022
N-LCO,1.0040375999999998,29.77703296296302
N-LCO,1.0043735999999999,29.76883296296302
N-LCO,1.0047096,29.66552296296302
N-LCO,1.0050455999999999,29.75241296296302
N-LCO,1.0053816,30.06125296296302
N-LCO,1.0057055999999998,30.190432962963023
N-LCO,1.0060415999999996,30.18222296296302
N-LCO,1.0063775999999998,30.195142962963022
N-LCO,1.0067135999999999,30.15523296296302
N-LCO,1.0070496,29.94623296296302
N-LCO,1.0073736,30.18109296296302
N-LCO,1.0077095999999997,30.194012962963022
N-LCO,1.0080455999999998,30.090692962963022
N-LCO,1.0083815999999999,30.156462962963023
N-LCO,1.0087176,30.211662962963022
N-LCO,1.0090416,30.53105296296302
N-LCO,1.0093776,30.49113296296302
N-LCO,1.0097135999999998,30.831662962963023
N-LCO,1.0100495999999999,30.125962962963023
N-LCO,1.0103735999999999,30.55104296296302
N-LCO,1.0107096,30.65907296296302
N-LCO,1.0110456,30.629732962963022
N-LCO,1.0113815999999998,30.70605296296302
N-LCO,1.0117175999999997,30.993742962963022
N-LCO,1.0120415999999999,30.82700296296302
N-LCO,1.0123776,30.62857296296302
N-LCO,1.0127135999999999,31.40238296296302
N-LCO,1.0130496,30.791782962963023
N-LCO,1.0133855999999997,31.09004296296302
N-LCO,1.0137095999999999,30.87046296296302
N-LCO,1.0140455999999998,30.67202296296302
N-LCO,1.0143815999999999,31.075942962963023
N-LCO,1.0147176,30.83522296296302
N-LCO,1.0150536000000001,31.12292296296302
N-LCO,1.0153775999999997,31.23094296296302
N-LCO,1.0157135999999998,31.38124296296302
N-LCO,1.0160495999999999,30.93973296296302
N-LCO,1.0163856,31.01605296296302
N-LCO,1.0164504,30.986930962962983
Z-LCO,0.0,0.0
Z-LCO,0.0003288000000000224,0.21178242857139917
Z-LCO,0.0006528000000000134,0.09002242857139908
Z-LCO,0.0009887999999999763,0.13738242857139848
Z-LCO,0.0013247999999999394,0.6602724285713988
Z-LCO,0.001660800000000009,0.6442224285713989
Z-LCO,0.0019967999999999718,0.501342428571399
Z-LCO,0.0023207999999999627,0.24220242857139862
Z-LCO,0.0026568000000000325,0.5114724285713992
Z-LCO,0.0029927999999999956,0.41085242857139903
Z-LCO,0.003328799999999958,0.33138242857139844
Z-LCO,0.003652799999999949,-0.06512757142860082
Z-LCO,0.003988800000000019,0.024492428571399216
Z-LCO,0.004324799999999982,0.494562428571399
Z-LCO,0.004660799999999945,0.3939824285713991
Z-LCO,0.004996800000000015,-0.023657571428601365
Z-LCO,0.005320800000000006,0.10824242857139854
Z-LCO,0.005656799999999968,-0.045187571428601636
Z-LCO,0.005992800000000038,0.25578242857139877
Z-LCO,0.006328800000000001,0.15520242857139888
Z-LCO,0.006664799999999964,-0.15675757142860114
Z-LCO,0.006988799999999955,0.1336724285713986
Z-LCO,0.0073248000000000245,0.06478242857139893
Z-LCO,0.007660799999999988,-0.014677571428601155
Z-LCO,0.00799679999999995,0.1383724285713992
Z-LCO,0.00833280000000002,0.08005242857139905
Z-LCO,0.008656800000000011,0.4444424285713984
Z-LCO,0.008992799999999974,0.28043242857139905
Z-LCO,0.009328799999999937,0.31722242857139893
Z-LCO,0.009664800000000006,0.2906024285713986
Z-LCO,0.009988799999999997,0.9720424285713989
Z-LCO,0.01032479999999996,0.5227024285713986
Z-LCO,0.01066080000000003,0.44327242857139915
Z-LCO,0.010996799999999992,0.8288024285713984
Z-LCO,0.011332799999999955,0.5274324285713989
Z-LCO,0.011656799999999946,0.5431124285713986
Z-LCO,0.011992800000000017,0.8124024285713984
Z-LCO,0.01232879999999998,0.9654624285713984
Z-LCO,0.012664799999999943,0.6323824285713986
Z-LCO,0.013000800000000012,1.2081424285713989
Z-LCO,0.013324800000000003,1.192102428571399
Z-LCO,0.013660799999999966,0.837912428571399
Z-LCO,0.013996800000000035,1.2551624285713987
Z-LCO,0.014332799999999998,1.0806024285713987
Z-LCO,0.014668799999999961,1.3287824285713987
Z-LCO,0.014992799999999952,1.016852428571399
Z-LCO,0.015328800000000023,0.8528924285713986
Z-LCO,0.015664799999999986,0.8263024285713989
Z-LCO,0.016000799999999947,1.0427824285713987
Z-LCO,0.016336800000000016,0.9950524285713991
Z-LCO,0.016660800000000007,0.9790224285713984
Z-LCO,0.01699679999999997,0.793922428571399
Z-LCO,0.01733280000000004,0.4397124285713989
Z-LCO,0.017668800000000005,1.1000324285713985
Z-LCO,0.018004799999999967,0.9783224285713992
Z-LCO,0.018328799999999958,0.7403924285713988
Z-LCO,0.018664800000000027,0.11143242857139857
Z-LCO,0.01900079999999999,0.581532428571399
Z-LCO,0.019336799999999953,0.5337924285713989
Z-LCO,0.01967280000000002,0.7080124285713989
Z-LCO,0.019996800000000012,0.4489224285713984
Z-LCO,0.020332799999999977,0.1687024285713985
Z-LCO,0.02066879999999994,0.7128124285713984
Z-LCO,0.02100480000000001,0.2635024285713987
Z-LCO,0.021340799999999972,0.6279524285713984
Z-LCO,0.021664799999999963,0.23148242857139856
Z-LCO,0.022000800000000032,0.7227524285713987
Z-LCO,0.022336799999999997,0.21004242857139843
Z-LCO,0.022672799999999958,0.45821242857139843
Z-LCO,0.02299679999999995,0.41050242857139896
Z-LCO,0.023332800000000018,0.5318724285713987
Z-LCO,0.023668799999999983,-0.04425757142860132
Z-LCO,0.024004799999999944,0.5632524285713991
Z-LCO,0.024340800000000017,0.166812428571399
Z-LCO,0.024664800000000004,0.023982428571398984
Z-LCO,0.02500079999999997,0.610342428571399
Z-LCO,0.025336800000000038,0.5415124285713988
Z-LCO,0.025672800000000003,0.5994724285713984
Z-LCO,0.026008799999999964,1.0273424285713988
Z-LCO,0.026332799999999955,0.768282428571399
Z-LCO,0.026668800000000024,0.5092324285713987
Z-LCO,0.02700479999999999,0.8948024285713991
Z-LCO,0.02734079999999995,0.678002428571399
Z-LCO,0.02766479999999994,0.7888224285713985
Z-LCO,0.02800080000000001,0.529752428571399
Z-LCO,0.028336799999999975,1.137252428571399
Z-LCO,0.028672799999999936,1.1107024285713987
Z-LCO,0.029008800000000008,1.4962924285713988
Z-LCO,0.0293328,1.120992428571399
Z-LCO,0.02966879999999996,1.2001124285713987
Z-LCO,0.03000480000000003,0.8987824285713986
Z-LCO,0.030340799999999994,0.893352428571399
Z-LCO,0.030676799999999955,0.7188624285713985
Z-LCO,0.031000799999999946,1.0093624285713991
Z-LCO,0.03133680000000002,0.8031724285713988
Z-LCO,0.03167279999999998,1.1359324285713992
Z-LCO,0.03200879999999994,0.855742428571399
Z-LCO,0.032344800000000014,0.9560024285713986
Z-LCO,0.032668800000000005,0.8343524285713988
Z-LCO,0.033004799999999966,0.9029024285713989
Z-LCO,0.03334080000000004,0.8657724285713986
Z-LCO,0.0336768,0.8603624285713991
Z-LCO,0.03401279999999996,0.6224424285713992
Z-LCO,0.03433679999999995,0.7967024285713986
Z-LCO,0.034672800000000024,0.9815024285713987
Z-LCO,0.035008799999999986,1.134602428571399
Z-LCO,0.03534479999999995,1.012932428571399
Z-LCO,0.03568080000000002,1.0286824285713987
Z-LCO,0.03600480000000001,0.9492924285713986
Z-LCO,0.03634079999999997,0.5317524285713988
Z-LCO,0.036676800000000044,0.9384824285713984
Z-LCO,0.037012800000000005,0.8168324285713986
Z-LCO,0.03734879999999997,0.9910924285713989
Z-LCO,0.03767279999999996,0.5206924285713992
Z-LCO,0.03800880000000003,0.578692428571399
Z-LCO,0.03834479999999999,0.6684124285713988
Z-LCO,0.03868079999999995,0.7792524285713984
Z-LCO,0.039004799999999944,0.6787324285713989
Z-LCO,0.039340800000000016,0.41970242857139883
Z-LCO,0.03967679999999998,0.5939724285713988
Z-LCO,0.04001279999999994,0.4195024285713984
Z-LCO,0.04034880000000001,0.2344424285713984
Z-LCO,0.0406728,0.5038224285713984
Z-LCO,0.04100879999999996,-0.0828175714286008
Z-LCO,0.041344800000000036,0.4824724285713984
Z-LCO,0.0416808,0.33968242857139863
Z-LCO,0.04201679999999996,0.4928124285713986
Z-LCO,0.04234079999999995,0.32888242857139893
Z-LCO,0.04267680000000002,0.6193924285713992
Z-LCO,0.04301279999999998,0.011622428571398835
Z-LCO,0.043348799999999944,0.006222428571398986
Z-LCO,0.04368480000000002,0.5080924285713984
Z-LCO,0.04400880000000001,0.21736242857139842
Z-LCO,0.04434479999999997,0.6029824285713987
Z-LCO,0.04468080000000004,0.5764524285713986
Z-LCO,0.0450168,0.6133524285713987
Z-LCO,0.045340799999999994,0.7030724285713985
Z-LCO,0.045676799999999955,0.5497324285713985
Z-LCO,0.04601280000000003,1.0727524285713992
Z-LCO,0.04634879999999999,0.8877124285713984
Z-LCO,0.04668479999999995,0.8506224285713984
Z-LCO,0.04700879999999994,0.940342428571399
Z-LCO,0.04734480000000001,0.6601824285713986
Z-LCO,0.047680799999999975,0.9295624285713986
Z-LCO,0.048016799999999936,0.7762524285713992
Z-LCO,0.04835280000000001,0.7074524285713988
Z-LCO,0.0486768,1.1776324285713988
Z-LCO,0.04901279999999996,1.0771624285713992
Z-LCO,0.04934880000000003,1.2091524285713988
Z-LCO,0.049684799999999994,0.929012428571399
Z-LCO,0.050008799999999985,1.1455524285713992
Z-LCO,0.05034479999999995,1.3092624285713987
Z-LCO,0.05068080000000002,1.3884524285713988
Z-LCO,0.05101679999999998,1.1083124285713986
Z-LCO,0.05135279999999994,1.282582428571399
Z-LCO,0.051676800000000044,1.2032424285713987
Z-LCO,0.052012800000000005,1.451512428571399
Z-LCO,0.052348799999999966,1.1925124285713986
Z-LCO,0.05268480000000004,1.366782428571399
Z-LCO,0.0530208,1.1289124285713985
Z-LCO,0.05334479999999999,0.9861724285713986
Z-LCO,0.05368079999999995,1.3506924285713988
Z-LCO,0.054016800000000025,1.292482428571399
Z-LCO,0.05435280000000009,0.7798524285713988
Z-LCO,0.05468879999999995,0.933022428571399
Z-LCO,0.05501280000000005,0.6740224285713987
Z-LCO,0.0553487999999999,0.7532024285713987
Z-LCO,0.05568479999999997,0.7478524285713988
Z-LCO,0.056020800000000044,0.6473824285713992
Z-LCO,0.056344799999999924,0.9167824285713984
Z-LCO,0.056680799999999996,0.7529024285713986
Z-LCO,0.05701680000000006,0.6947224285713984
Z-LCO,0.05735279999999992,1.4079724285713988
Z-LCO,0.05768879999999999,1.349762428571399
Z-LCO,0.058012800000000087,1.1647524285713988
Z-LCO,0.058348799999999944,0.8952024285713991
Z-LCO,0.058684800000000016,1.1434624285713983
Z-LCO,0.05902080000000008,0.789372428571399
Z-LCO,0.05935679999999994,1.1539124285713989
Z-LCO,0.05968080000000004,0.9160824285713991
Z-LCO,0.0600167999999999,1.0481324285713987
Z-LCO,0.06035279999999996,0.9265324285713987
Z-LCO,0.060688800000000036,1.3333324285713988
Z-LCO,0.06102479999999989,1.2328624285713987
Z-LCO,0.06134879999999999,1.2698024285713987
Z-LCO,0.06168480000000006,1.3067524285713987
Z-LCO,0.06202079999999991,1.026632428571399
Z-LCO,0.06235679999999998,0.9050224285713986
Z-LCO,0.06269280000000005,0.7094624285713991
Z-LCO,0.06301679999999994,1.3065024285713989
Z-LCO,0.0633528,1.1637724285713986
Z-LCO,0.06368880000000007,1.126742428571399
Z-LCO,0.06402479999999994,1.0262924285713986
Z-LCO,0.0643608,1.0421124285713992
Z-LCO,0.06468479999999989,0.9945124285713991
Z-LCO,0.06502079999999996,0.820082428571399
Z-LCO,0.06535680000000002,0.6773524285713988
Z-LCO,0.06569279999999988,0.6720324285713986
Z-LCO,0.06602879999999996,1.0577224285713989
Z-LCO,0.06635280000000005,0.7247924285713987
Z-LCO,0.06668879999999991,0.6031924285713988
Z-LCO,0.06702479999999998,0.42879242857139843
Z-LCO,0.06736080000000004,0.6982424285713984
Z-LCO,0.0676967999999999,0.6295024285713984
Z-LCO,0.06802079999999999,0.6664524285713984
Z-LCO,0.06835680000000006,0.6611524285713992
Z-LCO,0.06869279999999993,0.6029724285713991
Z-LCO,0.06902879999999999,0.4179824285713991
Z-LCO,0.06936480000000006,0.35983242857139874
Z-LCO,0.06968879999999995,0.2593924285713989
Z-LCO,0.07002480000000001,0.803612428571399
Z-LCO,0.07036080000000008,0.4495424285713989
Z-LCO,0.07069679999999995,0.5393124285713986
Z-LCO,0.07103280000000001,0.618552428571399
Z-LCO,0.0713567999999999,0.5498424285713988
Z-LCO,0.07169279999999997,0.7241924285713992
Z-LCO,0.07202880000000003,0.6237724285713986
Z-LCO,0.0723647999999999,0.8932324285713991
Z-LCO,0.07270079999999997,0.5180524285713988
Z-LCO,0.07302480000000006,0.3013824285713991
Z-LCO,0.07336079999999992,0.4545824285713991
Z-LCO,0.07369679999999999,0.5232424285713986
Z-LCO,0.07403280000000005,-0.021027571428601455
Z-LCO,0.07436879999999992,0.2273024285713987
Z-LCO,0.0746928,0.3804924285713991
Z-LCO,0.07502880000000008,0.7239224285713988
Z-LCO,0.07536479999999994,0.6657624285713988
Z-LCO,0.0757008,0.3328324285713986
Z-LCO,0.07603680000000007,0.32754242857139904
Z-LCO,0.07636079999999996,0.6181224285713984
Z-LCO,0.07669680000000002,0.9826824285713984
Z-LCO,0.07703279999999989,0.6286324285713984
Z-LCO,0.07736879999999996,0.9192424285713985
Z-LCO,0.07769280000000005,0.8505224285713986
Z-LCO,0.07802879999999991,0.9086424285713992
Z-LCO,0.07836479999999998,0.9244624285713989
Z-LCO,0.07870080000000004,1.2679224285713988
Z-LCO,0.07903679999999991,1.3048724285713988
Z-LCO,0.0793608,1.2044524285713987
Z-LCO,0.07969680000000007,1.2836924285713986
Z-LCO,0.08003279999999993,1.1621624285713992
Z-LCO,0.0803688,1.0617424285713986
Z-LCO,0.08070480000000006,1.225512428571399
Z-LCO,0.08102879999999996,1.5161424285713987
Z-LCO,0.08136480000000001,1.5531024285713988
Z-LCO,0.08170080000000009,1.3787224285713986
Z-LCO,0.08203679999999995,1.510822428571399
Z-LCO,0.08237280000000001,1.1568024285713987
Z-LCO,0.0826967999999999,1.5742324285713987
Z-LCO,0.08303279999999998,1.790862428571399
Z-LCO,0.08336880000000003,1.574202428571399
Z-LCO,0.0837047999999999,1.251872428571399
Z-LCO,0.08404079999999997,1.468522428571399
Z-LCO,0.08436480000000006,1.2518624285713988
Z-LCO,0.08470079999999992,0.9506624285713992
Z-LCO,0.0850368,0.8502824285713988
Z-LCO,0.08537280000000005,1.193722428571399
Z-LCO,0.08570879999999992,0.903112428571399
Z-LCO,0.0860328,1.1725924285713987
Z-LCO,0.08636880000000008,0.776282428571399
Z-LCO,0.08670479999999994,0.9083924285713989
Z-LCO,0.0870408,0.8079924285713984
Z-LCO,0.0873647999999999,0.8027024285713988
Z-LCO,0.08770079999999997,0.7974324285713985
Z-LCO,0.08803680000000003,1.0880724285713992
Z-LCO,0.08837279999999989,0.5227024285713986
Z-LCO,0.08870879999999996,0.8873024285713988
Z-LCO,0.08903280000000005,0.628382428571399
Z-LCO,0.08936879999999991,0.5068724285713984
Z-LCO,0.08970479999999999,0.7446524285713991
Z-LCO,0.09004080000000005,0.9930224285713987
Z-LCO,0.09037679999999991,0.8503824285713986
Z-LCO,0.09071279999999998,0.9613724285713987
Z-LCO,0.09103680000000007,0.9983524285713985
Z-LCO,0.09137279999999993,1.2889724285713986
Z-LCO,0.09170880000000001,1.325972428571399
Z-LCO,0.09204480000000007,0.7183424285713986
Z-LCO,0.09236879999999996,0.8715824285713989
Z-LCO,0.09270480000000002,1.2361824285713987
Z-LCO,0.09304079999999988,1.051242428571399
Z-LCO,0.09337679999999995,1.426432428571399
Z-LCO,0.09371280000000001,1.3049424285713989
Z-LCO,0.0940367999999999,1.162282428571399
Z-LCO,0.09437279999999998,1.315522428571399
Z-LCO,0.09470880000000004,1.4053624285713986
Z-LCO,0.0950447999999999,1.326112428571399
Z-LCO,0.09538079999999997,1.3208624285713988
Z-LCO,0.09570480000000006,1.611492428571399
Z-LCO,0.09604079999999993,1.4160024285713986
Z-LCO,0.0963768,1.5692724285713986
Z-LCO,0.09671280000000006,1.246992428571399
Z-LCO,0.09704879999999992,1.516512428571399
Z-LCO,0.09737280000000001,1.1836424285713987
Z-LCO,0.09770880000000008,1.1255524285713987
Z-LCO,0.09804479999999995,1.4478924285713988
Z-LCO,0.0983808,1.2524024285713988
Z-LCO,0.09871680000000008,1.5007724285713988
Z-LCO,0.09904079999999997,1.8865424285713988
Z-LCO,0.09937680000000003,1.6065124285713988
Z-LCO,0.0997127999999999,1.337082428571399
Z-LCO,0.10004879999999997,1.1944324285713988
Z-LCO,0.10038480000000002,1.3265624285713988
Z-LCO,0.10070879999999992,1.2050524285713986
Z-LCO,0.10104479999999999,1.4534524285713988
Z-LCO,0.10138080000000005,1.955452428571399
Z-LCO,0.10171679999999991,1.273842428571399
Z-LCO,0.1020408,1.1312024285713989
Z-LCO,0.10237680000000007,1.495842428571399
Z-LCO,0.10271279999999994,1.0890124285713991
Z-LCO,0.10304880000000001,1.2000024285713984
Z-LCO,0.10338480000000007,1.427252428571399
Z-LCO,0.10370879999999996,1.1577924285713985
Z-LCO,0.10404480000000002,1.036322428571399
Z-LCO,0.10438079999999988,0.9359524285713992
Z-LCO,0.10471679999999996,1.237172428571399
Z-LCO,0.10505280000000002,1.1368424285713985
Z-LCO,0.10537679999999991,0.6666224285713991
Z-LCO,0.10571279999999998,0.8938624285713992
Z-LCO,0.10604880000000004,0.6772824285713988
Z-LCO,0.1063847999999999,0.8728324285713986
Z-LCO,0.10672079999999998,0.6562524285713991
Z-LCO,0.10704480000000006,1.137132428571399
Z-LCO,0.10738079999999993,0.9416624285713988
Z-LCO,0.1077168,0.7779024285713989
Z-LCO,0.10805280000000006,0.8149524285713987
Z-LCO,0.10838879999999992,0.8519724285713988
Z-LCO,0.10871280000000001,0.7833524285713986
Z-LCO,0.10904880000000008,0.7992524285713989
Z-LCO,0.10938479999999995,0.7834424285713988
Z-LCO,0.10972080000000002,0.9367224285713984
Z-LCO,0.11005680000000008,0.9526424285713988
Z-LCO,0.11038079999999997,0.9262724285713988
Z-LCO,0.11071680000000003,1.0795524285713984
Z-LCO,0.1110527999999999,0.5670624285713988
Z-LCO,0.11138879999999997,0.371602428571399
Z-LCO,0.11171280000000006,0.894782428571399
Z-LCO,0.11204879999999992,1.1009024285713984
Z-LCO,0.11238479999999999,1.1379424285713986
Z-LCO,0.11272080000000005,0.6465924285713989
Z-LCO,0.11305679999999992,0.7576024285713991
Z-LCO,0.1133808,0.9109124285713985
Z-LCO,0.11371680000000008,0.8739824285713986
Z-LCO,0.11405279999999994,1.217512428571399
Z-LCO,0.11438880000000001,0.8424024285713987
Z-LCO,0.11472480000000007,1.1330824285713987
Z-LCO,0.11504879999999996,1.0327624285713988
Z-LCO,0.11538480000000002,1.186052428571399
Z-LCO,0.11572079999999989,1.2019624285713988
Z-LCO,0.11605679999999996,0.848002428571399
Z-LCO,0.11638080000000005,0.8956224285713992
Z-LCO,0.11671679999999991,1.3237024285713987
Z-LCO,0.11705279999999998,1.6566824285713988
Z-LCO,0.11738880000000004,0.9117324285713986
Z-LCO,0.11772479999999991,1.1812724285713987
Z-LCO,0.11804880000000001,1.313432428571399
Z-LCO,0.11838480000000007,0.9383324285713988
Z-LCO,0.11872079999999993,1.2290224285713989
Z-LCO,0.1190568,1.2978024285713987
Z-LCO,0.11939280000000006,0.6373724285713989
Z-LCO,0.11971679999999996,1.0971424285713987
Z-LCO,0.12005280000000002,1.1553524285713985
Z-LCO,0.12038880000000009,0.9176624285713988
Z-LCO,0.12072479999999995,1.1660924285713987
Z-LCO,0.12106080000000002,1.002352428571399
Z-LCO,0.1213847999999999,1.2190824285713986
Z-LCO,0.12172079999999998,0.7277524285713985
Z-LCO,0.12205680000000003,0.9127624285713987
Z-LCO,0.1223927999999999,1.087232428571399
Z-LCO,0.12272879999999997,1.2405424285713988
Z-LCO,0.12305280000000006,0.9817024285713991
Z-LCO,0.12338879999999992,1.1138724285713986
Z-LCO,0.1237248,1.1509624285713986
Z-LCO,0.12406080000000005,1.4205224285713989
Z-LCO,0.12439679999999992,0.8340824285713984
Z-LCO,0.12472080000000002,1.1459124285713989
Z-LCO,0.12505680000000008,1.1195724285713986
Z-LCO,0.12539279999999994,1.5476524285713986
Z-LCO,0.1257288,1.4473324285713987
Z-LCO,0.12605279999999988,0.9348724285713992
Z-LCO,0.12638879999999997,1.1833324285713989
Z-LCO,0.12672480000000003,1.273232428571399
Z-LCO,0.1270607999999999,1.1517924285713992
Z-LCO,0.12739679999999995,1.3051224285713987
Z-LCO,0.12772080000000005,1.3210624285713988
Z-LCO,0.12805679999999992,1.125682428571399
Z-LCO,0.12839279999999997,1.321292428571399
Z-LCO,0.12872880000000006,1.178732428571399
Z-LCO,0.1290647999999999,1.0573124285713984
Z-LCO,0.1293888,0.9147324285713987
Z-LCO,0.12972480000000008,0.9095324285713984
Z-LCO,0.13006079999999992,1.0628724285713984
Z-LCO,0.1303968,0.8674724285713991
Z-LCO,0.13073280000000007,1.0208024285713986
Z-LCO,0.13105679999999995,1.2903724285713989
Z-LCO,0.13139280000000003,0.7990524285713985
Z-LCO,0.13172879999999987,1.1637424285713989
Z-LCO,0.13206479999999995,1.0634524285713987
Z-LCO,0.1324008,1.058282428571399
Z-LCO,0.1327247999999999,0.7994824285713991
Z-LCO,0.13306079999999998,1.1536124285713987
Z-LCO,0.13339680000000004,1.243532428571399
Z-LCO,0.1337327999999999,1.0269924285713987
Z-LCO,0.1340568,0.5568124285713987
Z-LCO,0.13439280000000006,0.7418824285713992
Z-LCO,0.13472879999999993,1.2333924285713986
Z-LCO,0.13506479999999998,1.0908524285713987
Z-LCO,0.13540080000000007,1.4027224285713986
Z-LCO,0.13572479999999995,1.1227824285713988
Z-LCO,0.1360608,1.3501224285713986
Z-LCO,0.1363968000000001,1.3449624285713986
Z-LCO,0.13673279999999993,1.2129924285713987
Z-LCO,0.13706880000000002,0.9541824285713991
Z-LCO,0.13740480000000008,1.2449124285713986
Z-LCO,0.13772879999999996,1.5673324285713988
Z-LCO,0.13806480000000004,1.2134124285713987
Z-LCO,0.13840079999999988,1.345622428571399
Z-LCO,0.13873679999999997,1.1079824285713986
Z-LCO,0.13906080000000007,1.2401924285713988
Z-LCO,0.1393967999999999,1.0659224285713984
Z-LCO,0.1397328,0.8811024285713991
Z-LCO,0.14006880000000005,1.0344724285713989
Z-LCO,0.1404047999999999,0.8813524285713985
Z-LCO,0.14072880000000001,1.013562428571399
Z-LCO,0.14106480000000007,0.9661424285713984
Z-LCO,0.14140079999999994,0.8235924285713985
Z-LCO,0.1417368,0.8395624285713987
Z-LCO,0.14207280000000008,1.0774624285713985
Z-LCO,0.14239679999999996,1.0300424285713987
Z-LCO,0.14273280000000002,1.2468224285713987
Z-LCO,0.14306879999999988,0.9246524285713988
Z-LCO,0.14340479999999994,1.2365224285713987
Z-LCO,0.14374080000000003,1.294792428571399
Z-LCO,0.1440647999999999,1.4270124285713988
Z-LCO,0.14440079999999997,1.3056224285713989
Z-LCO,0.14473680000000005,1.4590024285713987
Z-LCO,0.1450727999999999,1.3587524285713988
Z-LCO,0.14540879999999998,1.5860924285713986
Z-LCO,0.14573280000000008,1.4858224285713986
Z-LCO,0.14606879999999992,1.3644324285713987
Z-LCO,0.1464048,1.708012428571399
Z-LCO,0.14674080000000006,1.470362428571399
Z-LCO,0.14707679999999992,1.2538724285713987
Z-LCO,0.14740080000000003,1.5023424285713989
Z-LCO,0.14773680000000008,1.6980124285713987
Z-LCO,0.14807279999999995,1.2278624285713988
Z-LCO,0.1484088,1.1064624285713984
Z-LCO,0.1487448000000001,1.4923524285713987
Z-LCO,0.14906879999999997,1.3709524285713988
Z-LCO,0.14940480000000003,1.4292324285713986
Z-LCO,0.1497407999999999,1.3818124285713989
Z-LCO,0.15007679999999995,1.6514424285713987
Z-LCO,0.15041280000000004,1.276422428571399
Z-LCO,0.15073679999999992,1.292412428571399
Z-LCO,0.15107279999999998,0.8222724285713987
Z-LCO,0.15140880000000007,1.2715524285713986
Z-LCO,0.1517447999999999,1.424942428571399
Z-LCO,0.1520688,0.8702624285713991
Z-LCO,0.1524048000000001,1.5097624285713986
Z-LCO,0.15274079999999993,1.472932428571399
Z-LCO,0.1530768,1.0767824285713985
Z-LCO,0.15341280000000007,1.071652428571399
Z-LCO,0.15373679999999995,0.9925424285713991
Z-LCO,0.15407280000000004,1.431252428571399
Z-LCO,0.15440879999999987,0.8871724285713984
Z-LCO,0.15474479999999996,0.8608924285713986
Z-LCO,0.15508080000000002,1.2256324285713989
Z-LCO,0.1554047999999999,1.421282428571399
Z-LCO,0.15574079999999998,1.2999224285713988
Z-LCO,0.15607680000000004,1.495582428571399
Z-LCO,0.1564127999999999,1.2896724285713987
Z-LCO,0.15674879999999997,1.2316924285713986
Z-LCO,0.15707280000000007,1.2688524285713987
Z-LCO,0.15740879999999993,1.2848624285713988
Z-LCO,0.1577448,1.068372428571399
Z-LCO,0.15808080000000008,1.3697224285713987
Z-LCO,0.1584167999999999,1.4914124285713988
Z-LCO,0.15874080000000002,1.095282428571399
Z-LCO,0.15907679999999988,1.4811924285713989
Z-LCO,0.15941279999999994,0.8314424285713988
Z-LCO,0.15974880000000002,1.122212428571399
Z-LCO,0.16008480000000008,1.6666224285713986
Z-LCO,0.16040879999999996,1.4501324285713988
Z-LCO,0.16074480000000005,1.2653824285713986
Z-LCO,0.16108079999999989,1.0700524285713984
Z-LCO,0.16141679999999997,1.0226524285713987
Z-LCO,0.16175280000000003,1.1971824285713986
Z-LCO,0.1620767999999999,0.8221824285713986
Z-LCO,0.1624128,0.8170524285713991
Z-LCO,0.16274880000000005,0.5477324285713987
Z-LCO,0.16308479999999992,0.7011324285713991
Z-LCO,0.16340880000000002,0.6537324285713986
Z-LCO,0.16374480000000008,0.9234024285713991
Z-LCO,0.16408079999999994,0.8231724285713984
Z-LCO,0.1644168,0.8392124285713987
Z-LCO,0.1647528000000001,0.8763624285713991
Z-LCO,0.16507679999999997,0.966362428571399
Z-LCO,0.16541280000000003,1.0986424285713987
Z-LCO,0.1657487999999999,0.9244424285713988
Z-LCO,0.16608479999999995,0.5917224285713987
Z-LCO,0.16642080000000004,1.0304624285713988
Z-LCO,0.16674479999999992,1.046502428571399
Z-LCO,0.16708079999999997,0.808892428571399
Z-LCO,0.16741680000000006,0.8883224285713984
Z-LCO,0.1677527999999999,0.9255024285713986
Z-LCO,0.16808879999999998,0.9943724285713991
Z-LCO,0.16841280000000008,1.0738224285713986
Z-LCO,0.16874879999999992,0.9524624285713985
Z-LCO,0.1690848,1.3912124285713987
Z-LCO,0.16942080000000007,1.058492428571399
Z-LCO,0.16974479999999995,1.349282428571399
Z-LCO,0.17008080000000003,1.3864524285713986
Z-LCO,0.17041679999999987,1.3390624285713986
Z-LCO,0.17075279999999995,0.9640824285713991
Z-LCO,0.1710888,1.1597624285713986
Z-LCO,0.1714127999999999,0.9221924285713987
Z-LCO,0.17174879999999998,1.2658324285713989
Z-LCO,0.17208480000000004,1.1339124285713984
Z-LCO,0.1724207999999999,1.382432428571399
Z-LCO,0.17275679999999996,1.1659824285713984
Z-LCO,0.17308080000000006,1.1608924285713984
Z-LCO,0.17341679999999993,1.1980724285713986
Z-LCO,0.17375279999999999,1.3620824285713988
Z-LCO,0.17408880000000007,1.5154924285713989
Z-LCO,0.17441279999999995,1.0242724285713987
Z-LCO,0.1747488,1.2939424285713987
Z-LCO,0.1750848000000001,1.5847724285713989
Z-LCO,0.17542079999999993,1.3894524285713987
Z-LCO,0.17575680000000002,1.225842428571399
Z-LCO,0.1760807999999999,1.284152428571399
Z-LCO,0.17641679999999996,1.3953024285713989
Z-LCO,0.17675280000000004,1.337362428571399
Z-LCO,0.17708879999999988,1.3745424285713987
Z-LCO,0.17742479999999997,0.8410724285713984
Z-LCO,0.17774880000000007,1.2058624285713986
Z-LCO,0.1780847999999999,0.8943024285713985
Z-LCO,0.1784208,1.185132428571399
Z-LCO,0.17875680000000005,1.0215224285713989
Z-LCO,0.1790927999999999,1.2489524285713989
Z-LCO,0.17941680000000002,1.2861424285713987
Z-LCO,0.17975280000000007,1.0485624285713984
Z-LCO,0.18008879999999994,1.0646324285713984
Z-LCO,0.1804248,1.2180624285713986
Z-LCO,0.18074879999999988,1.2552524285713988
Z-LCO,0.18108479999999996,1.2713024285713987
Z-LCO,0.18142080000000002,1.308482428571399
Z-LCO,0.18175679999999989,1.187152428571399
Z-LCO,0.18209279999999994,1.2243424285713989
Z-LCO,0.18241680000000005,1.546892428571399
Z-LCO,0.1827527999999999,1.171952428571399
Z-LCO,0.18308879999999997,1.5050424285713988
Z-LCO,0.18342480000000005,1.066682428571399
Z-LCO,0.1837607999999999,1.6111324285713988
Z-LCO,0.1840848,1.2361724285713986
Z-LCO,0.18442080000000008,0.9669224285713991
Z-LCO,0.18475679999999992,1.4479724285713989
Z-LCO,0.1850928,1.421762428571399
Z-LCO,0.18542880000000006,1.4378424285713987
Z-LCO,0.18575279999999994,0.988932428571399
Z-LCO,0.18608880000000003,1.2797524285713986
Z-LCO,0.1864247999999999,1.295812428571399
Z-LCO,0.18676079999999995,1.6817524285713987
Z-LCO,0.18708480000000005,1.444192428571399
Z-LCO,0.1874207999999999,1.3440224285713986
Z-LCO,0.18775679999999997,1.412932428571399
Z-LCO,0.18809280000000003,1.4712924285713989
Z-LCO,0.1884287999999999,1.0223724285713987
Z-LCO,0.1887528,0.9750324285713985
Z-LCO,0.18908880000000006,1.170752428571399
Z-LCO,0.18942479999999992,0.9120624285713985
Z-LCO,0.18976079999999998,1.551642428571399
Z-LCO,0.19009680000000007,1.4514724285713987
Z-LCO,0.19042079999999995,1.4464024285713988
Z-LCO,0.1907568,1.5998524285713986
Z-LCO,0.1910928000000001,1.0347224285713992
Z-LCO,0.19142879999999993,1.1987524285713986
Z-LCO,0.1917648,1.1620124285713986
Z-LCO,0.1920887999999999,1.1569524285713984
Z-LCO,0.19242479999999995,1.4055324285713988
Z-LCO,0.19276080000000004,1.5167124285713989
Z-LCO,0.1930967999999999,1.0678224285713984
Z-LCO,0.19343279999999996,1.3586624285713986
Z-LCO,0.19375680000000006,1.1633824285713992
Z-LCO,0.1940927999999999,1.2111624285713987
Z-LCO,0.19442879999999998,1.0159024285713985
Z-LCO,0.19476480000000004,1.5181124285713987
Z-LCO,0.19508879999999992,1.8300824285713988
Z-LCO,0.1954248,1.2015224285713986
Z-LCO,0.19576080000000007,0.8477224285713989
Z-LCO,0.19609679999999993,1.0540224285713986
Z-LCO,0.1964328,0.8587524285713988
Z-LCO,0.19675679999999987,1.0333724285713988
Z-LCO,0.19709279999999996,1.1657024285713984
Z-LCO,0.19742880000000002,1.1395224285713992
Z-LCO,0.19776479999999988,0.8068824285713987
Z-LCO,0.19810079999999994,0.780692428571399
Z-LCO,0.19842480000000004,1.4202824285713986
Z-LCO,0.1987607999999999,1.3835524285713987
Z-LCO,0.19909679999999996,1.1671524285713986
Z-LCO,0.19943280000000005,1.1832424285713987
Z-LCO,0.19975679999999993,1.040802428571399
Z-LCO,0.2000928,0.993482428571399
Z-LCO,0.20042880000000007,1.0307324285713984
Z-LCO,0.2007647999999999,1.1630724285713985
Z-LCO,0.2011008,1.1263224285713989
Z-LCO,0.20142479999999988,1.2375324285713987
Z-LCO,0.20176079999999993,1.253642428571399
Z-LCO,0.20209680000000002,1.1323524285713988
Z-LCO,0.20243280000000008,0.9899224285713988
Z-LCO,0.20276879999999994,1.1434024285713988
Z-LCO,0.20309280000000005,1.3391524285713987
Z-LCO,0.20342879999999988,1.0593424285713988
Z-LCO,0.20376479999999997,1.3924824285713986
Z-LCO,0.20410080000000003,1.1866724285713985
Z-LCO,0.2044367999999999,1.2027624285713987
Z-LCO,0.2047608,1.1660224285713987
Z-LCO,0.20509680000000005,1.2349624285713987
Z-LCO,0.20543279999999992,0.7438024285713984
Z-LCO,0.20576879999999997,0.9607124285713988
Z-LCO,0.20609280000000008,0.892272428571399
Z-LCO,0.20642879999999994,1.1091624285713984
Z-LCO,0.2067648,0.6919824285713991
Z-LCO,0.20710080000000008,0.6869724285713987
Z-LCO,0.20743679999999992,0.6502324285713987
Z-LCO,0.20776080000000002,0.5289624285713987
Z-LCO,0.2080967999999999,0.8938124285713984
Z-LCO,0.20843279999999995,0.9310424285713985
Z-LCO,0.20876880000000003,0.5984324285713987
Z-LCO,0.2091047999999999,1.0795324285713992
Z-LCO,0.20942879999999997,0.884272428571399
Z-LCO,0.20976480000000006,0.9955124285713985
Z-LCO,0.2101007999999999,0.6417524285713991
Z-LCO,0.21043679999999998,1.0277324285713991
Z-LCO,0.21076080000000008,0.8325024285713987
Z-LCO,0.21109679999999992,1.2184924285713987
Z-LCO,0.2114328,1.1183524285713986
Z-LCO,0.21176880000000006,1.440942428571399
Z-LCO,0.21210479999999993,1.2034224285713986
Z-LCO,0.21242880000000003,1.314652428571399
Z-LCO,0.2127647999999999,1.8063424285713987
Z-LCO,0.21310079999999995,1.7379424285713987
Z-LCO,0.2134368,1.8174824285713989
Z-LCO,0.2137728000000001,1.9498424285713987
Z-LCO,0.21409679999999998,1.4587224285713987
Z-LCO,0.21443280000000003,1.6545024285713987
Z-LCO,0.2147687999999999,1.9242424285713988
Z-LCO,0.21510479999999996,2.2468324285713988
Z-LCO,0.21544080000000004,1.7979624285713989
Z-LCO,0.21576479999999992,2.395312428571399
Z-LCO,0.21610079999999998,2.083832428571399
Z-LCO,0.21643680000000007,1.8674824285713987
Z-LCO,0.2167727999999999,1.7462224285713988
Z-LCO,0.2170968,1.6778024285713986
Z-LCO,0.2174328000000001,2.010962428571399
Z-LCO,0.21776879999999993,2.101052428571399
Z-LCO,0.21810480000000002,1.694462428571399
Z-LCO,0.21844080000000007,1.6472024285713989
Z-LCO,0.21876479999999995,1.8218724285713987
Z-LCO,0.21910080000000004,1.9119724285713988
Z-LCO,0.2194367999999999,1.8541224285713986
Z-LCO,0.21977279999999996,1.7540024285713987
Z-LCO,0.22010880000000002,1.4002524285713989
Z-LCO,0.2204327999999999,1.701722428571399
Z-LCO,0.2207688,1.4853724285713987
Z-LCO,0.22110480000000005,1.9347924285713987
Z-LCO,0.2214407999999999,1.5387924285713988
Z-LCO,0.22177679999999997,1.280152428571399
Z-LCO,0.22210080000000007,1.1272024285713984
Z-LCO,0.22243679999999993,1.0588124285713985
Z-LCO,0.2227728,1.0221124285713987
Z-LCO,0.22310880000000008,1.112242428571399
Z-LCO,0.22344479999999992,1.4982724285713989
Z-LCO,0.22376880000000002,1.1022624285713984
Z-LCO,0.22410479999999988,0.6956824285713985
Z-LCO,0.22444079999999994,1.2930724285713988
Z-LCO,0.22477680000000003,1.192972428571399
Z-LCO,0.2251127999999999,1.346512428571399
Z-LCO,0.22543679999999996,1.2252724285713987
Z-LCO,0.22577280000000005,1.1463024285713992
Z-LCO,0.2261087999999999,0.9828024285713992
Z-LCO,0.22644479999999997,1.0412124285713986
Z-LCO,0.22676880000000008,1.1947424285713986
Z-LCO,0.2271047999999999,1.1474924285713985
Z-LCO,0.2274408,1.3432924285713987
Z-LCO,0.22777680000000006,1.1480724285713988
Z-LCO,0.22811279999999992,1.2593524285713986
Z-LCO,0.22843680000000002,1.1592724285713985
Z-LCO,0.22877280000000008,0.8372424285713986
Z-LCO,0.22910879999999995,0.8216824285713988
Z-LCO,0.2294448,1.2816824285713988
Z-LCO,0.2297808000000001,1.2449824285713986
Z-LCO,0.23010479999999997,0.9863724285713991
Z-LCO,0.23044080000000003,1.4675324285713987
Z-LCO,0.2307767999999999,1.4414224285713986
Z-LCO,0.23111279999999995,1.6795024285713986
Z-LCO,0.23144880000000004,1.3997724285713988
Z-LCO,0.23177279999999992,1.415922428571399
Z-LCO,0.23210879999999998,1.1044624285713986
Z-LCO,0.23244480000000006,1.268562428571399
Z-LCO,0.2327807999999999,1.4221124285713986
Z-LCO,0.23311679999999999,1.5756624285713987
Z-LCO,0.2334408000000001,1.496732428571399
Z-LCO,0.23377679999999992,1.555152428571399
Z-LCO,0.2341128,1.8249424285713989
Z-LCO,0.23444880000000007,1.6191924285713988
Z-LCO,0.23478479999999993,1.5613724285713988
Z-LCO,0.23510880000000003,1.8523024285713987
Z-LCO,0.2354447999999999,1.519702428571399
Z-LCO,0.23578079999999996,1.6098424285713988
Z-LCO,0.23611680000000002,1.6048824285713987
Z-LCO,0.2364407999999999,1.5259324285713989
Z-LCO,0.23677679999999998,1.5632524285713987
Z-LCO,0.23711280000000004,1.8330424285713987
Z-LCO,0.2374487999999999,1.5321624285713988
Z-LCO,0.23778479999999996,1.6857324285713986
Z-LCO,0.23810880000000006,1.860412428571399
Z-LCO,0.23844479999999993,1.5806724285713987
Z-LCO,0.2387808,1.8293224285713987
Z-LCO,0.23911680000000007,1.6764124285713988
Z-LCO,0.2394527999999999,1.5129124285713988
Z-LCO,0.2397768,1.8461424285713988
Z-LCO,0.24011279999999988,1.5241424285713987
Z-LCO,0.24044879999999993,1.8784724285713987
Z-LCO,0.24078480000000002,1.419102428571399
Z-LCO,0.24112080000000008,1.4986824285713989
Z-LCO,0.24144479999999996,1.3986024285713987
Z-LCO,0.24178080000000005,1.6261524285713986
Z-LCO,0.2421167999999999,1.5683524285713988
Z-LCO,0.24245279999999997,1.700762428571399
Z-LCO,0.24277680000000007,1.991702428571399
Z-LCO,0.2431127999999999,1.6168824285713987
Z-LCO,0.2434488,1.4745324285713988
Z-LCO,0.24378480000000005,1.416732428571399
Z-LCO,0.24412079999999992,1.601992428571399
Z-LCO,0.24444480000000002,2.104302428571399
Z-LCO,0.24478080000000008,1.1059624285713987
Z-LCO,0.24511679999999994,1.5131524285713986
Z-LCO,0.2454528,1.6878724285713989
Z-LCO,0.24578880000000008,1.217922428571399
Z-LCO,0.24611279999999996,1.4877324285713986
Z-LCO,0.24644880000000002,1.6624424285713988
Z-LCO,0.2467847999999999,1.3615824285713987
Z-LCO,0.24712079999999995,1.398902428571399
Z-LCO,0.24745680000000003,1.4890824285713986
Z-LCO,0.2477807999999999,1.6638024285713988
Z-LCO,0.24811679999999997,1.3735124285713987
Z-LCO,0.24845280000000006,1.6222124285713986
Z-LCO,0.24878879999999992,1.437612428571399
Z-LCO,0.24912479999999998,1.538352428571399
Z-LCO,0.24944880000000008,1.6919424285713989
Z-LCO,0.24978479999999992,1.6024424285713987
Z-LCO,0.2501208,1.7031724285713987
Z-LCO,0.2504568000000001,1.8884424285713988
Z-LCO,0.2507927999999999,1.8729224285713988
Z-LCO,0.25111680000000003,2.1955824285713987
Z-LCO,0.25145279999999987,1.8841824285713988
Z-LCO,0.2517887999999999,2.1751624285713986
Z-LCO,0.25212480000000004,2.127952428571399
Z-LCO,0.2524607999999999,2.0067724285713986
Z-LCO,0.2527848,2.022962428571399
Z-LCO,0.25312080000000003,2.0180324285713986
Z-LCO,0.2534567999999999,1.9602724285713986
Z-LCO,0.2537928,1.7651124285713986
Z-LCO,0.25412880000000004,2.0349324285713988
Z-LCO,0.2544527999999999,1.9348924285713989
Z-LCO,0.2547888,2.162442428571399
Z-LCO,0.25512480000000004,1.9989924285713987
Z-LCO,0.25546079999999993,1.7826824285713987
Z-LCO,0.25578480000000003,1.936262428571399
Z-LCO,0.2561208000000001,1.973612428571399
Z-LCO,0.25645679999999993,1.8101624285713989
Z-LCO,0.2567928,1.477612428571399
Z-LCO,0.2571288000000001,1.3564424285713987
Z-LCO,0.2574528,1.4888924285713987
Z-LCO,0.25778880000000004,1.3888324285713987
Z-LCO,0.2581247999999999,1.9334324285713986
Z-LCO,0.25846079999999994,1.9496324285713986
Z-LCO,0.25879680000000005,1.5008424285713988
Z-LCO,0.25912079999999993,1.4325224285713989
Z-LCO,0.2594568,1.6283824285713986
Z-LCO,0.25979280000000005,1.4860624285713988
Z-LCO,0.26012879999999994,1.2697924285713986
Z-LCO,0.2604528,1.5818924285713987
Z-LCO,0.2607888000000001,1.9045724285713987
Z-LCO,0.26112479999999993,1.455782428571399
Z-LCO,0.2614608,1.915862428571399
Z-LCO,0.26179680000000005,1.646732428571399
Z-LCO,0.26212079999999993,1.662942428571399
Z-LCO,0.26245680000000005,1.9116424285713989
Z-LCO,0.2627927999999999,1.536852428571399
Z-LCO,0.26312879999999994,2.197702428571399
Z-LCO,0.2634648,1.590412428571399
Z-LCO,0.26378879999999993,1.860272428571399
Z-LCO,0.2641248,1.4220624285713988
Z-LCO,0.26446080000000005,1.406562428571399
Z-LCO,0.2647967999999999,1.6552924285713986
Z-LCO,0.26513279999999995,1.5341124285713987
Z-LCO,0.26545680000000005,1.1804524285713986
Z-LCO,0.26579279999999994,1.7250624285713987
Z-LCO,0.2661288,1.4453724285713987
Z-LCO,0.26646480000000006,1.0917024285713985
Z-LCO,0.26678879999999994,1.5729324285713986
Z-LCO,0.2671248,1.198132428571399
Z-LCO,0.2674607999999999,1.256622428571399
Z-LCO,0.26779679999999995,1.272832428571399
Z-LCO,0.2681328,1.3841624285713987
Z-LCO,0.2684567999999999,1.0516624285713991
Z-LCO,0.26879279999999994,1.4166424285713988
Z-LCO,0.26912880000000006,1.2426324285713988
Z-LCO,0.2694647999999999,1.6287324285713987
Z-LCO,0.26980079999999995,1.3067724285713989
Z-LCO,0.27012480000000005,1.3441624285713987
Z-LCO,0.2704607999999999,1.3075424285713986
Z-LCO,0.2707968,1.3026224285713988
Z-LCO,0.27113280000000006,1.1814824285713987
Z-LCO,0.2714687999999999,1.387922428571399
Z-LCO,0.2717928,1.1716624285713984
Z-LCO,0.27212880000000006,1.3464224285713988
Z-LCO,0.27246479999999995,1.3415124285713986
Z-LCO,0.2728008,1.125242428571399
Z-LCO,0.2731247999999999,1.7649824285713986
Z-LCO,0.27346079999999995,0.9463324285713988
Z-LCO,0.2737968,1.078832428571399
Z-LCO,0.2741327999999999,1.0105324285713984
Z-LCO,0.27446879999999996,1.2275524285713986
Z-LCO,0.27479280000000006,1.6876424285713987
Z-LCO,0.2751287999999999,1.492532428571399
Z-LCO,0.27546479999999995,0.9803524285713987
Z-LCO,0.27580080000000007,1.3453224285713987
Z-LCO,0.2761367999999999,1.3826924285713988
Z-LCO,0.2764608,1.2615424285713988
Z-LCO,0.27679680000000007,1.277772428571399
Z-LCO,0.2771327999999999,1.3574124285713989
Z-LCO,0.2774688,1.7012724285713987
Z-LCO,0.2778048000000001,1.5272824285713988
Z-LCO,0.27812879999999995,1.5223824285713987
Z-LCO,0.2784648,1.4012324285713986
Z-LCO,0.2788007999999999,1.6922524285713987
Z-LCO,0.27913679999999996,1.4548524285713986
Z-LCO,0.2794728,1.2386224285713987
Z-LCO,0.2797967999999999,1.4873524285713988
Z-LCO,0.28013279999999996,1.2499624285713988
Z-LCO,0.2804688,1.424742428571399
Z-LCO,0.2808047999999999,1.6523424285713988
Z-LCO,0.2811288,1.203612428571399
Z-LCO,0.28146480000000007,1.177582428571399
Z-LCO,0.2818007999999999,1.468592428571399
Z-LCO,0.28213679999999997,1.368602428571399
Z-LCO,0.2824728000000001,1.4165724285713988
Z-LCO,0.28279679999999996,1.5913324285713988
Z-LCO,0.2831328,1.8083924285713988
Z-LCO,0.2834688000000001,1.5710024285713988
Z-LCO,0.2838047999999999,1.5027224285713987
Z-LCO,0.2841408,1.635222428571399
Z-LCO,0.2844647999999999,0.8166224285713986
Z-LCO,0.28480079999999997,1.5515124285713986
Z-LCO,0.2851368,1.102762428571399
Z-LCO,0.2854727999999999,1.414912428571399
Z-LCO,0.2858088,1.0718724285713987
Z-LCO,0.2861328000000001,1.1515324285713984
Z-LCO,0.2864687999999999,1.442572428571399
Z-LCO,0.28680479999999997,0.8353124285713989
Z-LCO,0.28714080000000003,0.8515524285713987
Z-LCO,0.2874767999999999,1.290522428571399
Z-LCO,0.2878008,1.000332428571399
Z-LCO,0.2881368000000001,1.1328224285713988
Z-LCO,0.2884727999999999,0.7369224285713987
Z-LCO,0.2888088,1.101942428571399
Z-LCO,0.2891448000000001,0.980812428571399
Z-LCO,0.28946879999999997,0.9970624285713985
Z-LCO,0.28980480000000003,1.4677324285713986
Z-LCO,0.29014079999999987,0.8605124285713988
Z-LCO,0.2904767999999999,1.1515224285713987
Z-LCO,0.29081280000000004,1.3580024285713987
Z-LCO,0.2911367999999999,0.8669924285713986
Z-LCO,0.2914728,1.2742924285713988
Z-LCO,0.29180880000000003,1.1954424285713987
Z-LCO,0.2921447999999999,1.4230524285713986
Z-LCO,0.2924688,1.2068224285713987
Z-LCO,0.2928048000000001,1.5190024285713988
Z-LCO,0.2931407999999999,1.3556324285713988
Z-LCO,0.2934768,1.6466524285713988
Z-LCO,0.29381280000000004,1.208492428571399
Z-LCO,0.2941367999999999,1.309302428571399
Z-LCO,0.29447280000000003,1.2832824285713986
Z-LCO,0.29480879999999987,1.0670524285713991
Z-LCO,0.29514479999999993,1.379242428571399
Z-LCO,0.2954808,0.7508624285713985
Z-LCO,0.2958047999999999,1.2109824285713988
Z-LCO,0.2961408,1.2483824285713987
Z-LCO,0.29647680000000004,1.4971624285713987
Z-LCO,0.2968127999999999,1.1646824285713988
Z-LCO,0.29714879999999994,0.715962428571399
Z-LCO,0.29747280000000004,1.493142428571399
Z-LCO,0.29780879999999993,1.4882724285713986
Z-LCO,0.2981448,1.3460224285713989
Z-LCO,0.29848080000000005,1.2671824285713988
Z-LCO,0.2988047999999999,1.3997124285713989
Z-LCO,0.2991408,1.4688424285713988
Z-LCO,0.2994768000000001,1.368872428571399
Z-LCO,0.29981279999999993,1.564792428571399
Z-LCO,0.3001488,1.3485824285713988
Z-LCO,0.3004727999999999,1.3014624285713987
Z-LCO,0.30080879999999993,1.5502224285713986
Z-LCO,0.30114480000000005,1.1226424285713987
Z-LCO,0.3014807999999999,1.0755124285713986
Z-LCO,0.30181679999999994,1.2291924285713987
Z-LCO,0.30214080000000004,1.3300124285713988
Z-LCO,0.30247679999999993,1.6950324285713987
Z-LCO,0.3028128,1.3414424285713986
Z-LCO,0.30314880000000005,1.706462428571399
Z-LCO,0.3034847999999999,1.5642324285713989
Z-LCO,0.3038088,1.6650724285713987
Z-LCO,0.30414480000000005,1.6813424285713987
Z-LCO,0.30448079999999994,1.5391324285713988
Z-LCO,0.3048168,1.2383624285713988
Z-LCO,0.30515280000000006,1.3180524285713986
Z-LCO,0.30547679999999994,1.2180824285713987
Z-LCO,0.3058128,1.392882428571399
Z-LCO,0.3061487999999999,0.9970124285713986
Z-LCO,0.30648479999999995,1.1507124285713992
Z-LCO,0.30680880000000005,1.5897024285713988
Z-LCO,0.3071447999999999,1.0458824285713986
Z-LCO,0.30748079999999994,0.6500424285713988
Z-LCO,0.30781680000000006,1.3532524285713987
Z-LCO,0.3081527999999999,0.7037724285713987
Z-LCO,0.3084768,0.8363124285713992
Z-LCO,0.30881280000000005,1.1484924285713989
Z-LCO,0.30914879999999995,0.7949024285713984
Z-LCO,0.3094848,0.8851924285713988
Z-LCO,0.30982080000000006,0.8274924285713992
Z-LCO,0.31014479999999994,0.8754824285713987
Z-LCO,0.3104808,0.7966624285713984
Z-LCO,0.31081680000000006,0.6227324285713989
Z-LCO,0.31115279999999995,1.008922428571399
Z-LCO,0.3114888,0.5707924285713988
Z-LCO,0.3118127999999999,0.7456024285713987
Z-LCO,0.31214879999999995,0.7830424285713988
Z-LCO,0.3124848,0.6408124285713992
Z-LCO,0.3128207999999999,0.9741524285713989
Z-LCO,0.3131448,0.6311324285713988
Z-LCO,0.31348080000000006,0.7108324285713987
Z-LCO,0.3138167999999999,0.8011224285713991
Z-LCO,0.31415279999999995,0.7645724285713991
Z-LCO,0.31448880000000007,0.7386224285713991
Z-LCO,0.31481279999999995,1.1459624285713987
Z-LCO,0.3151488,1.2785024285713988
Z-LCO,0.31548480000000007,0.9671924285713986
Z-LCO,0.31582079999999996,0.846102428571399
Z-LCO,0.3161568,1.190012428571399
Z-LCO,0.3164807999999999,1.1534824285713992
Z-LCO,0.31681679999999995,1.064102428571399
Z-LCO,0.3171528,1.1226724285713985
Z-LCO,0.3174887999999999,1.297492428571399
Z-LCO,0.31782479999999996,1.2187024285713988
Z-LCO,0.31814880000000006,1.446362428571399
Z-LCO,0.3184847999999999,1.209042428571399
Z-LCO,0.31882079999999996,1.0456724285713985
Z-LCO,0.3191568,1.0302824285713985
Z-LCO,0.3194927999999999,1.6701124285713989
Z-LCO,0.3198168,1.2742924285713988
Z-LCO,0.32015280000000007,1.501952428571399
Z-LCO,0.3204887999999999,0.8419124285713986
Z-LCO,0.32082479999999997,1.4605824285713989
Z-LCO,0.3211487999999999,1.751682428571399
Z-LCO,0.32148479999999996,1.630602428571399
Z-LCO,0.3218208,1.488392428571399
Z-LCO,0.3221568000000001,1.3250624285713988
Z-LCO,0.32249279999999997,1.4787524285713989
Z-LCO,0.3228168,1.104052428571399
Z-LCO,0.3231527999999999,1.226042428571399
Z-LCO,0.32348879999999997,1.5276724285713987
Z-LCO,0.3238248,1.0790324285713986
Z-LCO,0.3241607999999999,1.465212428571399
Z-LCO,0.32448479999999996,1.3441624285713987
Z-LCO,0.3248208000000001,0.9905924285713992
Z-LCO,0.3251567999999999,0.8695224285713987
Z-LCO,0.32549279999999997,1.1817624285713988
Z-LCO,0.32582880000000003,1.1346624285713984
Z-LCO,0.32615279999999996,0.9184824285713988
Z-LCO,0.3264888,1.188422428571399
Z-LCO,0.3268248000000001,1.2258824285713987
Z-LCO,0.3271607999999999,0.8723124285713988
Z-LCO,0.3274848,1.1633924285713988
Z-LCO,0.3278207999999999,1.3488024285713989
Z-LCO,0.32815679999999997,1.3651324285713988
Z-LCO,0.32849280000000003,1.2863424285713987
Z-LCO,0.32882879999999987,1.0490324285713992
Z-LCO,0.32915279999999997,1.0442324285713989
Z-LCO,0.3294888,1.1451024285713984
Z-LCO,0.3298247999999999,1.235412428571399
Z-LCO,0.3301608,1.114352428571399
Z-LCO,0.33049680000000003,0.8981824285713991
Z-LCO,0.3308207999999999,1.2843924285713988
Z-LCO,0.3311568,0.7511824285713988
Z-LCO,0.3314928000000001,1.126812428571399
Z-LCO,0.3318287999999999,0.9846124285713991
Z-LCO,0.3321648,0.8847124285713992
Z-LCO,0.33248879999999986,1.0384224285713985
Z-LCO,0.3328247999999999,0.8539524285713984
Z-LCO,0.33316080000000003,0.9548224285713989
Z-LCO,0.33349679999999987,1.0873924285713992
Z-LCO,0.3338208,1.4101924285713987
Z-LCO,0.33415680000000003,1.1940124285713987
Z-LCO,0.3344927999999999,1.347732428571399
Z-LCO,0.3348288,1.1315624285713985
Z-LCO,0.33516480000000004,1.2430224285713987
Z-LCO,0.3354887999999999,1.417892428571399
Z-LCO,0.3358248,1.4553624285713989
Z-LCO,0.33616080000000004,1.355452428571399
Z-LCO,0.33649679999999993,1.0124824285713991
Z-LCO,0.3368328,1.0922124285713988
Z-LCO,0.3371568000000001,1.2987724285713989
Z-LCO,0.3374927999999999,1.4736224285713986
Z-LCO,0.3378288,0.961552428571399
Z-LCO,0.3381648000000001,0.7242724285713988
Z-LCO,0.33850079999999994,1.2901424285713987
Z-LCO,0.33882480000000004,0.7992124285713986
Z-LCO,0.3391607999999999,0.8578424285713986
Z-LCO,0.33949679999999993,0.8530424285713991
Z-LCO,0.33983280000000005,0.774262428571399
Z-LCO,0.3401567999999999,0.5898024285713985
Z-LCO,0.3404928,0.8069524285713987
Z-LCO,0.34082880000000004,0.7810224285713989
Z-LCO,0.34116479999999993,0.5014524285713984
Z-LCO,0.3415008,0.3487024285713991
Z-LCO,0.3418248000000001,0.5341324285713984
Z-LCO,0.34216079999999993,0.5715924285713987
Z-LCO,0.3424968,0.7993124285713984
Z-LCO,0.34283280000000005,0.6465624285713991
Z-LCO,0.34316879999999994,0.599502428571399
Z-LCO,0.34349280000000004,0.9117624285713992
Z-LCO,0.3438287999999999,1.1606024285713987
Z-LCO,0.34416479999999994,1.1558024285713984
Z-LCO,0.3445008,1.2355524285713986
Z-LCO,0.3448367999999999,1.3470324285713988
Z-LCO,0.3451608,1.247132428571399
Z-LCO,0.34549680000000005,1.200082428571399
Z-LCO,0.3458327999999999,1.2798424285713987
Z-LCO,0.34616879999999994,1.3173124285713986
Z-LCO,0.34649280000000005,1.587292428571399
Z-LCO,0.34682879999999994,0.9590124285713983
Z-LCO,0.3471648,1.4403524285713987
Z-LCO,0.34750080000000005,1.2453324285713987
Z-LCO,0.34783679999999995,1.842922428571399
Z-LCO,0.3481608,1.3942824285713988
Z-LCO,0.3484967999999999,1.2732524285713986
Z-LCO,0.34883279999999994,1.754592428571399
Z-LCO,0.3491688,1.696972428571399
Z-LCO,0.34950480000000006,1.7873124285713988
Z-LCO,0.34982879999999994,1.7508224285713987
Z-LCO,0.35016480000000005,2.2321624285713986
Z-LCO,0.3505007999999999,1.8575024285713986
Z-LCO,0.35083679999999995,1.6413624285713988
Z-LCO,0.35116080000000005,1.636572428571399
Z-LCO,0.35149679999999994,1.8326024285713989
Z-LCO,0.3518328,1.6693024285713989
Z-LCO,0.35216880000000006,1.6116724285713988
Z-LCO,0.3525047999999999,1.7231724285713987
Z-LCO,0.35284079999999995,1.8980624285713987
Z-LCO,0.35316480000000006,1.4282924285713987
Z-LCO,0.35350079999999995,1.4446424285713988
Z-LCO,0.3538368,1.3553424285713986
Z-LCO,0.35417280000000007,1.6887424285713988
Z-LCO,0.35449679999999995,1.388062428571399
Z-LCO,0.3548328,1.4467124285713986
Z-LCO,0.3551687999999999,1.114352428571399
Z-LCO,0.35550479999999995,1.3632024285713986
Z-LCO,0.3558408,1.2421724285713989
Z-LCO,0.3561647999999999,1.068322428571399
Z-LCO,0.35650079999999995,1.0001324285713986
Z-LCO,0.35683680000000007,1.2912524285713989
Z-LCO,0.3571727999999999,1.2865024285713988
Z-LCO,0.35750879999999996,1.5776524285713989
Z-LCO,0.35783280000000006,1.298112428571399
Z-LCO,0.35816879999999995,1.3144724285713987
Z-LCO,0.3585048,1.0455124285713984
Z-LCO,0.35884080000000007,0.6497424285713986
Z-LCO,0.3591767999999999,1.0571124285713989
Z-LCO,0.3595008,1.010072428571399
Z-LCO,0.3598367999999999,1.2800624285713988
Z-LCO,0.36017279999999996,1.1062024285713985
Z-LCO,0.3605088,1.0803224285713986
Z-LCO,0.3608327999999999,1.0966924285713988
Z-LCO,0.36116879999999996,1.229302428571399
Z-LCO,0.3615048,1.192832428571399
Z-LCO,0.3618407999999999,1.5790724285713988
Z-LCO,0.36217679999999997,1.1621824285713984
Z-LCO,0.36250080000000007,1.3159524285713986
Z-LCO,0.3628367999999999,1.099852428571399
Z-LCO,0.36317279999999996,1.4649624285713987
Z-LCO,0.3635088000000001,0.8155524285713991
Z-LCO,0.3638447999999999,1.2863624285713988
Z-LCO,0.3641688,1.207622428571399
Z-LCO,0.3645048000000001,0.8858224285713989
Z-LCO,0.36484079999999997,0.8070724285713986
Z-LCO,0.3651768,1.2884324285713986
Z-LCO,0.3655128000000001,1.2097024285713989
Z-LCO,0.36583679999999996,0.6976824285713992
Z-LCO,0.3661728,1.2424724285713986
Z-LCO,0.3665087999999999,0.8889824285713992
Z-LCO,0.36684479999999997,1.0004824285713987
Z-LCO,0.36718080000000003,1.355042428571399
Z-LCO,0.3675047999999999,1.212902428571399
Z-LCO,0.36784079999999997,1.2081424285713989
Z-LCO,0.3681768,0.9708824285713984
Z-LCO,0.3685127999999999,1.2409124285713986
Z-LCO,0.3688488,1.2784624285713986
Z-LCO,0.3691728000000001,0.9989324285713987
Z-LCO,0.3695087999999999,0.8251224285713992
Z-LCO,0.3698448,0.9577624285713986
Z-LCO,0.3701808000000001,1.2066424285713988
Z-LCO,0.3705167999999999,0.874302428571399
Z-LCO,0.3708408,0.9223824285713986
Z-LCO,0.37117679999999986,1.1606924285713989
Z-LCO,0.3715128,1.1347924285713988
Z-LCO,0.37184880000000003,1.1934524285713985
Z-LCO,0.3721727999999999,1.2415624285713989
Z-LCO,0.3725088,0.9726124285713986
Z-LCO,0.37284480000000003,0.809362428571399
Z-LCO,0.3731807999999999,0.8257424285713988
Z-LCO,0.3735168,0.8632624285713986
Z-LCO,0.3738408000000001,0.879672428571399
Z-LCO,0.3741767999999999,1.202522428571399
Z-LCO,0.3745128,0.8913024285713984
Z-LCO,0.37484880000000004,0.6329224285713986
Z-LCO,0.37518479999999993,1.2199724285713986
Z-LCO,0.37550880000000003,0.845372428571399
Z-LCO,0.37584479999999987,1.0731224285713985
Z-LCO,0.3761807999999999,0.761922428571399
Z-LCO,0.3765168,1.1693324285713986
Z-LCO,0.3768528000000001,1.2597124285713988
Z-LCO,0.3771768,1.1387224285713984
Z-LCO,0.37751280000000004,0.7852524285713987
Z-LCO,0.3778487999999999,1.3300524285713986
Z-LCO,0.3781848,0.9765824285713984
Z-LCO,0.37852080000000005,1.0669424285713989
Z-LCO,0.3788447999999999,0.9882224285713992
Z-LCO,0.3791808,1.4696024285713989
Z-LCO,0.37951680000000004,0.9576024285713984
Z-LCO,0.37985279999999993,0.9740224285713985
Z-LCO,0.3801888,1.1700624285713985
Z-LCO,0.3805128000000001,1.0068024285713983
Z-LCO,0.38084879999999993,0.9492224285713986
Z-LCO,0.3811848,0.9656324285713991
Z-LCO,0.38152080000000005,0.7706724285713991
Z-LCO,0.3818448,1.1358024285713988
Z-LCO,0.38218080000000004,0.9197324285713986
Z-LCO,0.3825167999999999,1.0101024285713986
Z-LCO,0.38285279999999994,1.1638924285713985
Z-LCO,0.3831888,1.1063024285713992
Z-LCO,0.38351279999999993,0.9853224285713988
Z-LCO,0.3838488,0.9594524285713986
Z-LCO,0.38418480000000005,0.901892428571399
Z-LCO,0.3845207999999999,0.9922724285713986
Z-LCO,0.3848568,1.3045724285713987
Z-LCO,0.38518080000000005,1.2787024285713988
Z-LCO,0.38551679999999994,1.0203524285713987
Z-LCO,0.3858528,0.9416424285713987
Z-LCO,0.38618880000000005,1.2539424285713987
Z-LCO,0.38651279999999993,1.206942428571399
Z-LCO,0.3868488,1.064852428571399
Z-LCO,0.3871847999999999,0.7959124285713992
Z-LCO,0.38752079999999994,1.3724224285713986
Z-LCO,0.3878568,0.9238524285713989
Z-LCO,0.3881807999999999,0.9825324285713988
Z-LCO,0.3885168,1.0729124285713985
Z-LCO,0.38885280000000005,1.5754624285713987
Z-LCO,0.3891887999999999,1.5918724285713988
Z-LCO,0.38952479999999995,1.259542428571399
Z-LCO,0.38984880000000005,1.3182524285713986
Z-LCO,0.39018479999999994,1.5037324285713987
Z-LCO,0.3905208,1.499032428571399
Z-LCO,0.39085680000000006,1.420322428571399
Z-LCO,0.3911927999999999,1.2465124285713989
Z-LCO,0.3915168,0.9670124285713984
Z-LCO,0.39185280000000006,0.9411524285713986
Z-LCO,0.39218879999999995,1.3274424285713988
Z-LCO,0.3925248,1.3438524285713989
Z-LCO,0.39286080000000007,1.0115424285713992
Z-LCO,0.39318479999999995,1.7888424285713986
Z-LCO,0.3935208,1.4987924285713987
Z-LCO,0.3938567999999999,1.1558924285713985
Z-LCO,0.39419279999999995,1.0243624285713988
Z-LCO,0.39451680000000006,1.2310124285713986
Z-LCO,0.3948527999999999,1.363662428571399
Z-LCO,0.39518879999999995,1.5809024285713988
Z-LCO,0.39552480000000007,1.1217524285713987
Z-LCO,0.3958607999999999,1.455232428571399
Z-LCO,0.3961848,1.820412428571399
Z-LCO,0.39652080000000006,1.3507024285713989
Z-LCO,0.39685679999999995,1.4833624285713989
Z-LCO,0.3971928,1.3201524285713986
Z-LCO,0.39752880000000007,1.4422424285713986
Z-LCO,0.39785279999999995,1.0042424285713984
Z-LCO,0.3981888,1.1580424285713988
Z-LCO,0.3985247999999999,1.4069524285713988
Z-LCO,0.39886079999999996,1.3705324285713987
Z-LCO,0.3991968,1.439792428571399
Z-LCO,0.3995207999999999,0.9912224285713984
Z-LCO,0.39985679999999996,1.3563824285713988
Z-LCO,0.4001928,0.9818124285713985
Z-LCO,0.4005287999999999,1.199022428571399
Z-LCO,0.4008528,1.469072428571399
Z-LCO,0.40118880000000007,1.5594724285713988
Z-LCO,0.4015247999999999,1.3222924285713988
Z-LCO,0.40186079999999996,1.4972324285713987
Z-LCO,0.4021968000000001,1.1649324285713991
Z-LCO,0.40252079999999996,1.6040724285713988
Z-LCO,0.4028568,1.1766724285713988
Z-LCO,0.40319279999999985,1.5206924285713987
Z-LCO,0.40352879999999997,1.3469024285713989
Z-LCO,0.4038648,1.500722428571399
Z-LCO,0.4041887999999999,1.453752428571399
Z-LCO,0.40452479999999996,1.5335824285713988
Z-LCO,0.4048608,1.4443624285713987
Z-LCO,0.4051967999999999,1.6615724285713989
Z-LCO,0.40553279999999997,1.477212428571399
Z-LCO,0.4058568000000001,1.2083024285713986
Z-LCO,0.4061927999999999,1.2036024285713989
Z-LCO,0.40652879999999997,0.8713024285713988
Z-LCO,0.4068648,1.0990924285713985
Z-LCO,0.4072007999999999,1.2317924285713988
Z-LCO,0.4075248,1.036862428571399
Z-LCO,0.4078608000000001,1.444332428571399
Z-LCO,0.4081967999999999,1.0274824285713988
Z-LCO,0.4085328,1.5723324285713987
Z-LCO,0.4088688000000001,1.8423924285713986
Z-LCO,0.40919279999999997,1.5629224285713987
Z-LCO,0.4095288,1.9492524285713988
Z-LCO,0.40986479999999986,1.659212428571399
Z-LCO,0.4102008,1.7919024285713987
Z-LCO,0.4105248,1.4384824285713989
Z-LCO,0.4108607999999999,2.0784224285713986
Z-LCO,0.4111968,1.7989624285713988
Z-LCO,0.41153280000000003,2.1852624285713986
Z-LCO,0.4118687999999999,1.990352428571399
Z-LCO,0.41219279999999997,2.1441824285713986
Z-LCO,0.4125288000000001,1.9809624285713987
Z-LCO,0.4128647999999999,1.8600224285713987
Z-LCO,0.4132008,2.035002428571399
Z-LCO,0.41353680000000004,1.8400824285713986
Z-LCO,0.4138608,1.9938924285713986
Z-LCO,0.41419680000000003,1.7567024285713986
Z-LCO,0.41453279999999987,2.2592924285713987
Z-LCO,0.4148687999999999,1.7262024285713986
Z-LCO,0.4152048,1.7849124285713986
Z-LCO,0.4155287999999999,1.896462428571399
Z-LCO,0.4158648,1.838922428571399
Z-LCO,0.41620080000000004,1.6968824285713988
Z-LCO,0.4165367999999999,1.7133224285713986
Z-LCO,0.4168608,2.0573624285713987
Z-LCO,0.41719680000000003,1.978702428571399
Z-LCO,0.4175327999999999,1.667552428571399
Z-LCO,0.4178688,1.7157024285713987
Z-LCO,0.41820480000000004,1.9329624285713987
Z-LCO,0.4185287999999999,1.7908924285713987
Z-LCO,0.4188648,1.5748624285713988
Z-LCO,0.4192008000000001,1.6441524285713989
Z-LCO,0.41953679999999993,1.7028924285713987
Z-LCO,0.4198728,1.3071824285713989
Z-LCO,0.42019679999999987,1.9683024285713988
Z-LCO,0.4205328,1.4246424285713988
Z-LCO,0.42086880000000004,2.233692428571399
Z-LCO,0.4212047999999999,1.690062428571399
Z-LCO,0.42154079999999994,1.8227524285713987
Z-LCO,0.42186480000000004,1.2896924285713989
Z-LCO,0.42220079999999993,1.580912428571399
Z-LCO,0.4225368,1.6184924285713986
Z-LCO,0.42287280000000005,1.634942428571399
Z-LCO,0.4232087999999999,1.5562824285713988
Z-LCO,0.4235328,1.6044524285713986
Z-LCO,0.42386880000000005,1.7266124285713986
Z-LCO,0.42420479999999994,1.4894324285713987
Z-LCO,0.4245408,1.9920124285713987
Z-LCO,0.4248647999999999,1.6914224285713986
Z-LCO,0.42520079999999993,1.8875324285713986
Z-LCO,0.4255368,1.925142428571399
Z-LCO,0.4258727999999999,1.804212428571399
Z-LCO,0.42620879999999994,1.8735124285713987
Z-LCO,0.42653280000000005,1.5412224285713987
Z-LCO,0.4268687999999999,1.906442428571399
Z-LCO,0.4272048,1.6375524285713987
Z-LCO,0.42754080000000005,1.9816224285713986
Z-LCO,0.4278767999999999,1.4908424285713986
Z-LCO,0.4282008,1.7820924285713988
Z-LCO,0.42853680000000005,1.893682428571399
Z-LCO,0.42887279999999994,1.9312624285713986
Z-LCO,0.4292088,1.905482428571399
Z-LCO,0.42954480000000006,1.7105724285713988
Z-LCO,0.42986879999999994,2.118052428571399
Z-LCO,0.4302048,1.8386024285713987
Z-LCO,0.4305407999999999,1.9184724285713988
Z-LCO,0.43087679999999995,1.7553024285713987
Z-LCO,0.4312128,1.8668624285713986
Z-LCO,0.4315367999999999,1.6508324285713987
Z-LCO,0.43187279999999995,2.058332428571399
Z-LCO,0.4322088,2.032512428571399
Z-LCO,0.4325447999999999,1.816482428571399
Z-LCO,0.43288079999999995,2.266252428571399
Z-LCO,0.43320480000000006,2.356682428571399
Z-LCO,0.4335407999999999,1.7919224285713988
Z-LCO,0.4338768,1.9457624285713986
Z-LCO,0.43421280000000007,2.215872428571399
Z-LCO,0.43453679999999995,2.0738224285713986
Z-LCO,0.4348728,1.6992924285713986
Z-LCO,0.43520880000000006,1.8319924285713989
Z-LCO,0.43554479999999995,1.911862428571399
Z-LCO,0.4358808,1.537322428571399
Z-LCO,0.4362047999999999,1.944792428571399
Z-LCO,0.43654079999999995,2.3311624285713988
Z-LCO,0.4368768,1.7558424285713987
Z-LCO,0.4372127999999999,1.8780124285713988
Z-LCO,0.43754879999999996,2.0847324285713986
Z-LCO,0.43787280000000006,1.8052824285713989
Z-LCO,0.4382087999999999,1.3567724285713987
Z-LCO,0.43854479999999996,2.1130024285713986
Z-LCO,0.4388808,1.7067524285713986
Z-LCO,0.4392167999999999,1.8183224285713986
Z-LCO,0.4395408,1.7185524285713987
Z-LCO,0.43987680000000007,1.9886724285713986
Z-LCO,0.4402127999999999,2.0791124285713987
Z-LCO,0.4405488,1.9053624285713986
Z-LCO,0.4408848000000001,1.9746624285713987
Z-LCO,0.44120879999999996,2.4455824285713987
Z-LCO,0.4415448,2.028792428571399
Z-LCO,0.44188079999999985,2.436262428571399
Z-LCO,0.44221679999999997,2.2942124285713987
Z-LCO,0.4425528,2.3529724285713987
Z-LCO,0.4428767999999999,2.527962428571399
Z-LCO,0.44321279999999996,2.2696724285713987
Z-LCO,0.4435488,1.8528524285713988
Z-LCO,0.4438847999999999,2.5562724285713987
Z-LCO,0.44422079999999997,2.319132428571399
Z-LCO,0.4445448000000001,2.2193524285713986
Z-LCO,0.4448807999999999,1.9399424285713986
Z-LCO,0.44521679999999997,2.305162428571399
Z-LCO,0.4455528,2.596382428571399
Z-LCO,0.4458887999999999,2.3064124285713987
Z-LCO,0.4462128,2.6293524285713987
Z-LCO,0.4465488000000001,2.529602428571399
Z-LCO,0.4468847999999999,2.1761924285713987
Z-LCO,0.44722080000000003,2.6999224285713987
Z-LCO,0.4475447999999999,2.166872428571399
Z-LCO,0.44788079999999997,2.088232428571399
Z-LCO,0.4482168,2.199812428571399
Z-LCO,0.44855279999999986,2.4171024285713987
Z-LCO,0.4488888,2.2961824285713988
Z-LCO,0.4492128,2.6402624285713987
Z-LCO,0.4495487999999999,1.7795924285713989
Z-LCO,0.4498848,1.8595024285713988
Z-LCO,0.45022080000000003,1.9922224285713988
Z-LCO,0.4505567999999999,2.008702428571399
Z-LCO,0.45088079999999997,1.6552924285713986
Z-LCO,0.4512168000000001,1.5555124285713986
Z-LCO,0.4515527999999999,1.9418724285713989
Z-LCO,0.4518888,1.757572428571399
Z-LCO,0.45221279999999986,1.795192428571399
Z-LCO,0.4525488,1.8750624285713986
Z-LCO,0.45288480000000003,1.5956424285713986
Z-LCO,0.45322079999999987,1.453612428571399
Z-LCO,0.4535567999999999,1.8611124285713987
Z-LCO,0.45388080000000003,1.919852428571399
Z-LCO,0.4542167999999999,1.5664524285713988
Z-LCO,0.4545528,1.3609924285713988
Z-LCO,0.45488880000000004,1.789642428571399
Z-LCO,0.4552247999999999,1.298862428571399
Z-LCO,0.4555488,1.7063524285713987
Z-LCO,0.45588480000000003,1.352952428571399
Z-LCO,0.4562207999999999,1.4857024285713987
Z-LCO,0.4565568,1.407052428571399
Z-LCO,0.45689280000000004,1.4024024285713987
Z-LCO,0.4572167999999999,1.577392428571399
Z-LCO,0.4575528,1.5516024285713987
Z-LCO,0.4578888000000001,1.2193224285713988
Z-LCO,0.45822479999999993,0.9187724285713985
Z-LCO,0.45854880000000003,1.3262824285713988
Z-LCO,0.45888479999999987,1.459032428571399
Z-LCO,0.4592208,1.4015324285713988
Z-LCO,0.45955680000000004,1.439172428571399
Z-LCO,0.4598927999999999,1.2020224285713992
Z-LCO,0.4602168,1.4510124285713988
Z-LCO,0.46055280000000004,1.118742428571399
Z-LCO,0.46088879999999993,1.5262524285713988
Z-LCO,0.4612248,1.711822428571399
Z-LCO,0.46156080000000005,1.5592124285713989
Z-LCO,0.46188479999999993,1.8821524285713989
Z-LCO,0.4622208,1.4336424285713987
Z-LCO,0.46255680000000005,1.703752428571399
Z-LCO,0.46289279999999994,1.720222428571399
Z-LCO,0.4632288,1.852952428571399
Z-LCO,0.4635527999999999,2.0808124285713987
Z-LCO,0.46388879999999993,2.2135424285713987
Z-LCO,0.4642248,2.0397924285713986
Z-LCO,0.4645607999999999,1.802642428571399
Z-LCO,0.4648848,2.072762428571399
Z-LCO,0.46522080000000005,1.772212428571399
Z-LCO,0.4655567999999999,1.5984924285713986
Z-LCO,0.4658928,2.2384724285713986
Z-LCO,0.46622880000000005,1.980192428571399
Z-LCO,0.46655279999999993,2.0600724285713987
Z-LCO,0.4668888,1.822922428571399
Z-LCO,0.46722480000000005,1.7548824285713986
Z-LCO,0.46756079999999994,1.6551324285713989
Z-LCO,0.4678968,1.8090024285713988
Z-LCO,0.4682207999999999,1.7515024285713987
Z-LCO,0.46855679999999994,1.863112428571399
Z-LCO,0.4688928,1.9958624285713986
Z-LCO,0.4692287999999999,1.9172524285713988
Z-LCO,0.46956479999999995,1.479312428571399
Z-LCO,0.46988880000000005,1.833962428571399
Z-LCO,0.4702247999999999,1.6707824285713988
Z-LCO,0.47056079999999995,1.9409224285713989
Z-LCO,0.4708968,1.217642428571399
Z-LCO,0.4712327999999999,1.0967624285713988
Z-LCO,0.4715568,1.3668724285713987
Z-LCO,0.47189280000000006,0.9712024285713987
Z-LCO,0.4722287999999999,1.2413224285713986
Z-LCO,0.4725648,1.395182428571399
Z-LCO,0.47290080000000007,1.3588224285713988
Z-LCO,0.47322479999999995,0.9631424285713992
Z-LCO,0.4735608,1.0536024285713985
Z-LCO,0.47389680000000006,0.7213424285713987
Z-LCO,0.47423279999999995,1.149992428571399
Z-LCO,0.4745568,1.5574824285713986
Z-LCO,0.4748927999999999,0.9081824285713989
Z-LCO,0.47522879999999995,1.1149024285713987
Z-LCO,0.4755648,1.0574324285713992
Z-LCO,0.4759007999999999,1.6022924285713986
Z-LCO,0.4762248,1.2066224285713987
Z-LCO,0.47656080000000006,0.948342428571399
Z-LCO,0.4768967999999999,1.514352428571399
Z-LCO,0.47723279999999996,1.7633124285713988
Z-LCO,0.4775688,1.6846824285713988
Z-LCO,0.47789279999999995,1.9759524285713987
Z-LCO,0.4782288,1.738802428571399
Z-LCO,0.47856480000000007,1.9877924285713986
Z-LCO,0.4789007999999999,1.6555324285713988
Z-LCO,0.4792368,2.0418824285713986
Z-LCO,0.4795607999999999,2.111202428571399
Z-LCO,0.47989679999999996,2.2122424285713986
Z-LCO,0.4802328,1.9539824285713987
Z-LCO,0.48056879999999985,2.0444224285713988
Z-LCO,0.48090479999999997,2.451922428571399
Z-LCO,0.4812288,2.2570624285713987
Z-LCO,0.4815647999999999,2.2312824285713986
Z-LCO,0.48190079999999996,1.9941324285713988
Z-LCO,0.4822368,2.243132428571399
Z-LCO,0.4825727999999999,2.323042428571399
Z-LCO,0.4828968,2.001342428571399
Z-LCO,0.4832328000000001,2.451102428571399
Z-LCO,0.4835687999999999,2.002612428571399
Z-LCO,0.48390479999999997,1.8817324285713988
Z-LCO,0.4842408,2.0673124285713986
Z-LCO,0.48456479999999996,1.8724224285713986
Z-LCO,0.4849008,2.1214224285713987
Z-LCO,0.4852368000000001,1.9265424285713988
Z-LCO,0.4855727999999999,1.964182428571399
Z-LCO,0.48590880000000003,2.466772428571399
Z-LCO,0.4862327999999999,1.7223624285713988
Z-LCO,0.48656879999999997,2.129842428571399
Z-LCO,0.4869048,1.7764424285713987
Z-LCO,0.48724079999999986,2.067702428571399
Z-LCO,0.4875768,1.9467924285713987
Z-LCO,0.4879008,1.8047724285713986
Z-LCO,0.4882367999999999,2.265102428571399
Z-LCO,0.4885728,1.9539924285713988
Z-LCO,0.48890880000000003,1.6957224285713988
Z-LCO,0.4892447999999999,2.0609324285713986
Z-LCO,0.4895688,2.1197024285713986
Z-LCO,0.4899048000000001,1.8825624285713989
Z-LCO,0.4902407999999999,1.687692428571399
Z-LCO,0.4905768,1.8204224285713986
Z-LCO,0.49091280000000004,1.540992428571399
Z-LCO,0.4912368,2.106992428571399
Z-LCO,0.49157280000000003,1.6162124285713988
Z-LCO,0.49190879999999987,1.6115724285713986
Z-LCO,0.4922447999999999,1.744282428571399
Z-LCO,0.49256880000000003,2.1306324285713987
Z-LCO,0.4929047999999999,1.777232428571399
Z-LCO,0.4932408,1.6563424285713988
Z-LCO,0.49357680000000004,1.9898524285713988
Z-LCO,0.4939127999999999,1.8055524285713989
Z-LCO,0.4942368,1.9594024285713987
Z-LCO,0.49457280000000003,1.394642428571399
Z-LCO,0.4949087999999999,1.7176024285713987
Z-LCO,0.4952448,2.304732428571399
Z-LCO,0.49558080000000004,1.8668024285713987
Z-LCO,0.4959047999999999,1.8515824285713989
Z-LCO,0.49624080000000004,1.9631824285713986
Z-LCO,0.4965767999999999,2.021922428571399
Z-LCO,0.49691279999999993,2.0912524285713987
Z-LCO,0.4972488,2.1077224285713987
Z-LCO,0.49757279999999987,2.0291024285713988
Z-LCO,0.4979088,1.9504524285713987
Z-LCO,0.49824480000000004,2.0831724285713986
Z-LCO,0.4985807999999999,2.289882428571399
Z-LCO,0.49891679999999994,2.2323924285713987
Z-LCO,0.49924080000000004,2.4813624285713987
Z-LCO,0.49957679999999993,2.1490824285713988
Z-LCO,0.4999128,2.260682428571399
Z-LCO,0.5002488,2.065792428571399
Z-LCO,0.5005847999999999,2.568372428571399
Z-LCO,0.5009088,2.0564724285713987
Z-LCO,0.5012448,2.1680524285713987
Z-LCO,0.5015807999999999,2.417002428571399
Z-LCO,0.5019168,2.084722428571399
Z-LCO,0.5022528,2.280872428571399
Z-LCO,0.5025767999999999,2.2339324285713986
Z-LCO,0.5029128,2.113032428571399
Z-LCO,0.5032487999999998,2.425402428571399
Z-LCO,0.5035847999999999,1.9346224285713989
Z-LCO,0.5039208000000001,2.046192428571399
Z-LCO,0.5042447999999999,2.337412428571399
Z-LCO,0.5045807999999999,1.8677624285713987
Z-LCO,0.5049168,1.958222428571399
Z-LCO,0.5052528,1.9746824285713989
Z-LCO,0.5055888,2.213092428571399
Z-LCO,0.5059128,2.007632428571399
Z-LCO,0.5062487999999999,1.9712524285713986
Z-LCO,0.5065848,2.0616824285713986
Z-LCO,0.5069208000000001,1.961882428571399
Z-LCO,0.5072447999999999,1.9994824285713988
Z-LCO,0.5075808,1.9948024285713988
Z-LCO,0.5079167999999998,2.0324024285713986
Z-LCO,0.5082528,2.0065924285713987
Z-LCO,0.5085888000000001,1.9490624285713989
Z-LCO,0.5089127999999999,2.081792428571399
Z-LCO,0.5092488,1.960872428571399
Z-LCO,0.5095848000000001,1.8188024285713986
Z-LCO,0.5099207999999998,2.088892428571399
Z-LCO,0.5102447999999999,1.851722428571399
Z-LCO,0.5105808000000001,1.868202428571399
Z-LCO,0.5109168,2.0008924285713987
Z-LCO,0.5112528,2.0385124285713987
Z-LCO,0.5115888000000001,2.192352428571399
Z-LCO,0.5119128,1.7015424285713987
Z-LCO,0.5122488000000001,1.7391524285713986
Z-LCO,0.5125848000000001,2.4530924285713986
Z-LCO,0.5129208,2.067962428571399
Z-LCO,0.5132568,2.084422428571399
Z-LCO,0.5135807999999998,1.8049924285713987
Z-LCO,0.5139168,2.032832428571399
Z-LCO,0.5142528000000001,1.700562428571399
Z-LCO,0.5145887999999998,1.8755424285713986
Z-LCO,0.5149248,2.314692428571399
Z-LCO,0.5152488000000001,2.2148924285713987
Z-LCO,0.5155848,1.9988524285713987
Z-LCO,0.5159208,1.9624824285713989
Z-LCO,0.5162568000000001,2.2854024285713987
Z-LCO,0.5165927999999999,1.8368624285713988
Z-LCO,0.5169168,1.927312428571399
Z-LCO,0.5172528000000001,1.806372428571399
Z-LCO,0.5175888,2.097592428571399
Z-LCO,0.5179248,2.061192428571399
Z-LCO,0.5182487999999998,2.1093424285713986
Z-LCO,0.5185848,1.6819424285713986
Z-LCO,0.5189208000000001,1.9308824285713988
Z-LCO,0.5192567999999999,2.274932428571399
Z-LCO,0.5195928,2.1222924285713987
Z-LCO,0.5199168000000001,2.075352428571399
Z-LCO,0.5202527999999998,1.8381624285713989
Z-LCO,0.5205888,2.425272428571399
Z-LCO,0.5209248000000001,2.1246824285713988
Z-LCO,0.5212607999999999,2.162272428571399
Z-LCO,0.5215848,1.829972428571399
Z-LCO,0.5219208000000001,2.1528824285713988
Z-LCO,0.5222568,2.021402428571399
Z-LCO,0.5225928,2.111822428571399
Z-LCO,0.5229288000000001,2.1494124285713987
Z-LCO,0.5232528,2.5357324285713987
Z-LCO,0.5235888,1.9075324285713986
Z-LCO,0.5239247999999999,1.997942428571399
Z-LCO,0.5242608,1.9192724285713987
Z-LCO,0.5245848000000001,1.9780024285713989
Z-LCO,0.5249207999999999,1.8782124285713988
Z-LCO,0.5252568,2.264542428571399
Z-LCO,0.5255928000000001,2.0802024285713987
Z-LCO,0.5259287999999999,1.8430324285713988
Z-LCO,0.5262528,1.6481124285713986
Z-LCO,0.5265888000000001,2.0344524285713987
Z-LCO,0.5269247999999999,1.9557724285713989
Z-LCO,0.5272608,1.6023524285713986
Z-LCO,0.5275968000000001,1.9675224285713986
Z-LCO,0.5279208,1.9628524285713986
Z-LCO,0.5282568,1.6516724285713988
Z-LCO,0.5285928000000001,2.133092428571399
Z-LCO,0.5289288,1.4309224285713986
Z-LCO,0.5292648,1.500192428571399
Z-LCO,0.5295887999999999,1.8125324285713988
Z-LCO,0.5299248,1.6916024285713989
Z-LCO,0.5302608,1.5706724285713989
Z-LCO,0.5305967999999999,2.1577624285713988
Z-LCO,0.5309328,2.195332428571399
Z-LCO,0.5312568000000001,2.0109924285713987
Z-LCO,0.5315927999999999,2.027442428571399
Z-LCO,0.5319288,2.181252428571399
Z-LCO,0.5322648000000001,2.3562224285713986
Z-LCO,0.5326007999999999,2.330372428571399
Z-LCO,0.5329248,2.484182428571399
Z-LCO,0.5332608000000001,2.4794724285713987
Z-LCO,0.5335967999999999,2.0732024285713986
Z-LCO,0.5339328,2.3749524285713988
Z-LCO,0.5342688000000001,2.296262428571399
Z-LCO,0.5345928,1.8477024285713988
Z-LCO,0.5349288,2.2128724285713988
Z-LCO,0.5352647999999999,2.229312428571399
Z-LCO,0.5356008,2.594472428571399
Z-LCO,0.5359248000000001,2.3783924285713987
Z-LCO,0.5362607999999999,2.373682428571399
Z-LCO,0.5365968,2.316122428571399
Z-LCO,0.5369328,2.776412428571399
Z-LCO,0.5372687999999999,2.6554524285713987
Z-LCO,0.5375928,2.270312428571399
Z-LCO,0.5379288000000001,2.2655824285713986
Z-LCO,0.5382647999999999,2.165762428571399
Z-LCO,0.5386008,2.256142428571399
Z-LCO,0.5389368000000001,1.9449824285713988
Z-LCO,0.5392608,1.9402824285713987
Z-LCO,0.5395968,1.7770724285713988
Z-LCO,0.5399328000000001,1.7195024285713987
Z-LCO,0.5402687999999999,1.6513724285713987
Z-LCO,0.5406048,1.731212428571399
Z-LCO,0.5409287999999999,2.0223824285713987
Z-LCO,0.5412648,1.5527024285713988
Z-LCO,0.5416008,1.9390024285713987
Z-LCO,0.5419367999999999,1.4481724285713988
Z-LCO,0.5422728,1.8133324285713988
Z-LCO,0.5425968,1.787462428571399
Z-LCO,0.5429327999999999,1.6347924285713988
Z-LCO,0.5432688,1.7040524285713987
Z-LCO,0.5436048,1.6993224285713988
Z-LCO,0.5439407999999999,1.736892428571399
Z-LCO,0.5442648,1.848412428571399
Z-LCO,0.5446008000000001,2.0444824285713987
Z-LCO,0.5449367999999999,1.8495224285713987
Z-LCO,0.5452728,2.056152428571399
Z-LCO,0.5456088,2.0936924285713987
Z-LCO,0.5459328,1.7402424285713987
Z-LCO,0.5462688,1.989132428571399
Z-LCO,0.5466047999999999,2.322572428571399
Z-LCO,0.5469407999999999,2.254442428571399
Z-LCO,0.5472768,1.943242428571399
Z-LCO,0.5476007999999999,2.287262428571399
Z-LCO,0.5479368,2.419912428571399
Z-LCO,0.5482728,2.341222428571399
Z-LCO,0.5486087999999999,2.4527524285713986
Z-LCO,0.5489448,2.0464524285713988
Z-LCO,0.5492688,2.4116224285713987
Z-LCO,0.5496047999999999,2.660502428571399
Z-LCO,0.5499408,2.444402428571399
Z-LCO,0.5502768,2.7144224285713987
Z-LCO,0.5506127999999999,2.6145724285713987
Z-LCO,0.5509368,2.6521124285713986
Z-LCO,0.5512728000000001,2.2140824285713987
Z-LCO,0.5516087999999999,2.484102428571399
Z-LCO,0.5519448,2.4053824285713987
Z-LCO,0.5522687999999999,2.9078924285713987
Z-LCO,0.5526048,2.3007724285713986
Z-LCO,0.5529408,2.771582428571399
Z-LCO,0.5532767999999999,2.449812428571399
Z-LCO,0.5536127999999999,2.2759624285713986
Z-LCO,0.5539368,2.7573424285713988
Z-LCO,0.5542727999999999,2.3615724285713986
Z-LCO,0.5546088,2.2617324285713987
Z-LCO,0.5549448,2.7642424285713987
Z-LCO,0.5552807999999999,2.7489224285713987
Z-LCO,0.5556048,2.564512428571399
Z-LCO,0.5559408,2.7394324285713987
Z-LCO,0.5562767999999999,2.639562428571399
Z-LCO,0.5566128,2.729912428571399
Z-LCO,0.5569488,2.577232428571399
Z-LCO,0.5572727999999999,3.0163424285713987
Z-LCO,0.5576088,3.349782428571399
Z-LCO,0.5579447999999999,2.996302428571399
Z-LCO,0.5582807999999999,3.0866524285713988
Z-LCO,0.5586168,3.377822428571399
Z-LCO,0.5589407999999999,2.728412428571399
Z-LCO,0.5592768,2.586262428571399
Z-LCO,0.5596128,3.0570824285713987
Z-LCO,0.5599487999999999,2.840942428571399
Z-LCO,0.5602847999999999,2.836182428571399
Z-LCO,0.5606088,3.0427724285713986
Z-LCO,0.5609447999999999,2.9111924285713986
Z-LCO,0.5612808,2.927582428571399
Z-LCO,0.5616168,2.880542428571399
Z-LCO,0.5619407999999999,2.738382428571399
Z-LCO,0.5622768,2.913272428571399
Z-LCO,0.5626127999999999,2.771132428571399
Z-LCO,0.5629487999999999,2.967152428571399
Z-LCO,0.5632848,2.7510224285713987
Z-LCO,0.5636087999999999,2.608892428571399
Z-LCO,0.5639447999999999,2.7203824285713987
Z-LCO,0.5642808,2.3668624285713986
Z-LCO,0.5646167999999999,2.562872428571399
Z-LCO,0.5649527999999999,2.6532124285713987
Z-LCO,0.5652768,2.278562428571399
Z-LCO,0.5656127999999999,2.2738024285713987
Z-LCO,0.5659488,2.448672428571399
Z-LCO,0.5662848,2.3065324285713986
Z-LCO,0.5666207999999999,2.185502428571399
Z-LCO,0.5669448,2.1701424285713986
Z-LCO,0.5672808,2.3978524285713987
Z-LCO,0.5676167999999999,2.4564724285713986
Z-LCO,0.5679528,2.3565824285713988
Z-LCO,0.5682767999999999,1.728282428571399
Z-LCO,0.5686127999999999,2.0511224285713987
Z-LCO,0.5689488,2.268262428571399
Z-LCO,0.5692847999999999,2.1472324285713986
Z-LCO,0.5696207999999999,2.216432428571399
Z-LCO,0.5699448,2.4124324285713987
Z-LCO,0.5702807999999999,2.2491324285713987
Z-LCO,0.5706167999999999,2.381742428571399
Z-LCO,0.5709528,2.440382428571399
Z-LCO,0.5712887999999999,2.4778524285713988
Z-LCO,0.5716128,2.314572428571399
Z-LCO,0.5719488,2.7430824285713986
Z-LCO,0.5722847999999999,2.8545324285713987
Z-LCO,0.5726208,2.5643924285713986
Z-LCO,0.5729568,2.327102428571399
Z-LCO,0.5732807999999999,2.4174424285713987
Z-LCO,0.5736168,2.4337824285713987
Z-LCO,0.5739527999999998,2.3550124285713987
Z-LCO,0.5742887999999999,2.973722428571399
Z-LCO,0.5746248,2.757562428571399
Z-LCO,0.5749487999999999,3.0486624285713986
Z-LCO,0.5752847999999999,2.6951124285713988
Z-LCO,0.5756208,2.806572428571399
Z-LCO,0.5759567999999999,2.9602824285713987
Z-LCO,0.5762927999999999,2.7441124285713987
Z-LCO,0.5766168,3.0880524285713986
Z-LCO,0.5769527999999999,2.8930224285713986
Z-LCO,0.5772887999999999,3.1418324285713988
Z-LCO,0.5776248,3.390682428571399
Z-LCO,0.5779487999999999,3.470402428571399
Z-LCO,0.5782848,3.444452428571399
Z-LCO,0.5786208,3.090892428571399
Z-LCO,0.5789567999999999,3.0438124285713988
Z-LCO,0.5792928,2.9650224285713986
Z-LCO,0.5796167999999999,3.414622428571399
Z-LCO,0.5799527999999999,3.3146824285713987
Z-LCO,0.5802888,3.3310024285713986
Z-LCO,0.5806247999999998,3.674952428571399
Z-LCO,0.5809487999999999,3.363652428571399
Z-LCO,0.5812848,3.570192428571399
Z-LCO,0.5816207999999999,3.4280124285713987
Z-LCO,0.5819567999999999,3.4443224285713985
Z-LCO,0.5822928,3.2704024285713986
Z-LCO,0.5826167999999999,3.1282024285713987
Z-LCO,0.5829528,3.028252428571399
Z-LCO,0.5832888,3.3193224285713985
Z-LCO,0.5836247999999999,3.124282428571399
Z-LCO,0.5839608,3.1406124285713988
Z-LCO,0.5842847999999998,3.1357724285713986
Z-LCO,0.5846207999999999,3.014692428571399
Z-LCO,0.5849568,2.777362428571399
Z-LCO,0.5852927999999998,3.142402428571399
Z-LCO,0.5856167999999999,3.1798324285713986
Z-LCO,0.5859528,3.101042428571399
Z-LCO,0.5862887999999999,3.170182428571399
Z-LCO,0.5866248,3.0913724285713986
Z-LCO,0.5869608000000001,3.266192428571399
Z-LCO,0.5872847999999999,2.659002428571399
Z-LCO,0.5876207999999999,3.024052428571399
Z-LCO,0.5879568000000001,2.998082428571399
Z-LCO,0.5882928,2.9192824285713987
Z-LCO,0.5886288,2.893332428571399
Z-LCO,0.5889527999999998,2.7722424285713987
Z-LCO,0.5892888,2.672282428571399
Z-LCO,0.5896248000000001,3.121842428571399
Z-LCO,0.5899607999999998,3.212132428571399
Z-LCO,0.5902968,3.038202428571399
Z-LCO,0.5906208000000001,3.7202624285713988
Z-LCO,0.5909567999999998,3.208142428571399
Z-LCO,0.5912928,3.044772428571399
Z-LCO,0.5916288000000001,2.5749224285713987
Z-LCO,0.5919528,2.982222428571399
Z-LCO,0.5922888,3.231022428571399
Z-LCO,0.5926248000000001,3.1310524285713988
Z-LCO,0.5929608,3.052222428571399
Z-LCO,0.5932968,3.1847424285713988
Z-LCO,0.5936208000000001,2.8099924285713986
Z-LCO,0.5939568,2.7311624285713987
Z-LCO,0.5942928,3.138452428571399
Z-LCO,0.5946288000000001,3.154742428571399
Z-LCO,0.5949648,3.1710424285713987
Z-LCO,0.5952888000000001,2.6589124285713988
Z-LCO,0.5956247999999998,2.9076924285713988
Z-LCO,0.5959608,2.670322428571399
Z-LCO,0.5962968000000001,3.035342428571399
Z-LCO,0.5966327999999999,2.8930924285713986
Z-LCO,0.5969568,3.226402428571399
Z-LCO,0.5972928000000001,2.8305524285713988
Z-LCO,0.5976287999999998,2.709422428571399
Z-LCO,0.5979648,2.9264724285713988
Z-LCO,0.5983008000000001,2.9744424285713986
Z-LCO,0.5986248,2.916742428571399
Z-LCO,0.5989608,3.070402428571399
Z-LCO,0.5992968000000001,3.319182428571399
Z-LCO,0.5996328,3.240332428571399
Z-LCO,0.5999688,3.1403324285713987
Z-LCO,0.6002927999999998,2.998062428571399
Z-LCO,0.6006288,3.130582428571399
Z-LCO,0.6009648,2.8192324285713988
Z-LCO,0.6013007999999999,2.972872428571399
Z-LCO,0.6016248,3.084222428571399
Z-LCO,0.6019608000000001,2.941952428571399
Z-LCO,0.6022967999999999,3.000462428571399
Z-LCO,0.6026328,3.1118424285713986
Z-LCO,0.6029688000000001,2.7793724285713988
Z-LCO,0.6032928,3.165492428571399
Z-LCO,0.6036288,3.1817324285713986
Z-LCO,0.6039648000000001,3.0394524285713986
Z-LCO,0.6043007999999999,2.981732428571399
Z-LCO,0.6046368,2.955702428571399
Z-LCO,0.6049607999999999,3.2044324285713985
Z-LCO,0.6052968,2.9459224285713987
Z-LCO,0.6056328,3.511682428571399
Z-LCO,0.6059688000000001,2.629642428571399
Z-LCO,0.6063048,3.110872428571399
Z-LCO,0.6066288000000001,2.6832424285713987
Z-LCO,0.6069647999999999,2.5198124285713988
Z-LCO,0.6073008,2.3986624285713987
Z-LCO,0.6076368,2.4994524285713986
Z-LCO,0.6079607999999999,3.022942428571399
Z-LCO,0.6082968,2.9017824285713987
Z-LCO,0.6086328000000001,2.600962428571399
Z-LCO,0.6089687999999999,2.7334624285713987
Z-LCO,0.6093048,2.834222428571399
Z-LCO,0.6096288000000001,3.082932428571399
Z-LCO,0.6099648,3.215422428571399
Z-LCO,0.6103008,3.347882428571399
Z-LCO,0.6106368000000001,3.1738824285713987
Z-LCO,0.6109727999999999,3.147812428571399
Z-LCO,0.6112968,3.068912428571399
Z-LCO,0.6116327999999999,3.275382428571399
Z-LCO,0.6119688,3.428992428571399
Z-LCO,0.6123048,3.4874724285713987
Z-LCO,0.6126407999999999,3.186642428571399
Z-LCO,0.6129648,3.2873924285713985
Z-LCO,0.6133008000000001,3.514972428571399
Z-LCO,0.6136367999999999,3.3726924285713986
Z-LCO,0.6139728,3.040172428571399
Z-LCO,0.6143088,3.267732428571399
Z-LCO,0.6146327999999999,3.400182428571399
Z-LCO,0.6149688,3.1310524285713988
Z-LCO,0.6153048000000001,2.988732428571399
Z-LCO,0.6156407999999999,3.3959424285713986
Z-LCO,0.6159648,3.369882428571399
Z-LCO,0.6163007999999999,3.428352428571399
Z-LCO,0.6166368,3.6347824285713988
Z-LCO,0.6169728,3.4185124285713986
Z-LCO,0.6173087999999999,3.614352428571399
Z-LCO,0.6176328,3.4720224285713988
Z-LCO,0.6179688,3.646752428571399
Z-LCO,0.6183047999999999,3.5995324285713988
Z-LCO,0.6186408,3.9327524285713986
Z-LCO,0.6189768,3.579062428571399
Z-LCO,0.6193007999999999,3.7115124285713987
Z-LCO,0.6196368,3.6643124285713986
Z-LCO,0.6199728000000001,3.9764224285713987
Z-LCO,0.6203087999999999,3.992592428571399
Z-LCO,0.6206448,3.755142428571399
Z-LCO,0.6209688000000001,3.454272428571399
Z-LCO,0.6213047999999999,3.2379524285713988
Z-LCO,0.6216408,3.507752428571399
Z-LCO,0.6219768000000001,3.6401724285713986
Z-LCO,0.6223127999999999,3.4450024285713985
Z-LCO,0.6226368,3.027892428571399
Z-LCO,0.6229727999999999,3.688702428571399
Z-LCO,0.6233088,3.3138624285713987
Z-LCO,0.6236448,3.372312428571399
Z-LCO,0.6239687999999999,3.3884824285713986
Z-LCO,0.6243048,3.1510324285713986
Z-LCO,0.6246408,2.733912428571399
Z-LCO,0.6249767999999999,2.9508624285713987
Z-LCO,0.6253128,3.062132428571399
Z-LCO,0.6256368000000001,2.9831824285713986
Z-LCO,0.6259727999999999,2.8408324285713986
Z-LCO,0.6263088,2.740742428571399
Z-LCO,0.6266448000000001,2.8942724285713988
Z-LCO,0.6269807999999999,3.142922428571399
Z-LCO,0.6273048,3.0850924285713988
Z-LCO,0.6276407999999999,2.667962428571399
Z-LCO,0.6279767999999999,2.8215124285713986
Z-LCO,0.6283128,2.9539024285713986
Z-LCO,0.6286487999999999,3.107432428571399
Z-LCO,0.6289728,3.144712428571399
Z-LCO,0.6293088,3.0446024285713986
Z-LCO,0.6296447999999999,2.923382428571399
Z-LCO,0.6299808,3.309412428571399
Z-LCO,0.6303048000000001,3.462942428571399
Z-LCO,0.6306407999999999,3.278292428571399
Z-LCO,0.6309768,3.178172428571399
Z-LCO,0.6313128,3.2788724285713986
Z-LCO,0.6316487999999999,3.3689824285713987
Z-LCO,0.6319728,3.6176024285713986
Z-LCO,0.6323087999999999,3.4223924285713987
Z-LCO,0.6326447999999999,3.829542428571399
Z-LCO,0.6329808,3.3595324285713986
Z-LCO,0.6333168000000001,3.6610024285713987
Z-LCO,0.6336408,3.624302428571399
Z-LCO,0.6339768,3.3867924285713986
Z-LCO,0.6343127999999999,3.772782428571399
Z-LCO,0.6346487999999999,3.7677724285713987
Z-LCO,0.6349848,3.9952724285713987
Z-LCO,0.6353087999999999,3.7049424285713988
Z-LCO,0.6356448,3.974692428571399
Z-LCO,0.6359808,3.737172428571399
Z-LCO,0.6363167999999999,4.006912428571399
Z-LCO,0.6366408,4.096992428571399
Z-LCO,0.6369768000000001,3.880632428571399
Z-LCO,0.6373127999999999,4.150372428571399
Z-LCO,0.6376488,4.050222428571399
Z-LCO,0.6379848,4.161462428571399
Z-LCO,0.6383087999999999,3.7337124285713985
Z-LCO,0.6386448,4.0245824285713985
Z-LCO,0.6389807999999999,4.072402428571399
Z-LCO,0.6393167999999999,4.204752428571399
Z-LCO,0.6396528,3.893262428571399
Z-LCO,0.6399767999999999,3.8671124285713985
Z-LCO,0.6403128,3.8514924285713987
Z-LCO,0.6406488,3.9415724285713987
Z-LCO,0.6409847999999999,3.862552428571399
Z-LCO,0.6413207999999999,4.111132428571398
Z-LCO,0.6416448,3.9158824285713987
Z-LCO,0.6419807999999999,3.593822428571399
Z-LCO,0.6423168,3.3985424285713988
Z-LCO,0.6426528,3.826772428571399
Z-LCO,0.6429887999999999,3.6209324285713986
Z-LCO,0.6433128,4.028052428571399
Z-LCO,0.6436487999999999,3.7587924285713985
Z-LCO,0.6439847999999999,3.965092428571399
Z-LCO,0.6443208,3.9072124285713987
Z-LCO,0.6446568,4.018392428571399
Z-LCO,0.6449807999999999,3.992192428571399
Z-LCO,0.6453168,4.240762428571399
Z-LCO,0.6456527999999999,4.045472428571399
Z-LCO,0.6459887999999999,4.1777824285713985
Z-LCO,0.6463128,4.1938524285713985
Z-LCO,0.6466487999999999,4.305062428571398
Z-LCO,0.6469848,4.226022428571399
Z-LCO,0.6473208,4.421742428571399
Z-LCO,0.6476567999999999,4.279282428571399
Z-LCO,0.6479808,4.253072428571398
Z-LCO,0.6483168,4.216312428571399
Z-LCO,0.6486527999999999,4.0315724285713985
Z-LCO,0.6489888,4.015922428571399
Z-LCO,0.6493248,3.852342428571399
Z-LCO,0.6496487999999999,4.026912428571399
Z-LCO,0.6499848,4.2754724285713985
Z-LCO,0.6503207999999999,3.6046124285713987
Z-LCO,0.6506567999999999,4.191352428571399
Z-LCO,0.6509928,4.1862524285713985
Z-LCO,0.6513167999999999,4.022672428571399
Z-LCO,0.6516527999999999,4.123252428571399
Z-LCO,0.6519888,3.653162428571399
Z-LCO,0.6523247999999999,3.9017224285713987
Z-LCO,0.6526607999999999,3.833222428571399
Z-LCO,0.6529848,4.050072428571399
Z-LCO,0.6533207999999999,4.161212428571399
Z-LCO,0.6536568,4.082152428571399
Z-LCO,0.6539928,4.151052428571399
Z-LCO,0.6543287999999999,3.955712428571399
Z-LCO,0.6546528,3.5278824285713988
Z-LCO,0.6549887999999998,4.2836624285713985
Z-LCO,0.6553247999999999,4.067192428571399
Z-LCO,0.6556608,3.903562428571399
Z-LCO,0.6559847999999999,4.152072428571399
Z-LCO,0.6563207999999999,4.326632428571399
Z-LCO,0.6566568,3.9093624285713986
Z-LCO,0.6569927999999999,4.263552428571399
Z-LCO,0.6573287999999999,4.374672428571399
Z-LCO,0.6576528,4.528072428571399
Z-LCO,0.6579887999999999,4.660342428571399
Z-LCO,0.6583247999999999,4.327612428571399
Z-LCO,0.6586608,4.734632428571398
Z-LCO,0.6589967999999999,4.666092428571399
Z-LCO,0.6593208,4.470732428571399
Z-LCO,0.6596568,4.444472428571399
Z-LCO,0.6599927999999999,4.967722428571399
Z-LCO,0.6603288,4.5187624285713985
Z-LCO,0.6606527999999999,4.608732428571399
Z-LCO,0.6609887999999999,4.624732428571399
Z-LCO,0.6613248,4.915502428571399
Z-LCO,0.6616607999999998,4.7201524285713985
Z-LCO,0.6619967999999999,4.873512428571399
Z-LCO,0.6623208,4.889502428571399
Z-LCO,0.6626567999999999,4.768142428571399
Z-LCO,0.6629927999999999,5.090612428571399
Z-LCO,0.6633288,4.958642428571399
Z-LCO,0.6636647999999999,4.7738324285713984
Z-LCO,0.6639888,4.441072428571399
Z-LCO,0.6643248,4.805792428571399
Z-LCO,0.6646607999999999,4.7689524285713984
Z-LCO,0.6649967999999999,4.700392428571399
Z-LCO,0.6653328000000001,4.6635424285713984
Z-LCO,0.6656567999999999,4.637272428571399
Z-LCO,0.6659928,4.473592428571399
Z-LCO,0.6663287999999998,4.595232428571399
Z-LCO,0.6666648,4.864832428571399
Z-LCO,0.6670008000000001,4.606042428571399
Z-LCO,0.6673247999999999,4.643142428571399
Z-LCO,0.6676607999999999,4.7331024285713985
Z-LCO,0.6679968000000001,4.2840824285713985
Z-LCO,0.6683327999999998,4.606512428571399
Z-LCO,0.6686567999999999,4.802132428571399
Z-LCO,0.6689928,4.659572428571399
Z-LCO,0.6693288,4.6755524285713985
Z-LCO,0.6696648,4.966292428571399
Z-LCO,0.6700008000000001,4.918852428571399
Z-LCO,0.6703247999999999,4.607192428571398
Z-LCO,0.6706608000000001,4.485772428571399
Z-LCO,0.6709967999999998,5.051272428571399
Z-LCO,0.6713328,4.359172428571399
Z-LCO,0.6716688,4.671042428571399
Z-LCO,0.6719927999999998,4.708132428571399
Z-LCO,0.6723288,4.776922428571399
Z-LCO,0.6726648000000001,4.581512428571399
Z-LCO,0.6730007999999998,4.618602428571399
Z-LCO,0.6733368,4.7507924285713985
Z-LCO,0.6736608000000001,4.671652428571399
Z-LCO,0.6739968,4.254302428571399
Z-LCO,0.6743328,4.5872924285713985
Z-LCO,0.6746688000000001,4.2122224285713985
Z-LCO,0.6750047999999998,4.3655624285713985
Z-LCO,0.6753288,4.635122428571399
Z-LCO,0.6756648000000001,4.397452428571399
Z-LCO,0.6760008,4.582472428571399
Z-LCO,0.6763368,4.566702428571399
Z-LCO,0.6766728000000001,4.730622428571399
Z-LCO,0.6769968,4.672592428571399
Z-LCO,0.6773328000000001,4.4137524285713985
Z-LCO,0.6776687999999998,5.370242428571399
Z-LCO,0.6780048,5.185402428571399
Z-LCO,0.6783288000000001,5.380982428571399
Z-LCO,0.6786647999999998,4.572602428571399
Z-LCO,0.6790008,5.2966124285713985
Z-LCO,0.6793368000000001,5.386512428571399
Z-LCO,0.6796727999999999,5.212232428571399
Z-LCO,0.6799968,4.974532428571399
Z-LCO,0.6803328000000001,5.222942428571399
Z-LCO,0.6806688,5.492492428571399
Z-LCO,0.6810048,5.392202428571399
Z-LCO,0.6813408000000001,5.4081224285713985
Z-LCO,0.6816648,5.677692428571399
Z-LCO,0.6820008,5.302592428571399
Z-LCO,0.6823367999999999,5.413622428571399
Z-LCO,0.6826728,5.746602428571399
Z-LCO,0.6830088,5.794252428571399
Z-LCO,0.6833327999999999,5.852432428571399
Z-LCO,0.6836688,5.477352428571399
Z-LCO,0.6840048000000001,5.186802428571399
Z-LCO,0.6843407999999999,5.604322428571399
Z-LCO,0.6846768,5.504012428571399
Z-LCO,0.6850008000000001,5.329732428571399
Z-LCO,0.6853367999999999,5.652132428571399
Z-LCO,0.6856728,5.203056717571399
Z-LCO,0.6860088000000001,5.588832428571399
Z-LCO,0.6863447999999999,5.118622428571399
Z-LCO,0.6866688,5.388162428571399
Z-LCO,0.6870048000000001,5.245552428571399
Z-LCO,0.6873408,5.145212428571399
Z-LCO,0.6876768,5.319662428571399
Z-LCO,0.6880128000000001,5.3778324285713985
Z-LCO,0.6883368,5.2880724285713985
Z-LCO,0.6886728,5.230022428571399
Z-LCO,0.6890087999999999,5.319902428571399
Z-LCO,0.6893448,5.145582428571399
Z-LCO,0.6896688000000001,5.045242428571399
Z-LCO,0.6900047999999999,5.314802428571399
Z-LCO,0.6903408,5.4258124285713984
Z-LCO,0.6906768000000001,5.483982428571399
Z-LCO,0.6910127999999999,5.299092428571399
Z-LCO,0.6913368,5.124802428571399
Z-LCO,0.6916728000000001,5.140702428571399
Z-LCO,0.6920087999999999,5.209452428571399
Z-LCO,0.6923448,5.288792428571399
Z-LCO,0.6926808000000001,5.209582428571399
Z-LCO,0.6930048,5.785582428571399
Z-LCO,0.6933408,5.431622428571399
Z-LCO,0.6936767999999999,4.982542428571398
Z-LCO,0.6940128,5.304902428571399
Z-LCO,0.6943488,5.363102428571398
Z-LCO,0.6946727999999999,5.516382428571399
Z-LCO,0.6950088,4.908772428571399
Z-LCO,0.6953448,5.505912428571399
Z-LCO,0.6956807999999999,5.468982428571398
Z-LCO,0.6960168,5.537722428571398
Z-LCO,0.6963408000000001,5.669872428571399
Z-LCO,0.6966767999999999,5.453272428571399
Z-LCO,0.6970128,5.553722428571398
Z-LCO,0.6973488000000001,5.527352428571398
Z-LCO,0.6976847999999999,5.564412428571399
Z-LCO,0.6980088,5.601442428571398
Z-LCO,0.6983447999999999,5.5539324285713985
Z-LCO,0.6986807999999999,5.633232428571398
Z-LCO,0.6990168,5.427222428571398
Z-LCO,0.6993407999999999,5.918672428571399
Z-LCO,0.6996768,5.543552428571399
Z-LCO,0.7000128,5.400932428571399
Z-LCO,0.7003487999999999,5.5542124285713985
Z-LCO,0.7006848,5.221362428571399
Z-LCO,0.7010088000000001,5.7234124285713985
Z-LCO,0.7013447999999999,5.284912428571399
Z-LCO,0.7016808,5.247962428571399
Z-LCO,0.7020168,5.4752424285713985
Z-LCO,0.7023527999999999,4.8465124285713985
Z-LCO,0.7026768,5.6655824285713985
Z-LCO,0.7030128000000001,5.110802428571398
Z-LCO,0.7033487999999999,5.327492428571399
Z-LCO,0.7036848,5.343402428571399
Z-LCO,0.7040208000000001,5.274752428571399
Z-LCO,0.7043448,5.195532428571399
Z-LCO,0.7046808,4.978962428571399
Z-LCO,0.7050167999999999,5.174502428571399
Z-LCO,0.7053527999999999,5.105862428571399
Z-LCO,0.7056888,4.773022428571399
Z-LCO,0.7060127999999999,5.179952428571399
Z-LCO,0.7063488,5.153572428571398
Z-LCO,0.7066848,4.958132428571399
Z-LCO,0.7070207999999999,4.974032428571399
Z-LCO,0.7073448,5.285832428571399
Z-LCO,0.7076808000000001,5.026962428571399
Z-LCO,0.7080167999999999,5.2331024285713985
Z-LCO,0.7083528,5.132772428571399
Z-LCO,0.7086888,5.264922428571399
Z-LCO,0.7090127999999999,5.2808224285713985
Z-LCO,0.7093488,5.751162428571399
Z-LCO,0.7096847999999999,5.587412428571398
Z-LCO,0.7100207999999999,5.561032428571399
Z-LCO,0.7103568,5.502982428571399
Z-LCO,0.7106807999999999,5.635132428571398
Z-LCO,0.7110168,5.629892428571399
Z-LCO,0.7113528,5.7831924285713985
Z-LCO,0.7116887999999999,5.725122428571399
Z-LCO,0.7120247999999999,5.719912428571399
Z-LCO,0.7123488,5.693562428571399
Z-LCO,0.7126847999999999,5.910262428571399
Z-LCO,0.7130208,5.905052428571398
Z-LCO,0.7133568,5.857572428571399
Z-LCO,0.7136927999999999,5.820632428571399
Z-LCO,0.7140168,5.466682428571398
Z-LCO,0.7143528000000001,5.905332428571398
Z-LCO,0.7146887999999999,5.826122428571399
Z-LCO,0.7150248,5.768052428571399
Z-LCO,0.7153608,5.741702428571399
Z-LCO,0.7156847999999999,5.461712428571399
Z-LCO,0.7160208,6.418182428571399
Z-LCO,0.7163567999999999,5.810582428571399
Z-LCO,0.7166927999999999,5.963882428571399
Z-LCO,0.7170288,6.032632428571398
Z-LCO,0.7173527999999999,5.7632024285713985
Z-LCO,0.7176888,5.694572428571399
Z-LCO,0.7180248,5.773912428571399
Z-LCO,0.7183607999999999,6.254812428571399
Z-LCO,0.7186967999999999,5.900842428571399
Z-LCO,0.7190208,6.381742428571399
Z-LCO,0.7193567999999999,5.404282428571399
Z-LCO,0.7196928,5.927462428571399
Z-LCO,0.7200288,5.753182428571399
Z-LCO,0.7203527999999999,5.800792428571398
Z-LCO,0.7206888,5.901262428571399
Z-LCO,0.7210247999999999,5.832622428571399
Z-LCO,0.7213607999999999,5.732302428571399
Z-LCO,0.7216968,5.420612428571399
Z-LCO,0.7220207999999999,5.901542428571399
Z-LCO,0.7223567999999999,5.917462428571399
Z-LCO,0.7226928,5.6797524285713985
Z-LCO,0.7230287999999999,5.695672428571399
Z-LCO,0.7233647999999999,5.362882428571399
Z-LCO,0.7236888,5.727562428571399
Z-LCO,0.7240247999999999,5.806922428571399
Z-LCO,0.7243608,6.055342428571398
Z-LCO,0.7246968,5.637982428571399
Z-LCO,0.7250327999999999,5.601092428571398
Z-LCO,0.7253568,5.944622428571399
Z-LCO,0.7256927999999998,5.823172428571398
Z-LCO,0.7260287999999999,5.279002428571399
Z-LCO,0.7263648,5.548562428571399
Z-LCO,0.7266887999999999,5.564492428571398
Z-LCO,0.7270247999999999,5.717822428571399
Z-LCO,0.7273608,5.628082428571399
Z-LCO,0.7276967999999999,5.548922428571399
Z-LCO,0.7280327999999999,5.628272428571399
Z-LCO,0.7283568,5.9295424285713985
Z-LCO,0.7286927999999999,5.639012428571399
Z-LCO,0.7290287999999999,5.633812428571399
Z-LCO,0.7293648,5.512392428571399
Z-LCO,0.7297007999999999,5.898202428571398
Z-LCO,0.7300248,5.8190624285713985
Z-LCO,0.7303608,5.623652428571399
Z-LCO,0.7306967999999999,5.924952428571399
Z-LCO,0.7310328,5.8035324285713985
Z-LCO,0.7313688,5.861782428571399
Z-LCO,0.7316927999999999,5.856592428571399
Z-LCO,0.7320288,6.052192428571399
Z-LCO,0.7323647999999998,6.0470324285713986
Z-LCO,0.7327007999999999,5.967872428571399
Z-LCO,0.7330368,5.8675824285713984
Z-LCO,0.7333607999999999,5.883552428571399
Z-LCO,0.7336967999999999,5.814972428571399
Z-LCO,0.7340328,5.873222428571399
Z-LCO,0.7343687999999999,6.163932428571399
Z-LCO,0.7347047999999999,6.116492428571399
Z-LCO,0.7350288,5.741452428571399
Z-LCO,0.7353647999999999,5.9370724285713985
Z-LCO,0.7357007999999999,6.248942428571398
Z-LCO,0.7360368,6.042972428571399
Z-LCO,0.7363727999999999,6.238622428571398
Z-LCO,0.7366968,6.000952428571399
Z-LCO,0.7370327999999998,5.879572428571398
Z-LCO,0.7373687999999999,5.620792428571399
Z-LCO,0.7377048,5.816442428571399
Z-LCO,0.7380407999999998,5.969802428571398
Z-LCO,0.7383647999999999,5.922392428571399
Z-LCO,0.7387008,6.139182428571399
Z-LCO,0.7390367999999998,5.447102428571399
Z-LCO,0.7393727999999999,5.737852428571399
Z-LCO,0.7397088,5.542472428571399
Z-LCO,0.7400327999999999,5.495042428571399
Z-LCO,0.7403687999999999,5.4370724285713985
Z-LCO,0.7407048,5.157152428571399
Z-LCO,0.7410407999999999,5.310522428571399
Z-LCO,0.7413648,5.252532428571398
Z-LCO,0.7417008,5.131162428571399
Z-LCO,0.7420367999999999,5.569872428571399
Z-LCO,0.7423727999999999,5.395642428571398
Z-LCO,0.7427088000000001,5.601852428571399
Z-LCO,0.7430327999999999,5.427652428571399
Z-LCO,0.7433688,5.602172428571399
Z-LCO,0.7437047999999998,5.755542428571399
Z-LCO,0.7440408,5.9195224285713985
Z-LCO,0.7443768000000001,6.094042428571399
Z-LCO,0.7447007999999999,5.993802428571398
Z-LCO,0.7450367999999999,6.104922428571399
Z-LCO,0.7453728000000001,6.025842428571399
Z-LCO,0.7457087999999998,6.316632428571399
Z-LCO,0.7460448,6.100152428571398
Z-LCO,0.7463688,6.137302428571399
Z-LCO,0.7467048,6.322422428571398
Z-LCO,0.7470408,6.201062428571399
Z-LCO,0.7473768000000001,6.354462428571399
Z-LCO,0.7477128,6.8989024285713985
Z-LCO,0.7480368000000001,6.407682428571398
Z-LCO,0.7483727999999998,6.973262428571399
Z-LCO,0.7487088,6.693412428571399
Z-LCO,0.7490448,6.455802428571399
Z-LCO,0.7493807999999998,7.000222428571399
Z-LCO,0.7497048,6.487862428571399
Z-LCO,0.7500408000000001,6.778662428571399
Z-LCO,0.7503767999999998,6.932072428571399
Z-LCO,0.7507128,6.810752428571399
Z-LCO,0.7510488000000001,6.573162428571399
Z-LCO,0.7513728,6.663182428571399
Z-LCO,0.7517088,6.647512428571399
Z-LCO,0.7520448000000001,6.896082428571399
Z-LCO,0.7523807999999998,6.542242428571399
Z-LCO,0.7527048,6.674542428571399
Z-LCO,0.7530407999999998,6.532072428571398
Z-LCO,0.7533768,6.505852428571399
Z-LCO,0.7537128,6.310572428571399
Z-LCO,0.7540488000000001,6.7176424285713985
Z-LCO,0.7543728,5.993972428571399
Z-LCO,0.7547088000000001,6.358792428571399
Z-LCO,0.7550447999999998,6.628482428571399
Z-LCO,0.7553808,6.232432428571399
Z-LCO,0.7557168,6.364772428571399
Z-LCO,0.7560407999999998,5.915872428571399
Z-LCO,0.7563768,6.111592428571399
Z-LCO,0.7567128000000001,6.021982428571398
Z-LCO,0.7570487999999999,6.006362428571399
Z-LCO,0.7573848,6.191532428571398
Z-LCO,0.7577088000000001,5.858882428571398
Z-LCO,0.7580448,6.054622428571399
Z-LCO,0.7583808,5.986192428571399
Z-LCO,0.7587168000000001,5.8860224285713985
Z-LCO,0.7590527999999999,5.785862428571399
Z-LCO,0.7593768,5.981612428571399
Z-LCO,0.7597127999999999,5.913182428571399
Z-LCO,0.7600488,5.6228124285713985
Z-LCO,0.7603848,5.850272428571399
Z-LCO,0.7607207999999999,5.929782428571399
Z-LCO,0.7610448,6.178372428571398
Z-LCO,0.7613808000000001,6.014842428571399
Z-LCO,0.7617167999999999,5.978112428571399
Z-LCO,0.7620528,5.772292428571399
Z-LCO,0.7623768000000001,5.894082428571399
Z-LCO,0.7627127999999999,6.026452428571399
Z-LCO,0.7630488,6.042582428571399
Z-LCO,0.7633848000000001,6.174952428571399
Z-LCO,0.7637207999999999,6.074832428571399
Z-LCO,0.7640448,6.439712428571399
Z-LCO,0.7643807999999999,6.276192428571399
Z-LCO,0.7647168,6.429702428571399
Z-LCO,0.7650528,5.959732428571399
Z-LCO,0.7653888000000001,6.018142428571399
Z-LCO,0.7657128,6.4781524285713985
Z-LCO,0.7660488,5.891942428571399
Z-LCO,0.7663847999999999,5.929232428571399
Z-LCO,0.7667208,6.199032428571399
Z-LCO,0.7670568,6.1940624285713985
Z-LCO,0.7673807999999999,6.442722428571399
Z-LCO,0.7677168,6.437742428571399
Z-LCO,0.7680528000000001,6.7075524285713986
Z-LCO,0.7683887999999999,6.586322428571399
Z-LCO,0.7687248,6.687032428571399
Z-LCO,0.7690488000000001,6.502422428571399
Z-LCO,0.7693847999999999,6.603132428571399
Z-LCO,0.7697208,6.534752428571399
Z-LCO,0.7700568000000001,6.667182428571399
Z-LCO,0.7703927999999999,6.514302428571399
Z-LCO,0.7707168,6.5304924285713986
Z-LCO,0.7710527999999999,6.293062428571399
Z-LCO,0.7713888,6.425502428571399
Z-LCO,0.7717248,6.515672428571399
Z-LCO,0.7720607999999999,6.6904024285713986
Z-LCO,0.7723848,6.843972428571399
Z-LCO,0.7727208,6.564262428571399
Z-LCO,0.7730567999999999,6.443082428571399
Z-LCO,0.7733928,6.343052428571399
Z-LCO,0.7737288,6.496632428571399
Z-LCO,0.7740527999999999,6.396582428571399
Z-LCO,0.7743888,6.370542428571399
Z-LCO,0.7747248000000001,6.4501624285713985
Z-LCO,0.7750607999999999,6.487522428571399
Z-LCO,0.7753968,6.5248624285713985
Z-LCO,0.7757207999999999,6.498812428571399
Z-LCO,0.7760567999999999,6.4199224285713985
Z-LCO,0.7763928,6.098002428571399
Z-LCO,0.7767287999999999,6.3678624285713985
Z-LCO,0.7770528,6.468632428571398
Z-LCO,0.7773888,6.284092428571399
Z-LCO,0.7777247999999999,6.828742428571399
Z-LCO,0.7780608,6.549082428571399
Z-LCO,0.7783968,6.607622428571399
Z-LCO,0.7787207999999999,6.465352428571399
Z-LCO,0.7790568,6.5239024285713985
Z-LCO,0.7793928,6.635282428571399
Z-LCO,0.7797287999999999,6.577562428571399
Z-LCO,0.7800648,6.551572428571399
Z-LCO,0.7803888000000001,6.800332428571399
Z-LCO,0.7807247999999999,6.647502428571399
Z-LCO,0.7810608,6.663772428571399
Z-LCO,0.7813968000000001,6.521522428571399
Z-LCO,0.7817327999999999,6.770282428571399
Z-LCO,0.7820568,6.554092428571399
Z-LCO,0.7823927999999999,6.760592428571399
Z-LCO,0.7827287999999999,6.586662428571399
Z-LCO,0.7830648,6.676942428571399
Z-LCO,0.7834007999999999,6.8728824285713985
Z-LCO,0.7837248,6.889202428571399
Z-LCO,0.7840608,6.926662428571399
Z-LCO,0.7843967999999999,6.668192428571398
Z-LCO,0.7847328,7.329132428571398
Z-LCO,0.7850688,6.563422428571399
Z-LCO,0.7853927999999999,7.1821224285713985
Z-LCO,0.7857288,6.596062428571399
Z-LCO,0.7860648,6.496152428571399
Z-LCO,0.7864007999999999,6.533612428571399
Z-LCO,0.7867368,6.782452428571399
Z-LCO,0.7870607999999999,6.587412428571399
Z-LCO,0.7873967999999999,6.698852428571399
Z-LCO,0.7877328,6.461582428571399
Z-LCO,0.7880687999999999,6.752682428571399
Z-LCO,0.7883928,6.198352428571399
Z-LCO,0.7887288,6.669112428571399
Z-LCO,0.7890647999999999,6.685482428571399
Z-LCO,0.7894007999999999,6.522182428571399
Z-LCO,0.7897368,6.4011524285713985
Z-LCO,0.7900607999999999,6.438662428571399
Z-LCO,0.7903968,6.571282428571399
Z-LCO,0.7907328,6.196642428571399
Z-LCO,0.7910687999999999,6.371532428571399
Z-LCO,0.7914048,6.092002428571399
Z-LCO,0.7917287999999999,6.362012428571399
Z-LCO,0.7920647999999999,6.420662428571399
Z-LCO,0.7924008,6.120022428571398
Z-LCO,0.7927368,6.6119724285713986
Z-LCO,0.7930727999999999,6.374722428571399
Z-LCO,0.7933968,6.5073624285713985
Z-LCO,0.7937327999999999,6.481492428571399
Z-LCO,0.7940687999999999,6.635292428571399
Z-LCO,0.7944048,6.472042428571399
Z-LCO,0.7947287999999999,6.1819824285713985
Z-LCO,0.7950648,6.621102428571399
Z-LCO,0.7954008,6.447322428571399
Z-LCO,0.7957367999999999,6.421472428571398
Z-LCO,0.7960727999999999,6.7760824285713985
Z-LCO,0.7963968,6.591712428571399
Z-LCO,0.7967327999999999,6.449622428571399
Z-LCO,0.7970688,6.719692428571399
Z-LCO,0.7974048,6.841802428571398
Z-LCO,0.7977407999999999,6.350982428571399
Z-LCO,0.7980648,6.578812428571399
Z-LCO,0.7984007999999999,6.848892428571399
Z-LCO,0.7987367999999999,7.192952428571399
Z-LCO,0.7990728,6.924092428571399
Z-LCO,0.7994087999999998,6.940572428571398
Z-LCO,0.7997327999999999,6.819662428571399
Z-LCO,0.8000688,6.888972428571399
Z-LCO,0.8004047999999999,6.884322428571399
Z-LCO,0.8007407999999999,6.9219624285713985
Z-LCO,0.8010768,6.769352428571398
Z-LCO,0.8014007999999999,6.902082428571399
Z-LCO,0.8017368,6.717802428571399
Z-LCO,0.8020728,6.501792428571399
Z-LCO,0.8024087999999999,7.088962428571399
Z-LCO,0.8027328,7.0209224285713985
Z-LCO,0.8030687999999998,7.037422428571399
Z-LCO,0.8034047999999999,7.117362428571399
Z-LCO,0.8037408,7.070462428571399
Z-LCO,0.8040767999999998,6.949602428571399
Z-LCO,0.8044007999999999,7.0083924285713985
Z-LCO,0.8047368,7.352512428571399
Z-LCO,0.8050727999999999,7.506422428571399
Z-LCO,0.8054087999999999,6.846632428571398
Z-LCO,0.8057448,6.958282428571399
Z-LCO,0.8060687999999999,7.017112428571399
Z-LCO,0.8064047999999999,6.642642428571399
Z-LCO,0.8067408,7.261562428571398
Z-LCO,0.8070767999999999,7.373222428571399
Z-LCO,0.8074127999999999,6.787412428571399
Z-LCO,0.8077368,7.385232428571399
Z-LCO,0.8080727999999999,6.915662428571399
Z-LCO,0.8084088,7.576902428571399
Z-LCO,0.8087448,7.043942428571398
Z-LCO,0.8090687999999999,7.377562428571399
Z-LCO,0.8094048,7.394142428571399
Z-LCO,0.8097407999999998,7.600952428571398
Z-LCO,0.8100767999999999,7.543572428571399
Z-LCO,0.8104128,7.560182428571399
Z-LCO,0.8107367999999999,7.460532428571399
Z-LCO,0.8110727999999999,7.751902428571398
Z-LCO,0.8114088,7.536012428571398
Z-LCO,0.8117447999999999,8.017612428571399
Z-LCO,0.8120807999999999,7.368452428571398
Z-LCO,0.8124048,7.680992428571399
Z-LCO,0.8127407999999999,7.676512428571399
Z-LCO,0.8130767999999999,8.126442428571398
Z-LCO,0.8134128,7.868322428571399
Z-LCO,0.8137487999999999,7.7264624285713985
Z-LCO,0.8140728,8.017862428571398
Z-LCO,0.8144087999999998,7.897132428571399
Z-LCO,0.8147447999999999,8.209682428571398
Z-LCO,0.8150808,7.835332428571399
Z-LCO,0.8154047999999999,7.904832428571399
Z-LCO,0.8157407999999999,7.900372428571399
Z-LCO,0.8160768,7.864202428571399
Z-LCO,0.8164127999999998,7.933722428571398
Z-LCO,0.8167487999999999,7.950392428571399
Z-LCO,0.8170728,7.988222428571399
Z-LCO,0.8174087999999999,7.730162428571399
Z-LCO,0.8177447999999999,7.810262428571399
Z-LCO,0.8180808,7.826982428571399
Z-LCO,0.8184167999999999,7.494952428571398
Z-LCO,0.8187408,7.585642428571399
Z-LCO,0.8190767999999998,7.602362428571398
Z-LCO,0.8194127999999999,7.111812428571399
Z-LCO,0.8197487999999999,7.6992024285713985
Z-LCO,0.8200848000000001,7.578572428571398
Z-LCO,0.8204087999999999,7.711562428571399
Z-LCO,0.8207448,7.612062428571399
Z-LCO,0.8210807999999998,7.745052428571398
Z-LCO,0.8214168,7.117162428571399
Z-LCO,0.8217528000000001,7.303002428571398
Z-LCO,0.8220767999999999,7.150662428571399
Z-LCO,0.8224127999999999,7.537302428571399
Z-LCO,0.8227488000000001,7.596332428571399
Z-LCO,0.8230847999999998,7.084722428571399
Z-LCO,0.8234087999999999,7.238892428571399
Z-LCO,0.8237448,7.287372428571398
Z-LCO,0.8240808,7.071682428571399
Z-LCO,0.8244168,7.384372428571399
Z-LCO,0.8247528000000001,7.263782428571399
Z-LCO,0.8250767999999999,6.984662428571399
Z-LCO,0.8254128000000001,7.0437724285713985
Z-LCO,0.8257487999999998,7.1556824285713985
Z-LCO,0.8260848,7.521232428571398
Z-LCO,0.8264208,7.284422428571399
Z-LCO,0.8267447999999998,7.322402428571399
Z-LCO,0.8270808,7.222982428571399
Z-LCO,0.8274168000000001,7.0284524285713985
Z-LCO,0.8277527999999998,7.066442428571399
Z-LCO,0.8280888,7.083292428571399
Z-LCO,0.8284128000000001,6.730292428571399
Z-LCO,0.8287488,7.1910124285713986
Z-LCO,0.8290848,7.271282428571398
Z-LCO,0.8294208000000001,7.245902428571399
Z-LCO,0.8297567999999999,7.336762428571399
Z-LCO,0.8300808,7.068302428571399
Z-LCO,0.8304167999999998,7.296562428571399
Z-LCO,0.8307528,7.3345724285713985
Z-LCO,0.8310888,7.214072428571399
Z-LCO,0.8314247999999999,7.579712428571399
Z-LCO,0.8317488,7.321832428571399
Z-LCO,0.8320848000000001,7.423282428571399
Z-LCO,0.8324207999999998,7.165422428571398
Z-LCO,0.8327568,7.4571324285713985
Z-LCO,0.8330808000000001,7.3155224285713985
Z-LCO,0.8334167999999998,7.448692428571398
Z-LCO,0.8337528,7.603032428571399
Z-LCO,0.8340888000000001,7.461442428571399
Z-LCO,0.8344247999999999,7.774282428571398
Z-LCO,0.8347488,7.262842428571399
Z-LCO,0.8350848000000001,7.258672428571399
Z-LCO,0.8354208,7.529282428571399
Z-LCO,0.8357568,7.588502428571399
Z-LCO,0.8360928000000001,7.013692428571399
Z-LCO,0.8364168,7.326572428571399
Z-LCO,0.8367528,7.438652428571398
Z-LCO,0.8370887999999999,7.170322428571399
Z-LCO,0.8374248,7.081632428571399
Z-LCO,0.8377608,7.278302428571399
Z-LCO,0.8380847999999999,7.062812428571399
Z-LCO,0.8384208,7.058692428571399
Z-LCO,0.8387568000000001,6.917182428571399
Z-LCO,0.8390927999999999,6.817952428571399
Z-LCO,0.8394288,6.877242428571399
Z-LCO,0.8397528000000001,7.147902428571399
Z-LCO,0.8400887999999999,6.499142428571399
Z-LCO,0.8404248,6.907192428571399
Z-LCO,0.8407608000000001,6.945392428571399
Z-LCO,0.8410848,6.867332428571399
Z-LCO,0.8414208,6.778722428571399
Z-LCO,0.8417567999999999,7.112822428571398
Z-LCO,0.8420928,6.950222428571399
Z-LCO,0.8424288,7.379442428571399
Z-LCO,0.8427527999999999,6.815272428571399
Z-LCO,0.8430888,7.064852428571399
Z-LCO,0.8434248,7.335572428571399
Z-LCO,0.8437607999999999,6.686882428571399
Z-LCO,0.8440968,6.661702428571399
Z-LCO,0.8444208000000001,6.900752428571399
Z-LCO,0.8447567999999999,6.917862428571398
Z-LCO,0.8450928,6.818732428571399
Z-LCO,0.8454288000000001,7.068342428571398
Z-LCO,0.8457528,6.694452428571399
Z-LCO,0.8460888,6.648172428571399
Z-LCO,0.8464247999999999,6.9823524285713985
Z-LCO,0.8467607999999999,6.798702428571399
Z-LCO,0.8470968,7.016642428571399
Z-LCO,0.8474207999999999,7.245152428571399
Z-LCO,0.8477568,6.638822428571399
Z-LCO,0.8480928,6.930752428571399
Z-LCO,0.8484287999999999,6.7365524285713985
Z-LCO,0.8487648,6.965102428571399
Z-LCO,0.8490888000000001,7.140772428571399
Z-LCO,0.8494247999999999,6.650702428571399
Z-LCO,0.8497608,6.921492428571399
Z-LCO,0.8500968,6.642782428571399
Z-LCO,0.8504327999999999,6.638842428571399
Z-LCO,0.8507568,6.973052428571399
Z-LCO,0.8510928000000001,7.0853224285713985
Z-LCO,0.8514287999999999,6.986252428571399
Z-LCO,0.8517648,6.802602428571399
Z-LCO,0.8521008000000001,6.629512428571399
Z-LCO,0.8524248,6.7417824285713985
Z-LCO,0.8527608,6.706062428571399
Z-LCO,0.8530967999999999,6.247622428571399
Z-LCO,0.8534327999999999,6.402122428571399
Z-LCO,0.8537688,6.789102428571399
Z-LCO,0.8540927999999999,6.8061824285713985
Z-LCO,0.8544288,6.4322624285713985
Z-LCO,0.8547648,6.216822428571399
Z-LCO,0.8551007999999999,6.646022428571399
Z-LCO,0.8554248,6.800432428571399
Z-LCO,0.8557608000000001,6.500422428571399
Z-LCO,0.8560967999999999,6.401192428571399
Z-LCO,0.8564328,6.481592428571399
Z-LCO,0.8567688,6.4351724285713985
Z-LCO,0.8570927999999999,6.219632428571399
Z-LCO,0.8574288,6.257702428571399
Z-LCO,0.8577647999999999,6.200642428571399
Z-LCO,0.8581007999999999,6.016742428571399
Z-LCO,0.8584368,6.5620024285713985
Z-LCO,0.8587607999999999,6.420362428571399
Z-LCO,0.8590968,6.1307424285713985
Z-LCO,0.8594328,6.432912428571399
Z-LCO,0.8597687999999999,6.555392428571398
Z-LCO,0.8601047999999999,6.276242428571399
Z-LCO,0.8604288,6.292992428571399
Z-LCO,0.8607647999999999,6.499932428571399
Z-LCO,0.8611008,6.167892428571399
Z-LCO,0.8614368,6.533282428571399
Z-LCO,0.8617727999999999,6.063772428571399
Z-LCO,0.8620968,6.260022428571399
Z-LCO,0.8624328000000001,6.3505724285713985
Z-LCO,0.8627687999999999,6.346002428571399
Z-LCO,0.8631048,6.288512428571399
Z-LCO,0.8634408,6.231012428571399
Z-LCO,0.8637647999999999,6.247442428571398
Z-LCO,0.8641008,6.179292428571399
Z-LCO,0.8644367999999999,6.311922428571399
Z-LCO,0.8647727999999999,6.159162428571399
Z-LCO,0.8651088,6.429082428571399
Z-LCO,0.8654327999999999,6.519342428571399
Z-LCO,0.8657688,6.535572428571399
Z-LCO,0.8661048,6.456642428571399
Z-LCO,0.8664407999999999,6.219152428571399
Z-LCO,0.8667648,6.583982428571399
Z-LCO,0.8671008,6.071642428571399
Z-LCO,0.8674367999999999,6.4575524285713986
Z-LCO,0.8677728,6.632042428571399
Z-LCO,0.8681088,6.278092428571399
Z-LCO,0.8684327999999999,6.1988724285713985
Z-LCO,0.8687688,6.404952428571399
Z-LCO,0.8691047999999999,6.621552428571398
Z-LCO,0.8694407999999999,6.383672428571399
Z-LCO,0.8697768,6.283132428571399
Z-LCO,0.8701007999999999,6.256522428571399
Z-LCO,0.8704367999999999,6.229872428571399
Z-LCO,0.8707728,6.308842428571399
Z-LCO,0.8711087999999999,6.282072428571398
Z-LCO,0.8714447999999999,6.043892428571398
Z-LCO,0.8717688,5.943042428571399
Z-LCO,0.8721047999999999,5.704752428571399
Z-LCO,0.8724408,5.878562428571398
Z-LCO,0.8727768,5.619032428571399
Z-LCO,0.8731007999999999,5.359452428571399
Z-LCO,0.8734368,5.490842428571399
Z-LCO,0.8737728,5.199442428571399
Z-LCO,0.8741087999999999,5.193352428571399
Z-LCO,0.8744448,4.701062428571399
